playerID,awardID,yearID,lgID
aaronha01,Gold Glove,1958,NL
aaronha01,Gold Glove,1959,NL
aaronha01,Gold Glove,1960,NL
aaronha01,Lou Gehrig Memorial Award,1970,ML
aaronha01,Most Valuable Player,1957,NL
aaronha01,Player of the Week,1973,NL
aaronha01,Player of the Week,1973,NL
aaronha01,Player of the Week,1973,NL
aaronha01,Player of the Week,1974,NL
aaronha01,TSN All-Star,1956,ML
aaronha01,TSN All-Star,1958,ML
aaronha01,TSN All-Star,1959,ML
aaronha01,TSN All-Star,1963,NL
aaronha01,TSN All-Star,1965,NL
aaronha01,TSN All-Star,1967,NL
aaronha01,TSN All-Star,1969,NL
aaronha01,TSN All-Star,1970,NL
aaronha01,TSN All-Star,1971,NL
aaronha01,TSN Player of the Year,1956,NL
aaronha01,TSN Player of the Year,1963,NL
aasedo01,Pitcher of the Month,1986,AL
aasedo01,Player of the Week,1977,AL
abbotji01,Hutch Award,1995,ML
abbotji01,Player of the Week,1993,AL
abbotji01,TSN All-Star,1991,AL
abernte02,TSN Fireman of the Year,1965,NL
abernte02,TSN Fireman of the Year,1967,NL
abramcj01,Player of the Week,2023,NL
abreubo01,Gold Glove,2005,NL
abreubo01,Player of the Month,2005,NL
abreubo01,Player of the Month,2009,AL
abreubo01,Player of the Week,2001,NL
abreubo01,Player of the Week,2004,NL
abreubo01,Player of the Week,2005,NL
abreubo01,Player of the Week,2010,AL
abreubo01,Silver Slugger,2004,NL
abreujo02,All-MLB Team - Second Team,2020,ML
abreujo02,Hank Aaron Award,2020,AL
abreujo02,MLB Players Choice Outstanding Player,2020,AL
abreujo02,MLB Players Choice Outstanding Rookie,2014,AL
abreujo02,Most Valuable Player,2020,AL
abreujo02,Player of the Month,2014,AL
abreujo02,Player of the Month,2014,AL
abreujo02,Player of the Month,2020,AL
abreujo02,Player of the Month,2021,AL
abreujo02,Player of the Week,2014,AL
abreujo02,Player of the Week,2015,AL
abreujo02,Player of the Week,2015,AL
abreujo02,Player of the Week,2017,AL
abreujo02,Player of the Week,2020,AL
abreujo02,Player of the Week,2021,AL
abreujo02,Rookie of the Month,2014,AL
abreujo02,Rookie of the Month,2014,AL
abreujo02,Rookie of the Month,2014,AL
abreujo02,Rookie of the Year,2014,AL
abreujo02,Silver Slugger,2014,AL
abreujo02,Silver Slugger,2018,AL
abreujo02,Silver Slugger,2020,AL
abreujo02,This Year in Baseball Rookie of the Year,2014,ML
abreujo02,TSN All-Star,2020,AL
abreujo02,TSN All-Star,2022,AL
abreujo02,TSN Major League Player of the Year,2020,ML
abreujo02,TSN Rookie of the Year,2014,AL
abreuwi02,Gold Glove,2024,AL
abreuwi02,Gold Glove,2025,AL
acunaro01,All-MLB Team - First Team,2023,ML
acunaro01,All-MLB Team - Second Team,2019,ML
acunaro01,All-MLB Team - Second Team,2020,ML
acunaro01,Comeback Player of the Year,2025,NL
acunaro01,Hank Aaron Award,2023,NL
acunaro01,MLB Players Choice Comeback Player,2022,NL
acunaro01,MLB Players Choice Outstanding Player,2023,NL
acunaro01,MLB Players Choice Outstanding Rookie,2018,NL
acunaro01,MLB Players Choice Player of the Year,2023,ML
acunaro01,Most Valuable Player,2023,NL
acunaro01,Player of the Month,2021,NL
acunaro01,Player of the Month,2023,NL
acunaro01,Player of the Month,2023,NL
acunaro01,Player of the Month,2023,NL
acunaro01,Player of the Week,2018,NL
acunaro01,Player of the Week,2019,NL
acunaro01,Player of the Week,2021,NL
acunaro01,Player of the Week,2023,NL
acunaro01,Player of the Week,2025,NL
acunaro01,Rookie of the Month,2018,NL
acunaro01,Rookie of the Year,2018,NL
acunaro01,Silver Slugger,2019,NL
acunaro01,Silver Slugger,2020,NL
acunaro01,Silver Slugger,2023,NL
acunaro01,TSN All-Star,2018,NL
acunaro01,TSN All-Star,2019,NL
acunaro01,TSN All-Star,2020,NL
acunaro01,TSN All-Star,2023,NL
acunaro01,TSN Major League Player of the Year,2023,ML
acunaro01,TSN Rookie of the Year,2018,NL
adamewi01,Player of the Week,2021,NL
adamewi01,Player of the Week,2022,NL
adamewi01,Player of the Week,2024,NL
adamsba01,Baseball Magazine All-Star,1909,ML
adamsba01,Baseball Magazine All-Star,1909,NL
adelljo01,Player of the Week,2025,AL
affelje01,This Year in Baseball Setup Man of the Year,2009,ML
ageeto01,Gold Glove,1966,AL
ageeto01,Gold Glove,1970,NL
ageeto01,Rookie of the Year,1966,AL
ageeto01,TSN Comeback Player of the Year,1969,NL
ageeto01,TSN Rookie Player of the Year,1966,AL
aguilri01,Pitcher of the Month,1993,AL
ahmedni01,Gold Glove,2018,NL
ahmedni01,Gold Glove,2019,NL
ahmedni01,Player of the Month,2019,NL
ainsmed01,Baseball Magazine All-Star,1912,AL
akerja01,TSN Fireman of the Year,1966,AL
albieoz01,All-MLB Team - Second Team,2021,ML
albieoz01,All-MLB Team - Second Team,2023,ML
albieoz01,Player of the Week,2021,NL
albieoz01,Silver Slugger,2019,NL
albieoz01,Silver Slugger,2021,NL
albieoz01,TSN All-Star,2021,NL
albieoz01,TSN All-Star,2023,NL
alcansa01,All-MLB Team - First Team,2022,ML
alcansa01,Cy Young Award,2022,NL
alcansa01,MLB Players Choice Outstanding Pitcher,2022,NL
alcansa01,Pitcher of the Month,2022,NL
alcansa01,Player of the Week,2022,NL
alcansa01,TSN All-Star,2022,NL
alcansa01,TSN Pitcher of the Year,2022,NL
alexado01,Pitcher of the Month,1984,AL
alexado01,Pitcher of the Month,1987,AL
alexaga01,Player of the Week,1978,AL
alexape01,Baseball Magazine All-Star,1911,ML
alexape01,Baseball Magazine All-Star,1911,NL
alexape01,Baseball Magazine All-Star,1913,NL
alexape01,Baseball Magazine All-Star,1914,ML
alexape01,Baseball Magazine All-Star,1914,NL
alexape01,Baseball Magazine All-Star,1915,ML
alexape01,Baseball Magazine All-Star,1915,NL
alexape01,Baseball Magazine All-Star,1916,ML
alexape01,Baseball Magazine All-Star,1916,NL
alexape01,Baseball Magazine All-Star,1917,ML
alexape01,Baseball Magazine All-Star,1917,NL
alexape01,Baseball Magazine All-Star,1920,ML
alexape01,Baseball Magazine All-Star,1920,NL
alexape01,Baseball Magazine All-Star,1923,ML
alexape01,Baseball Magazine All-Star,1923,NL
alexape01,Baseball Magazine All-Star,1925,NL
alexape01,Baseball Magazine All-Star,1927,NL
alexape01,Pitching Triple Crown,1915,NL
alexape01,Pitching Triple Crown,1916,NL
alexape01,Pitching Triple Crown,1920,NL
alexape01,TSN All-Star,1926,ML
alfonan01,Reliever of the Year Award,2000,NL
alfonan01,TSN Fireman of the Year,2000,NL
alfoned01,Silver Slugger,1999,NL
alfoned01,TSN All-Star,1999,NL
allenco01,Reliever of the Month,2017,AL
allendi01,Most Valuable Player,1972,AL
allendi01,Player of the Week,1974,AL
allendi01,Player of the Week,1974,AL
allendi01,Rookie of the Year,1964,NL
allendi01,TSN All-Star,1972,AL
allendi01,TSN All-Star,1974,AL
allendi01,TSN Player of the Year,1972,AL
allendi01,TSN Rookie Player of the Year,1964,NL
allenjo02,Baseball Magazine All-Star,1936,AL
allenjo02,Baseball Magazine All-Star,1937,AL
allenjo02,Baseball Magazine All-Star,1938,AL
allenjo02,TSN Major League Player of the Year,1937,ML
allenne01,Player of the Week,1980,NL
allenne01,Player of the Week,1981,NL
allenne01,Player of the Week,1983,NL
alleyge01,Gold Glove,1966,NL
alleyge01,Gold Glove,1967,NL
alleyge01,TSN All-Star,1966,NL
alleyge01,TSN All-Star,1967,NL
allisbo01,Rookie of the Year,1959,AL
allisbo01,TSN Rookie of the Year,1959,AL
alomaro01,ALCS MVP,1992,AL
alomaro01,All-Star Game MVP,1998,ML
alomaro01,Gold Glove,1991,AL
alomaro01,Gold Glove,1992,AL
alomaro01,Gold Glove,1993,AL
alomaro01,Gold Glove,1994,AL
alomaro01,Gold Glove,1995,AL
alomaro01,Gold Glove,1996,AL
alomaro01,Gold Glove,1998,AL
alomaro01,Gold Glove,1999,AL
alomaro01,Gold Glove,2000,AL
alomaro01,Gold Glove,2001,AL
alomaro01,Player of the Month,1992,AL
alomaro01,Player of the Week,1992,AL
alomaro01,Player of the Week,1999,AL
alomaro01,Silver Slugger,1992,AL
alomaro01,Silver Slugger,1996,AL
alomaro01,Silver Slugger,1999,AL
alomaro01,Silver Slugger,2000,AL
alomaro01,TSN All-Star,1992,AL
alomaro01,TSN All-Star,1996,AL
alomaro01,TSN All-Star,1998,AL
alomaro01,TSN All-Star,1999,AL
alomaro01,TSN All-Star,2000,AL
alomasa02,All-Star Game MVP,1997,ML
alomasa02,Gold Glove,1990,AL
alomasa02,Player of the Week,1997,AL
alomasa02,Rookie of the Year,1990,AL
alomasa02,TSN Rookie Player of the Year,1990,AL
alonspe01,All-MLB Team - First Team,2019,ML
alonspe01,MLB Players Choice Outstanding Rookie,2019,NL
alonspe01,Player of the Week,2019,NL
alonspe01,Player of the Week,2022,NL
alonspe01,Player of the Week,2023,NL
alonspe01,Player of the Week,2024,NL
alonspe01,Player of the Week,2025,NL
alonspe01,Rookie of the Month,2019,NL
alonspe01,Rookie of the Month,2019,NL
alonspe01,Rookie of the Month,2019,NL
alonspe01,Rookie of the Year,2019,NL
alonspe01,Silver Slugger,2025,NL
alonspe01,TSN All-Star,2025,NL
alonspe01,TSN Rookie of the Year,2019,NL
alonsyo01,Player of the Week,2017,AL
aloufe01,TSN All-Star,1966,NL
alouma01,TSN All-Star,1969,NL
aloumo01,Babe Ruth Award,1997,NL
aloumo01,Player of the Week,1993,NL
aloumo01,Player of the Week,1994,NL
aloumo01,Player of the Week,1998,NL
aloumo01,Player of the Week,2002,NL
aloumo01,Silver Slugger,1994,NL
aloumo01,Silver Slugger,1998,NL
aloumo01,TSN All-Star,1994,NL
aloumo01,TSN All-Star,1998,NL
altuvjo01,ALCS MVP,2019,AL
altuvjo01,All-MLB Team - First Team,2022,ML
altuvjo01,All-MLB Team - Second Team,2019,ML
altuvjo01,All-MLB Team - Second Team,2024,ML
altuvjo01,Babe Ruth Award,2017,ML
altuvjo01,Gold Glove,2015,AL
altuvjo01,Hank Aaron Award,2017,AL
altuvjo01,Lou Gehrig Memorial Award,2016,ML
altuvjo01,Majestic Athletic Always Game Award,2015,ML
altuvjo01,Majestic Athletic Always Game Award,2016,ML
altuvjo01,MLB Players Choice Outstanding Player,2016,AL
altuvjo01,MLB Players Choice Outstanding Player,2017,AL
altuvjo01,MLB Players Choice Player of the Year,2016,ML
altuvjo01,MLB Players Choice Player of the Year,2017,ML
altuvjo01,Most Valuable Player,2017,AL
altuvjo01,Player of the Month,2016,AL
altuvjo01,Player of the Month,2017,AL
altuvjo01,Player of the Week,2015,AL
altuvjo01,Player of the Week,2016,AL
altuvjo01,Player of the Week,2017,AL
altuvjo01,Player of the Week,2023,AL
altuvjo01,Player of the Week,2023,AL
altuvjo01,Silver Slugger,2014,AL
altuvjo01,Silver Slugger,2015,AL
altuvjo01,Silver Slugger,2016,AL
altuvjo01,Silver Slugger,2017,AL
altuvjo01,Silver Slugger,2018,AL
altuvjo01,Silver Slugger,2022,AL
altuvjo01,Silver Slugger,2024,AL
altuvjo01,This Year in Baseball Best Major Leaguer,2017,ML
altuvjo01,This Year in Baseball Best Major Leaguer - Postseason,2017,ML
altuvjo01,This Year in Baseball Breakout Hitter of the Year,2014,ML
altuvjo01,This Year in Baseball Breakout Player of the Year,2014,ML
altuvjo01,TSN All-Star,2016,AL
altuvjo01,TSN All-Star,2017,AL
altuvjo01,TSN All-Star,2018,AL
altuvjo01,TSN All-Star,2024,AL
altuvjo01,TSN Major League Player of the Year,2016,ML
altuvjo01,TSN Major League Player of the Year,2017,ML
alvarfr01,Rookie of the Month,2023,NL
alvarhe01,Player of the Week,2013,NL
alvarpe01,Player of the Week,2010,NL
alvarpe01,Player of the Week,2012,NL
alvarpe01,Player of the Week,2013,NL
alvarpe01,Rookie of the Month,2010,NL
alvarpe01,Silver Slugger,2013,NL
alvarwi01,Pitcher of the Month,1993,AL
alvarwi01,Player of the Week,1991,AL
alvaryo01,ALCS MVP,2021,AL
alvaryo01,All-MLB Team - First Team,2022,ML
alvaryo01,All-MLB Team - Second Team,2019,ML
alvaryo01,All-MLB Team - Second Team,2021,ML
alvaryo01,All-MLB Team - Second Team,2023,ML
alvaryo01,All-MLB Team - Second Team,2024,ML
alvaryo01,MLB Players Choice Outstanding Rookie,2019,AL
alvaryo01,Player of the Month,2022,AL
alvaryo01,Player of the Month,2023,AL
alvaryo01,Player of the Week,2022,AL
alvaryo01,Player of the Week,2022,AL
alvaryo01,Player of the Week,2024,AL
alvaryo01,Rookie of the Month,2019,AL
alvaryo01,Rookie of the Month,2019,AL
alvaryo01,Rookie of the Month,2019,AL
alvaryo01,Rookie of the Year,2019,AL
alvaryo01,Silver Slugger,2022,AL
alvaryo01,TSN All-Star,2022,AL
alvaryo01,TSN All-Star,2024,AL
alvaryo01,TSN Rookie of the Year,2019,AL
amaroru01,Gold Glove,1964,NL
anderbr01,Player of the Week,1996,AL
anderbr02,TSN Rookie Pitcher of the Year,1994,AL
anderbr04,Rookie of the Month,2009,AL
anderco01,Pitcher of the Month,2015,AL
anderga01,All-Star Game MVP,2003,ML
anderga01,Player of the Month,1995,AL
anderga01,Player of the Week,2003,AL
anderga01,Player of the Week,2003,AL
anderga01,Silver Slugger,2002,AL
anderga01,Silver Slugger,2003,AL
anderga01,TSN All-Star,2002,AL
anderga01,TSN All-Star,2003,AL
anderga01,TSN Rookie Player of the Year,1995,AL
anderni01,All-MLB Team - First Team,2020,ML
anderti01,Player of the Month,2019,AL
anderti01,Silver Slugger,2020,AL
anderti01,TSN All-Star,2020,AL
andrero01,Player of the Week,1977,NL
andruel01,This Year in Baseball Defensive Player of the Year,2010,ML
andujjo01,Gold Glove,1984,NL
andujjo01,Pitcher of the Month,1979,NL
andujjo01,Pitcher of the Month,1982,NL
andujjo01,Player of the Week,1976,NL
andujjo01,Player of the Week,1984,NL
andujjo01,Player of the Week,1984,NL
andujjo01,TSN Comeback Player of the Year,1984,NL
andujmi01,MLB Players Choice Outstanding Rookie,2018,AL
andujmi01,Rookie of the Month,2018,AL
andujmi01,Rookie of the Month,2018,AL
andujmi01,TSN Rookie of the Year,2018,AL
ankieri01,TSN Rookie Pitcher of the Year,2000,NL
antonjo02,TSN All-Star,1954,ML
antonjo02,TSN All-Star,1959,ML
antonjo02,TSN Pitcher of the Year,1954,NL
aparilu01,Gold Glove,1958,AL
aparilu01,Gold Glove,1959,AL
aparilu01,Gold Glove,1960,AL
aparilu01,Gold Glove,1961,AL
aparilu01,Gold Glove,1962,AL
aparilu01,Gold Glove,1964,AL
aparilu01,Gold Glove,1966,AL
aparilu01,Gold Glove,1968,AL
aparilu01,Gold Glove,1970,AL
aparilu01,Rookie of the Year,1956,AL
aparilu01,TSN All-Star,1963,AL
aparilu01,TSN All-Star,1966,AL
aparilu01,TSN All-Star,1968,AL
aparilu01,TSN All-Star,1970,AL
aparilu01,TSN All-Star,1972,AL
aparilu01,TSN Rookie of the Year,1956,AL
appieke01,Pitcher of the Month,1992,AL
appieke01,Pitcher of the Month,1995,AL
appieke01,Player of the Week,1993,AL
appieke01,TSN Rookie Pitcher of the Year,1990,AL
applilu01,Baseball Magazine All-Star,1936,AL
applilu01,Baseball Magazine All-Star,1936,ML
applilu01,Baseball Magazine All-Star,1937,AL
applilu01,Baseball Magazine All-Star,1937,ML
applilu01,Baseball Magazine All-Star,1940,AL
applilu01,Baseball Magazine All-Star,1940,ML
applilu01,Baseball Magazine All-Star,1943,AL
applilu01,TSN All-Star,1936,ML
applilu01,TSN All-Star,1940,ML
applilu01,TSN All-Star,1943,ML
aquinar01,Player of the Month,2019,NL
aquinar01,Player of the Week,2019,NL
aquinar01,Rookie of the Month,2019,NL
archech01,Pitcher of the Month,2013,AL
archech01,Player of the Week,2015,AL
archech01,Rookie of the Month,2013,AL
archech01,This Year in Baseball Best Social Media Personality,2015,ML
archeji01,Baseball Magazine All-Star,1910,ML
archeji01,Baseball Magazine All-Star,1910,NL
archeji01,Baseball Magazine All-Star,1911,NL
archeji01,Baseball Magazine All-Star,1912,ML
archeji01,Baseball Magazine All-Star,1912,NL
archeji01,Baseball Magazine All-Star,1913,ML
archeji01,Baseball Magazine All-Star,1913,NL
archeji01,Baseball Magazine All-Star,1914,ML
archeji01,Baseball Magazine All-Star,1914,NL
arenano01,All-MLB Team - Second Team,2022,ML
arenano01,Gold Glove,2013,NL
arenano01,Gold Glove,2014,NL
arenano01,Gold Glove,2015,NL
arenano01,Gold Glove,2016,NL
arenano01,Gold Glove,2017,NL
arenano01,Gold Glove,2018,NL
arenano01,Gold Glove,2019,NL
arenano01,Gold Glove,2020,NL
arenano01,Gold Glove,2021,NL
arenano01,Gold Glove,2022,NL
arenano01,Majestic Athletic Always Game Award,2017,ML
arenano01,Platinum Glove,2017,NL
arenano01,Platinum Glove,2018,NL
arenano01,Platinum Glove,2019,NL
arenano01,Platinum Glove,2020,NL
arenano01,Platinum Glove,2021,NL
arenano01,Platinum Glove,2022,NL
arenano01,Player of the Month,2015,NL
arenano01,Player of the Month,2017,NL
arenano01,Player of the Month,2022,NL
arenano01,Player of the Month,2022,NL
arenano01,Player of the Week,2014,NL
arenano01,Player of the Week,2015,NL
arenano01,Player of the Week,2016,NL
arenano01,Player of the Week,2017,NL
arenano01,Player of the Week,2018,NL
arenano01,Player of the Week,2019,NL
arenano01,Player of the Week,2022,NL
arenano01,Player of the Week,2022,NL
arenano01,Silver Slugger,2015,NL
arenano01,Silver Slugger,2016,NL
arenano01,Silver Slugger,2017,NL
arenano01,Silver Slugger,2018,NL
arenano01,Silver Slugger,2022,NL
arenano01,This Year in Baseball Best Defensive Player,2017,ML
arenano01,This Year in Baseball Best Play - Offense,2017,ML
arenano01,TSN All-Star,2018,NL
arenano01,TSN All-Star,2022,NL
arencjp01,Player of the Week,2012,AL
armasto01,Player of the Month,1984,AL
armasto01,Player of the Week,1981,AL
armasto01,Player of the Week,1981,AL
armasto01,Player of the Week,1983,AL
armasto01,Player of the Week,1985,AL
armasto01,Player of the Week,1985,AL
armasto01,Silver Slugger,1984,AL
armasto01,TSN All-Star,1981,AL
armasto01,TSN All-Star,1984,AL
armasto01,TSN Player of the Year,1981,AL
armstja01,Pitcher of the Month,1990,NL
arozara01,ALCS MVP,2020,AL
arozara01,Babe Ruth Award,2020,ML
arozara01,Rookie of the Year,2021,AL
arraelu01,Player of the Week,2024,NL
arraelu01,Silver Slugger,2022,AL
arraelu01,Silver Slugger,2023,NL
arrieja01,Cy Young Award,2015,NL
arrieja01,Pitcher of the Month,2015,NL
arrieja01,Pitcher of the Month,2015,NL
arrieja01,Pitcher of the Month,2016,NL
arrieja01,Pitcher of the Month,2017,NL
arrieja01,Player of the Week,2015,NL
arrieja01,Player of the Week,2015,NL
arrieja01,Player of the Week,2015,NL
arrieja01,Player of the Week,2016,NL
arrieja01,Silver Slugger,2016,NL
arrieja01,This Year in Baseball Best Breakout Player,2015,ML
arrieja01,This Year in Baseball Best Pitcher,2015,ML
arrigsp01,Rookie of the Month,2024,AL
arrojro01,TSN Rookie Pitcher of the Year,1998,AL
arroybr01,Gold Glove,2010,NL
arroybr01,Player of the Week,2008,NL
arroylu01,TSN Fireman of the Year,1961,AL
ashburi01,TSN Rookie of the Year,1948,ML
atkinga01,Player of the Week,2006,NL
atkinga01,Player of the Week,2006,NL
atkinga01,Rookie of the Month,2005,NL
aurilri01,Player of the Week,2001,NL
aurilri01,Player of the Week,2003,NL
aurilri01,Silver Slugger,2001,NL
aurilri01,TSN All-Star,2001,NL
ausmubr01,Gold Glove,2001,NL
ausmubr01,Gold Glove,2002,NL
ausmubr01,Gold Glove,2006,NL
averiea01,Baseball Magazine All-Star,1930,AL
averiea01,Baseball Magazine All-Star,1931,AL
averiea01,Baseball Magazine All-Star,1932,AL
averiea01,Baseball Magazine All-Star,1933,AL
averiea01,Baseball Magazine All-Star,1936,AL
averiea01,Baseball Magazine All-Star,1936,ML
averiea01,Baseball Magazine All-Star,1938,AL
averiea01,TSN All-Star,1931,ML
averiea01,TSN All-Star,1932,ML
averiea01,TSN All-Star,1934,ML
averiea01,TSN All-Star,1936,ML
averyst01,NLCS MVP,1991,NL
averyst01,Player of the Week,1991,NL
averyst01,Player of the Week,1993,NL
averyst01,TSN All-Star,1993,NL
avilaal01,Silver Slugger,2011,AL
avilabo01,TSN All-Star,1954,ML
avilemi01,Player of the Week,2008,AL
axforjo01,Reliever of the Month,2011,ML
axforjo01,Reliever of the Year Award,2011,NL
ayalabo01,TSN Player of the Year,1954,AL
aybarer01,Gold Glove,2011,AL
aybarer01,Player of the Week,2011,AL
baderha01,Gold Glove,2021,NL
baderha01,Player of the Week,2021,NL
baergca01,Player of the Week,1993,AL
baergca01,Player of the Week,1993,AL
baergca01,Silver Slugger,1993,AL
baergca01,Silver Slugger,1994,AL
baergca01,TSN All-Star,1993,AL
baergca01,TSN All-Star,1995,AL
baezja01,Gold Glove,2020,NL
baezja01,NLCS MVP,2016,NL
baezja01,Player of the Week,2018,NL
baezja01,Silver Slugger,2018,NL
baezja01,TSN All-Star,2018,NL
bagbyji01,Baseball Magazine All-Star,1920,AL
bagbyji01,Baseball Magazine All-Star,1920,ML
bagbyji02,Baseball Magazine All-Star,1942,AL
bagweje01,Gold Glove,1994,NL
bagweje01,MLB Players Choice Outstanding Player,1994,NL
bagweje01,Most Valuable Player,1994,NL
bagweje01,Player of the Month,1993,NL
bagweje01,Player of the Month,1994,NL
bagweje01,Player of the Month,1994,NL
bagweje01,Player of the Month,1996,NL
bagweje01,Player of the Month,2001,NL
bagweje01,Player of the Week,1993,NL
bagweje01,Player of the Week,1994,NL
bagweje01,Player of the Week,1994,NL
bagweje01,Player of the Week,1994,NL
bagweje01,Player of the Week,1997,NL
bagweje01,Player of the Week,2000,NL
bagweje01,Rookie of the Year,1991,NL
bagweje01,Silver Slugger,1994,NL
bagweje01,Silver Slugger,1997,NL
bagweje01,Silver Slugger,1999,NL
bagweje01,TSN All-Star,1994,NL
bagweje01,TSN All-Star,1996,NL
bagweje01,TSN All-Star,1997,NL
bagweje01,TSN All-Star,1999,NL
bagweje01,TSN Major League Player of the Year,1994,ML
bagweje01,TSN Rookie Player of the Year,1991,NL
bahnsst01,Rookie of the Year,1968,AL
bahnsst01,TSN Rookie Pitcher of the Year,1968,AL
bailean01,Player of the Week,2013,AL
bailean01,Rookie of the Month,2009,AL
bailean01,Rookie of the Year,2009,AL
bailebo01,Player of the Week,1973,NL
baileho02,Player of the Week,2009,NL
baileho02,Player of the Week,2012,NL
baileho02,Player of the Week,2013,NL
bailepa01,Gold Glove,2024,NL
bailepa01,Gold Glove,2025,NL
baineha01,Outstanding DH Award,1987,AL
baineha01,Outstanding DH Award,1988,AL
baineha01,Player of the Week,1982,AL
baineha01,Player of the Week,1983,AL
baineha01,Player of the Week,1984,AL
baineha01,Player of the Week,1991,AL
baineha01,Silver Slugger,1989,AL
baineha01,TSN All-Star,1985,AL
baineha01,TSN All-Star,1988,AL
baineha01,TSN All-Star,1989,AL
bairdo01,Player of the Week,1978,NL
bakerdu01,Gold Glove,1981,NL
bakerdu01,NLCS MVP,1977,NL
bakerdu01,Player of the Month,1980,NL
bakerdu01,Player of the Month,1983,NL
bakerdu01,Player of the Week,1979,NL
bakerdu01,Player of the Week,1982,NL
bakerdu01,Player of the Week,1983,NL
bakerdu01,Silver Slugger,1980,NL
bakerdu01,Silver Slugger,1981,NL
bakerdu01,TSN All-Star,1980,NL
bakerfr01,Baseball Magazine All-Star,1911,AL
bakerfr01,Baseball Magazine All-Star,1911,ML
bakerfr01,Baseball Magazine All-Star,1913,AL
bakerfr01,Baseball Magazine All-Star,1913,ML
bakerfr01,Baseball Magazine All-Star,1914,AL
bakerfr01,Baseball Magazine All-Star,1914,ML
bakerfr01,Baseball Magazine All-Star,1918,AL
bakerje03,Player of the Week,2008,NL
balbost01,Player of the Week,1985,AL
baldero01,Rookie of the Month,2003,AL
baldero01,Rookie of the Month,2003,AL
baldwdr01,Rookie of the Year,2025,NL
baldwja01,Pitcher of the Month,2000,AL
baldwja01,TSN Rookie Pitcher of the Year,1996,AL
ballaje01,Pitcher of the Month,1989,AL
bancrda01,Baseball Magazine All-Star,1915,ML
bancrda01,Baseball Magazine All-Star,1915,NL
bancrda01,Baseball Magazine All-Star,1921,ML
bancrda01,Baseball Magazine All-Star,1921,NL
bancrda01,Baseball Magazine All-Star,1923,ML
bancrda01,Baseball Magazine All-Star,1923,NL
bancrda01,Baseball Magazine All-Star,1926,ML
bancrda01,Baseball Magazine All-Star,1926,NL
bandosa01,Player of the Week,1976,AL
bandosa01,TSN All-Star,1973,AL
bandosa01,TSN All-Star,1974,AL
bankser01,Gold Glove,1960,NL
bankser01,Lou Gehrig Memorial Award,1967,ML
bankser01,Most Valuable Player,1958,NL
bankser01,Most Valuable Player,1959,NL
bankser01,TSN All-Star,1955,ML
bankser01,TSN All-Star,1958,ML
bankser01,TSN All-Star,1959,ML
bankser01,TSN All-Star,1960,ML
bankser01,TSN Player of the Year,1958,NL
bankser01,TSN Player of the Year,1959,NL
bannibr01,Player of the Week,2008,AL
bannibr01,Rookie of the Month,2007,AL
bannibr01,Rookie of the Month,2007,AL
bardda01,MLB Players Choice Comeback Player,2020,NL
bardda01,TSN Comeback Player of the Year,2020,NL
bardebr01,Rookie of the Month,2009,NL
barfije01,Gold Glove,1986,AL
barfije01,Gold Glove,1987,AL
barfije01,Player of the Week,1983,AL
barfije01,Silver Slugger,1986,AL
barfijo02,Rookie of the Month,2006,NL
barkele01,Player of the Week,1979,AL
barkele01,Player of the Week,1981,AL
barmecl01,Rookie of the Month,2005,NL
barneda01,Gold Glove,2012,NL
barneda01,Rookie of the Month,2011,NL
barneje01,Baseball Magazine All-Star,1919,NL
barnema01,Reliever of the Month,2021,AL
barnhtu01,Gold Glove,2017,NL
barnhtu01,Gold Glove,2020,NL
barojsa01,Player of the Week,1982,AL
barraky01,Reliever of the Month,2018,NL
barrema02,ALCS MVP,1986,AL
barremi01,Player of the Week,2002,NL
barremi01,Silver Slugger,2005,NL
barrere01,Baseball Magazine All-Star,1945,NL
barryja01,Baseball Magazine All-Star,1913,AL
barryja01,Baseball Magazine All-Star,1914,AL
bartedi01,Baseball Magazine All-Star,1932,NL
bartedi01,TSN All-Star,1937,ML
bassich01,Pitcher of the Month,2020,AL
basske01,Player of the Month,1986,NL
basske01,Player of the Week,1986,NL
basske01,Player of the Week,1989,NL
bassljo01,Baseball Magazine All-Star,1924,AL
bassljo01,Baseball Magazine All-Star,1924,ML
batisto01,Player of the Week,2004,NL
batteea01,Gold Glove,1960,AL
batteea01,Gold Glove,1961,AL
batteea01,Gold Glove,1962,AL
batteea01,TSN All-Star,1962,AL
batteea01,TSN All-Star,1965,AL
bauertr01,All-MLB Team - First Team,2020,ML
bauertr01,Cy Young Award,2020,NL
bauertr01,MLB Players Choice Outstanding Pitcher,2020,NL
bauertr01,Pitcher of the Month,2020,NL
bauertr01,Player of the Week,2019,AL
bautida01,Player of the Week,2004,NL
bautife01,All-MLB Team - First Team,2023,ML
bautife01,Reliever of the Month,2023,AL
bautife01,Reliever of the Month,2023,AL
bautife01,Reliever of the Month,2023,AL
bautife01,Reliever of the Year Award,2023,AL
bautife01,TSN All-Star,2023,AL
bautife01,TSN Reliever of the Year,2023,AL
bautijo02,Hank Aaron Award,2010,AL
bautijo02,Hank Aaron Award,2011,AL
bautijo02,Player of the Month,2010,AL
bautijo02,Player of the Month,2010,AL
bautijo02,Player of the Month,2011,AL
bautijo02,Player of the Month,2011,AL
bautijo02,Player of the Month,2012,AL
bautijo02,Player of the Week,2010,AL
bautijo02,Player of the Week,2010,AL
bautijo02,Player of the Week,2010,AL
bautijo02,Player of the Week,2011,AL
bautijo02,Silver Slugger,2010,AL
bautijo02,Silver Slugger,2011,AL
bautijo02,Silver Slugger,2014,AL
bautijo02,This Year in Baseball Best Play - Offense,2015,ML
bayja01,MLB Players Choice Outstanding Rookie,2004,NL
bayja01,Player of the Month,2006,NL
bayja01,Player of the Week,2005,NL
bayja01,Player of the Week,2006,NL
bayja01,Player of the Week,2006,NL
bayja01,Player of the Week,2007,NL
bayja01,Player of the Week,2011,NL
bayja01,Rookie of the Month,2004,NL
bayja01,Rookie of the Month,2004,NL
bayja01,Rookie of the Month,2004,NL
bayja01,Rookie of the Year,2004,NL
bayja01,Silver Slugger,2009,AL
bayja01,TSN Rookie of the Year,2004,NL
baylodo01,Most Valuable Player,1979,AL
baylodo01,Outstanding DH Award,1985,AL
baylodo01,Outstanding DH Award,1986,AL
baylodo01,Player of the Month,1979,AL
baylodo01,Player of the Month,1979,AL
baylodo01,Player of the Week,1975,AL
baylodo01,Player of the Week,1976,AL
baylodo01,Player of the Week,1979,AL
baylodo01,Roberto Clemente Award,1985,ML
baylodo01,Silver Slugger,1983,AL
baylodo01,Silver Slugger,1985,AL
baylodo01,Silver Slugger,1986,AL
baylodo01,TSN All-Star,1979,AL
baylodo01,TSN All-Star,1985,AL
baylodo01,TSN All-Star,1986,AL
baylodo01,TSN Player of the Year,1979,AL
beattji01,Pitcher of the Month,1982,AL
beazljo01,Baseball Magazine All-Star,1942,NL
beckegl01,Gold Glove,1968,NL
beckegl01,TSN All-Star,1969,NL
beckegl01,TSN All-Star,1970,NL
beckegl01,TSN All-Star,1971,NL
beckejo02,ALCS MVP,2007,AL
beckejo02,Babe Ruth Award,2003,NL
beckejo02,Player of the Week,2009,AL
beckejo02,Player of the Week,2014,NL
beckejo02,This Year in Baseball Starter of the Year,2007,ML
beckejo02,World Series MVP,2003,ML
beckhgo01,MLB Players Choice Outstanding Rookie,2009,AL
beckhgo01,Rookie of the Month,2009,AL
beckhgo01,TSN Rookie of the Year,2009,AL
beckhti01,Player of the Week,2017,AL
beckhti01,Player of the Week,2019,AL
beckro01,MLB Players Choice Comeback Player,2003,NL
beckro01,Reliever of the Year Award,1994,NL
bedarer01,Pitcher of the Month,2007,AL
bednada01,Reliever of the Month,2022,NL
bednada01,Reliever of the Month,2025,NL
bedrost01,Cy Young Award,1987,NL
bedrost01,Pitcher of the Month,1987,NL
bedrost01,Player of the Week,1987,NL
bedrost01,Player of the Week,1987,NL
bedrost01,Reliever of the Year Award,1987,NL
bedrost01,TSN Fireman of the Year,1987,NL
bedrost01,TSN Rookie Pitcher of the Year,1982,NL
belanma01,Gold Glove,1969,AL
belanma01,Gold Glove,1971,AL
belanma01,Gold Glove,1973,AL
belanma01,Gold Glove,1974,AL
belanma01,Gold Glove,1975,AL
belanma01,Gold Glove,1976,AL
belanma01,Gold Glove,1977,AL
belanma01,Gold Glove,1978,AL
belanma01,MLB Players Curt Flood Award,2021,ML
belanma01,TSN All-Star,1976,AL
belchti01,Pitcher of the Month,1989,NL
belchti01,Player of the Week,1989,NL
belchti01,TSN Rookie Pitcher of the Year,1988,NL
bellbu01,Gold Glove,1979,AL
bellbu01,Gold Glove,1980,AL
bellbu01,Gold Glove,1981,AL
bellbu01,Gold Glove,1982,AL
bellbu01,Gold Glove,1983,AL
bellbu01,Gold Glove,1984,AL
bellbu01,Lou Gehrig Memorial Award,1988,ML
bellbu01,Player of the Week,1977,AL
bellbu01,Player of the Week,1979,AL
bellbu01,Player of the Week,1980,AL
bellbu01,Player of the Week,1980,AL
bellbu01,Player of the Week,1986,NL
bellbu01,Silver Slugger,1984,AL
bellbu01,TSN All-Star,1981,AL
bellbu01,TSN All-Star,1984,AL
bellde01,Player of the Week,1995,NL
bellde01,Player of the Week,1997,NL
bellde01,Player of the Week,2000,NL
belleal01,MLB Players Choice Outstanding Player,1995,AL
belleal01,Player of the Month,1994,AL
belleal01,Player of the Month,1995,AL
belleal01,Player of the Month,1995,AL
belleal01,Player of the Month,1998,AL
belleal01,Player of the Month,1998,AL
belleal01,Player of the Month,1999,AL
belleal01,Player of the Month,2000,AL
belleal01,Player of the Week,1992,AL
belleal01,Player of the Week,1994,AL
belleal01,Player of the Week,1995,AL
belleal01,Player of the Week,1998,AL
belleal01,Player of the Week,1998,AL
belleal01,Player of the Week,1999,AL
belleal01,Silver Slugger,1993,AL
belleal01,Silver Slugger,1994,AL
belleal01,Silver Slugger,1995,AL
belleal01,Silver Slugger,1996,AL
belleal01,Silver Slugger,1998,AL
belleal01,TSN All-Star,1993,AL
belleal01,TSN All-Star,1994,AL
belleal01,TSN All-Star,1995,AL
belleal01,TSN All-Star,1996,AL
belleal01,TSN All-Star,1998,AL
belleal01,TSN Major League Player of the Year,1995,ML
bellge02,Most Valuable Player,1987,AL
bellge02,Player of the Month,1989,AL
bellge02,Player of the Week,1986,AL
bellge02,Player of the Week,1987,AL
bellge02,Player of the Week,1987,AL
bellge02,Player of the Week,1988,AL
bellge02,Player of the Week,1988,AL
bellge02,Player of the Week,1989,AL
bellge02,Player of the Week,1990,AL
bellge02,Player of the Week,1990,AL
bellge02,Player of the Week,1992,AL
bellge02,Player of the Week,1992,AL
bellge02,Player of the Week,1993,AL
bellge02,Silver Slugger,1985,AL
bellge02,Silver Slugger,1986,AL
bellge02,Silver Slugger,1987,AL
bellge02,TSN All-Star,1986,AL
bellge02,TSN All-Star,1987,AL
bellge02,TSN Major League Player of the Year,1987,ML
bellge02,TSN Player of the Year,1987,AL
bellhe01,Reliever of the Month,2009,ML
bellhe01,Reliever of the Year Award,2009,NL
bellhe01,Reliever of the Year Award,2010,NL
bellhe01,TSN Reliever of the Year,2010,NL
bellico01,All-MLB Team - First Team,2019,ML
bellico01,All-MLB Team - Second Team,2025,ML
bellico01,Comeback Player of the Year,2023,NL
bellico01,Gold Glove,2019,NL
bellico01,MLB Players Choice Comeback Player,2023,NL
bellico01,MLB Players Choice Outstanding Rookie,2017,NL
bellico01,Most Valuable Player,2019,NL
bellico01,NLCS MVP,2018,NL
bellico01,Player of the Month,2019,NL
bellico01,Player of the Month,2023,NL
bellico01,Player of the Week,2017,NL
bellico01,Player of the Week,2017,NL
bellico01,Player of the Week,2019,NL
bellico01,Player of the Week,2022,NL
bellico01,Player of the Week,2025,AL
bellico01,Rookie of the Month,2017,NL
bellico01,Rookie of the Month,2017,NL
bellico01,Rookie of the Year,2017,NL
bellico01,Silver Slugger,2019,NL
bellico01,Silver Slugger,2023,NL
bellico01,TSN All-Star,2019,NL
bellico01,TSN All-Star,2023,NL
bellico01,TSN Comeback Player of the Year,2023,NL
bellico01,TSN Rookie of the Year,2017,NL
bellja01,Gold Glove,1993,NL
bellja01,Player of the Week,1996,NL
bellja01,Player of the Week,1999,NL
bellja01,Silver Slugger,1993,NL
bellja01,TSN All-Star,1993,NL
belljo02,Player of the Month,2019,NL
belljo02,Player of the Week,2019,NL
belljo02,Silver Slugger,2022,NL
beltbr01,Player of the Week,2013,NL
beltbr01,Player of the Week,2018,NL
beltrad01,Gold Glove,2007,AL
beltrad01,Gold Glove,2008,AL
beltrad01,Gold Glove,2011,AL
beltrad01,Gold Glove,2012,AL
beltrad01,Gold Glove,2016,AL
beltrad01,Lou Gehrig Memorial Award,2014,ML
beltrad01,Platinum Glove,2011,AL
beltrad01,Platinum Glove,2012,AL
beltrad01,Player of the Month,2004,NL
beltrad01,Player of the Month,2011,AL
beltrad01,Player of the Month,2012,AL
beltrad01,Player of the Month,2013,AL
beltrad01,Player of the Week,2000,NL
beltrad01,Player of the Week,2004,NL
beltrad01,Player of the Week,2012,AL
beltrad01,Player of the Week,2013,AL
beltrad01,Player of the Week,2015,AL
beltrad01,Player of the Week,2017,AL
beltrad01,Silver Slugger,2004,NL
beltrad01,Silver Slugger,2010,AL
beltrad01,Silver Slugger,2011,AL
beltrad01,Silver Slugger,2014,AL
beltrca01,Gold Glove,2006,NL
beltrca01,Gold Glove,2007,NL
beltrca01,Gold Glove,2008,NL
beltrca01,MLB Players Choice Outstanding Rookie,1999,AL
beltrca01,Player of the Month,2004,AL
beltrca01,Player of the Week,2001,AL
beltrca01,Player of the Week,2002,AL
beltrca01,Player of the Week,2004,AL
beltrca01,Player of the Week,2004,NL
beltrca01,Player of the Week,2006,NL
beltrca01,Player of the Week,2006,NL
beltrca01,Player of the Week,2007,NL
beltrca01,Player of the Week,2007,NL
beltrca01,Player of the Week,2012,NL
beltrca01,Player of the Week,2014,AL
beltrca01,Roberto Clemente Award,2013,ML
beltrca01,Rookie of the Year,1999,AL
beltrca01,Silver Slugger,2006,NL
beltrca01,Silver Slugger,2007,NL
beltrca01,TSN All-Star,2006,NL
beltrca01,TSN Rookie Player of the Year,1999,AL
benchjo01,Babe Ruth Award,1976,NL
benchjo01,Bob Feller Act of Valor Award - HOF Player,2018,ML
benchjo01,Gold Glove,1968,NL
benchjo01,Gold Glove,1969,NL
benchjo01,Gold Glove,1970,NL
benchjo01,Gold Glove,1971,NL
benchjo01,Gold Glove,1972,NL
benchjo01,Gold Glove,1973,NL
benchjo01,Gold Glove,1974,NL
benchjo01,Gold Glove,1975,NL
benchjo01,Gold Glove,1976,NL
benchjo01,Gold Glove,1977,NL
benchjo01,Hutch Award,1981,ML
benchjo01,Lou Gehrig Memorial Award,1975,ML
benchjo01,Most Valuable Player,1970,NL
benchjo01,Most Valuable Player,1972,NL
benchjo01,Player of the Week,1974,NL
benchjo01,Player of the Week,1976,NL
benchjo01,Player of the Week,1983,NL
benchjo01,Rookie of the Year,1968,NL
benchjo01,TSN All-Star,1968,NL
benchjo01,TSN All-Star,1969,NL
benchjo01,TSN All-Star,1970,NL
benchjo01,TSN All-Star,1972,NL
benchjo01,TSN All-Star,1973,NL
benchjo01,TSN All-Star,1974,NL
benchjo01,TSN All-Star,1975,NL
benchjo01,TSN Major League Player of the Year,1970,ML
benchjo01,TSN Player of the Year,1970,NL
benchjo01,TSN Rookie Player of the Year,1968,NL
benchjo01,World Series MVP,1976,ML
bendech01,Baseball Magazine All-Star,1910,AL
bendech01,Baseball Magazine All-Star,1910,ML
bendech01,Baseball Magazine All-Star,1911,AL
benesal01,TSN Rookie Pitcher of the Year,1996,NL
benesan01,Player of the Week,1993,NL
benesan01,TSN Rookie Pitcher of the Year,1989,NL
beninan01,Gold Glove,2021,AL
beninan01,Player of the Week,2021,AL
beninan01,Rookie of the Month,2017,AL
beniqju01,Gold Glove,1977,AL
benitar01,Reliever of the Year Award,2001,NL
benitar01,TSN Reliever of the Year,2001,NL
benjami01,Player of the Week,1995,NL
benoijo01,This Year in Baseball Setup Man of the Year,2010,ML
bensowi01,Player of the Week,2025,NL
bentola01,Baseball Magazine All-Star,1928,ML
bentola01,Baseball Magazine All-Star,1928,NL
berenju01,Player of the Week,1986,NL
bergewa01,Baseball Magazine All-Star,1933,ML
bergewa01,Baseball Magazine All-Star,1933,NL
bergewa01,Baseball Magazine All-Star,1935,ML
bergewa01,Baseball Magazine All-Star,1935,NL
bergewa01,TSN All-Star,1933,ML
berkmla01,Comeback Player of the Year,2011,NL
berkmla01,MLB Players Choice Comeback Player,2011,NL
berkmla01,Player of the Month,2004,NL
berkmla01,Player of the Month,2008,NL
berkmla01,Player of the Week,2001,NL
berkmla01,Player of the Week,2002,NL
berkmla01,Player of the Week,2008,NL
berkmla01,Player of the Week,2008,NL
berkmla01,Player of the Week,2011,NL
berkmla01,Player of the Week,2011,NL
berkmla01,TSN All-Star,2006,NL
berkmla01,TSN Comeback Player of the Year,2011,NL
bernato01,TSN All-Star,1986,AL
bernawa01,Player of the Week,2025,NL
berrayo01,Baseball Magazine All-Star,1947,AL
berrayo01,Baseball Magazine All-Star,1949,AL
berrayo01,Baseball Magazine All-Star,1949,ML
berrayo01,Baseball Magazine All-Star,1950,AL
berrayo01,Baseball Magazine All-Star,1950,ML
berrayo01,Bob Feller Act of Valor Award - HOF Player,2013,ML
berrayo01,Most Valuable Player,1951,AL
berrayo01,Most Valuable Player,1954,AL
berrayo01,Most Valuable Player,1955,AL
berrayo01,TSN All-Star,1950,ML
berrayo01,TSN All-Star,1952,ML
berrayo01,TSN All-Star,1954,ML
berrayo01,TSN All-Star,1956,ML
berrayo01,TSN All-Star,1957,ML
berrijo01,Gold Glove,2023,AL
berrijo01,Pitcher of the Month,2024,AL
berroan01,MLB Players Choice Outstanding Rookie,2003,AL
berroan01,Rookie of the Month,2003,AL
berroan01,Rookie of the Year,2003,AL
berroge01,Player of the Week,1995,AL
berroge01,Player of the Week,1996,AL
berryke01,Gold Glove,1970,AL
berryke01,Gold Glove,1972,AL
bettsmo01,All-MLB Team - First Team,2020,ML
bettsmo01,All-MLB Team - First Team,2022,ML
bettsmo01,All-MLB Team - First Team,2023,ML
bettsmo01,All-MLB Team - First Team,2024,ML
bettsmo01,All-MLB Team - Second Team,2019,ML
bettsmo01,Gold Glove,2016,AL
bettsmo01,Gold Glove,2017,AL
bettsmo01,Gold Glove,2018,AL
bettsmo01,Gold Glove,2019,AL
bettsmo01,Gold Glove,2020,NL
bettsmo01,Gold Glove,2022,NL
bettsmo01,MLB Players Choice Outstanding Player,2018,AL
bettsmo01,Most Valuable Player,2018,AL
bettsmo01,Player of the Month,2016,AL
bettsmo01,Player of the Month,2023,NL
bettsmo01,Player of the Month,2024,NL
bettsmo01,Player of the Week,2015,AL
bettsmo01,Player of the Week,2017,AL
bettsmo01,Player of the Week,2017,AL
bettsmo01,Player of the Week,2022,NL
bettsmo01,Player of the Week,2023,NL
bettsmo01,Player of the Week,2025,NL
bettsmo01,Roberto Clemente Award,2025,ML
bettsmo01,Silver Slugger,2016,AL
bettsmo01,Silver Slugger,2018,AL
bettsmo01,Silver Slugger,2019,AL
bettsmo01,Silver Slugger,2020,NL
bettsmo01,Silver Slugger,2022,NL
bettsmo01,Silver Slugger,2023,NL
bettsmo01,TSN All-Star,2016,AL
bettsmo01,TSN All-Star,2017,AL
bettsmo01,TSN All-Star,2018,AL
bettsmo01,TSN All-Star,2019,AL
bettsmo01,TSN All-Star,2020,NL
bettsmo01,TSN All-Star,2022,NL
bettsmo01,TSN All-Star,2023,NL
bettsmo01,TSN All-Star,2024,NL
bettsmo01,TSN Major League Player of the Year,2018,ML
bibbyji01,Player of the Week,1981,NL
bibbyji01,TSN All-Star,1980,NL
bichebo01,All-MLB Team - Second Team,2025,ML
bichebo01,Player of the Week,2022,AL
bicheda01,MLB Players Choice Outstanding Player,1995,NL
bicheda01,Player of the Month,1995,NL
bicheda01,Player of the Month,1995,NL
bicheda01,Player of the Month,1996,NL
bicheda01,Player of the Week,1991,AL
bicheda01,Player of the Week,1994,NL
bicheda01,Player of the Week,1995,NL
bicheda01,Player of the Week,1996,NL
bicheda01,Player of the Week,1997,NL
bicheda01,Player of the Week,1999,NL
bicheda01,Player of the Week,1999,NL
bicheda01,Player of the Week,2000,NL
bicheda01,Silver Slugger,1995,NL
bicheda01,TSN All-Star,1995,NL
biebesh01,All-MLB Team - First Team,2020,ML
biebesh01,All-Star Game MVP,2019,AL
biebesh01,Cy Young Award,2020,AL
biebesh01,Gold Glove,2022,AL
biebesh01,MLB Players Choice Outstanding Pitcher,2020,AL
biebesh01,Pitcher of the Month,2020,AL
biebesh01,Pitching Triple Crown,2020,AL
biebesh01,TSN All-Star,2020,AL
biebesh01,TSN Pitcher of the Year,2020,AL
bigbeca01,Baseball Magazine All-Star,1921,NL
bigbeca01,Baseball Magazine All-Star,1922,NL
biggicr01,Branch Rickey Award,1997,ML
biggicr01,Gold Glove,1994,NL
biggicr01,Gold Glove,1995,NL
biggicr01,Gold Glove,1996,NL
biggicr01,Gold Glove,1997,NL
biggicr01,Hutch Award,2005,ML
biggicr01,Player of the Week,1989,NL
biggicr01,Player of the Week,1990,NL
biggicr01,Player of the Week,1995,NL
biggicr01,Player of the Week,2007,NL
biggicr01,Roberto Clemente Award,2007,ML
biggicr01,Silver Slugger,1989,NL
biggicr01,Silver Slugger,1994,NL
biggicr01,Silver Slugger,1995,NL
biggicr01,Silver Slugger,1997,NL
biggicr01,Silver Slugger,1998,NL
biggicr01,This Year in Baseball Moment of the Year,2007,ML
biggicr01,TSN All-Star,1994,NL
biggicr01,TSN All-Star,1995,NL
biggicr01,TSN All-Star,1997,NL
biggicr01,TSN All-Star,1998,NL
biggicr01,TSN All-Star,2001,NL
blackbu02,Player of the Week,1984,AL
blackch02,Player of the Month,2017,NL
blackch02,Player of the Month,2019,NL
blackch02,Player of the Week,2013,NL
blackch02,Player of the Week,2014,NL
blackch02,Player of the Week,2016,NL
blackch02,Player of the Week,2016,NL
blackch02,Player of the Week,2017,NL
blackch02,Player of the Week,2019,NL
blackch02,Silver Slugger,2016,NL
blackch02,Silver Slugger,2017,NL
blackch02,TSN All-Star,2017,NL
blackew01,Baseball Magazine All-Star,1947,ML
blackew01,Baseball Magazine All-Star,1947,NL
blackew01,TSN All-Star,1947,ML
blackjo02,Rookie of the Year,1952,NL
blackjo02,TSN Rookie of the Year,1952,NL
blairpa01,Gold Glove,1967,AL
blairpa01,Gold Glove,1969,AL
blairpa01,Gold Glove,1970,AL
blairpa01,Gold Glove,1971,AL
blairpa01,Gold Glove,1972,AL
blairpa01,Gold Glove,1973,AL
blairpa01,Gold Glove,1974,AL
blairpa01,Gold Glove,1975,AL
blairpa01,TSN All-Star,1969,AL
blairpa01,TSN All-Star,1974,AL
blakeca01,Player of the Week,2003,AL
blakeca01,Player of the Week,2007,AL
blaloha01,Player of the Week,2008,AL
blancro01,Player of the Week,2024,AL
blantjo01,Rookie of the Month,2005,AL
blantjo01,Rookie of the Month,2005,AL
blausje01,Player of the Week,1992,NL
blausje01,Player of the Week,1993,NL
blausje01,Silver Slugger,1997,NL
blausje01,TSN All-Star,1997,NL
blefacu01,Rookie of the Year,1965,AL
blefacu01,TSN Rookie Player of the Year,1965,AL
blowemi01,Player of the Week,1995,AL
bluegos01,Baseball Magazine All-Star,1925,AL
bluegos01,Baseball Magazine All-Star,1927,AL
bluevi01,Cy Young Award,1971,AL
bluevi01,Most Valuable Player,1971,AL
bluevi01,Pitcher of the Month,1978,NL
bluevi01,Player of the Week,1976,AL
bluevi01,TSN All-Star,1971,AL
bluevi01,TSN All-Star,1978,NL
bluevi01,TSN Pitcher of the Year,1971,AL
bluevi01,TSN Pitcher of the Year,1978,NL
blylebe01,Player of the Week,1976,AL
blylebe01,Player of the Week,1985,AL
blylebe01,Player of the Week,1989,AL
blylebe01,TSN Comeback Player of the Year,1989,AL
blylebe01,TSN Rookie Pitcher of the Year,1970,AL
bochtbr01,Player of the Week,1980,AL
bochtbr01,Player of the Week,1982,AL
boddimi01,ALCS MVP,1983,AL
boddimi01,Gold Glove,1990,AL
boddimi01,Pitcher of the Month,1984,AL
boddimi01,Player of the Week,1984,AL
boddimi01,Player of the Week,1984,AL
boddimi01,TSN All-Star,1984,AL
boddimi01,TSN Rookie Pitcher of the Year,1983,AL
boescbr01,Rookie of the Month,2010,AL
boescbr01,Rookie of the Month,2010,AL
bogaexa01,All-MLB Team - First Team,2019,ML
bogaexa01,Player of the Week,2018,AL
bogaexa01,Player of the Week,2022,AL
bogaexa01,Silver Slugger,2015,AL
bogaexa01,Silver Slugger,2016,AL
bogaexa01,Silver Slugger,2019,AL
bogaexa01,Silver Slugger,2021,AL
bogaexa01,Silver Slugger,2022,AL
bogaexa01,TSN All-Star,2022,AL
boggswa01,Gold Glove,1994,AL
boggswa01,Gold Glove,1995,AL
boggswa01,Player of the Month,1986,AL
boggswa01,Player of the Month,1987,AL
boggswa01,Player of the Week,1983,AL
boggswa01,Player of the Week,1986,AL
boggswa01,Player of the Week,1987,AL
boggswa01,Player of the Week,1988,AL
boggswa01,Player of the Week,1989,AL
boggswa01,Player of the Week,1992,AL
boggswa01,Player of the Week,1997,AL
boggswa01,Player of the Week,1999,AL
boggswa01,Silver Slugger,1983,AL
boggswa01,Silver Slugger,1986,AL
boggswa01,Silver Slugger,1987,AL
boggswa01,Silver Slugger,1988,AL
boggswa01,Silver Slugger,1989,AL
boggswa01,Silver Slugger,1991,AL
boggswa01,Silver Slugger,1993,AL
boggswa01,Silver Slugger,1994,AL
boggswa01,TSN All-Star,1983,AL
boggswa01,TSN All-Star,1985,AL
boggswa01,TSN All-Star,1986,AL
boggswa01,TSN All-Star,1987,AL
boggswa01,TSN All-Star,1988,AL
boggswa01,TSN All-Star,1991,AL
boggswa01,TSN All-Star,1994,AL
bohmal01,Player of the Week,2024,NL
bollifr01,Gold Glove,1958,AL
bollifr01,TSN All-Star,1961,NL
bondsba01,Gold Glove,1990,NL
bondsba01,Gold Glove,1991,NL
bondsba01,Gold Glove,1992,NL
bondsba01,Gold Glove,1993,NL
bondsba01,Gold Glove,1994,NL
bondsba01,Gold Glove,1996,NL
bondsba01,Gold Glove,1997,NL
bondsba01,Gold Glove,1998,NL
bondsba01,Hank Aaron Award,2001,NL
bondsba01,Hank Aaron Award,2002,NL
bondsba01,Hank Aaron Award,2004,NL
bondsba01,MLB Players Choice Outstanding Player,1992,NL
bondsba01,MLB Players Choice Outstanding Player,1993,NL
bondsba01,MLB Players Choice Outstanding Player,2001,NL
bondsba01,MLB Players Choice Outstanding Player,2002,NL
bondsba01,MLB Players Choice Outstanding Player,2004,NL
bondsba01,MLB Players Choice Player of the Year,2001,ML
bondsba01,MLB Players Choice Player of the Year,2004,ML
bondsba01,Most Valuable Player,1990,NL
bondsba01,Most Valuable Player,1992,NL
bondsba01,Most Valuable Player,1993,NL
bondsba01,Most Valuable Player,2001,NL
bondsba01,Most Valuable Player,2002,NL
bondsba01,Most Valuable Player,2003,NL
bondsba01,Most Valuable Player,2004,NL
bondsba01,Player of the Month,1990,NL
bondsba01,Player of the Month,1991,NL
bondsba01,Player of the Month,1992,NL
bondsba01,Player of the Month,1992,NL
bondsba01,Player of the Month,1993,NL
bondsba01,Player of the Month,1996,NL
bondsba01,Player of the Month,1997,NL
bondsba01,Player of the Month,2001,NL
bondsba01,Player of the Month,2001,NL
bondsba01,Player of the Month,2002,NL
bondsba01,Player of the Month,2003,NL
bondsba01,Player of the Month,2004,NL
bondsba01,Player of the Month,2004,NL
bondsba01,Player of the Week,1988,NL
bondsba01,Player of the Week,1990,NL
bondsba01,Player of the Week,1991,NL
bondsba01,Player of the Week,1992,NL
bondsba01,Player of the Week,1993,NL
bondsba01,Player of the Week,1993,NL
bondsba01,Player of the Week,1998,NL
bondsba01,Player of the Week,2000,NL
bondsba01,Player of the Week,2001,NL
bondsba01,Player of the Week,2001,NL
bondsba01,Player of the Week,2002,NL
bondsba01,Player of the Week,2002,NL
bondsba01,Player of the Week,2002,NL
bondsba01,Player of the Week,2004,NL
bondsba01,Player of the Week,2004,NL
bondsba01,Silver Slugger,1990,NL
bondsba01,Silver Slugger,1991,NL
bondsba01,Silver Slugger,1992,NL
bondsba01,Silver Slugger,1993,NL
bondsba01,Silver Slugger,1994,NL
bondsba01,Silver Slugger,1996,NL
bondsba01,Silver Slugger,1997,NL
bondsba01,Silver Slugger,2000,NL
bondsba01,Silver Slugger,2001,NL
bondsba01,Silver Slugger,2002,NL
bondsba01,Silver Slugger,2003,NL
bondsba01,Silver Slugger,2004,NL
bondsba01,TSN All-Star,1990,NL
bondsba01,TSN All-Star,1991,NL
bondsba01,TSN All-Star,1992,NL
bondsba01,TSN All-Star,1993,NL
bondsba01,TSN All-Star,1994,NL
bondsba01,TSN All-Star,1996,NL
bondsba01,TSN All-Star,1997,NL
bondsba01,TSN All-Star,2000,NL
bondsba01,TSN All-Star,2001,NL
bondsba01,TSN All-Star,2002,NL
bondsba01,TSN All-Star,2003,NL
bondsba01,TSN All-Star,2004,NL
bondsba01,TSN Major League Player of the Year,1990,ML
bondsba01,TSN Major League Player of the Year,2001,ML
bondsba01,TSN Major League Player of the Year,2004,ML
bondsba01,TSN Player of the Year,1990,NL
bondsba01,TSN Player of the Year,1991,NL
bondsbo01,All-Star Game MVP,1973,ML
bondsbo01,Gold Glove,1971,NL
bondsbo01,Gold Glove,1973,NL
bondsbo01,Gold Glove,1974,NL
bondsbo01,Player of the Week,1975,AL
bondsbo01,TSN All-Star,1973,NL
bondsbo01,TSN All-Star,1977,AL
bondsbo01,TSN Player of the Year,1973,NL
bondto01,Pitching Triple Crown,1877,NL
bonhati01,Baseball Magazine All-Star,1942,AL
bonhati01,Baseball Magazine All-Star,1942,ML
bonhati01,TSN All-Star,1942,ML
bonifem01,Player of the Month,2011,NL
bonilbo01,Player of the Month,1988,NL
bonilbo01,Player of the Month,1988,NL
bonilbo01,Player of the Month,1990,NL
bonilbo01,Player of the Week,1987,NL
bonilbo01,Player of the Week,1991,NL
bonilbo01,Player of the Week,1994,NL
bonilbo01,Silver Slugger,1988,NL
bonilbo01,Silver Slugger,1990,NL
bonilbo01,Silver Slugger,1991,NL
bonilbo01,TSN All-Star,1988,NL
bonilbo01,TSN All-Star,1990,NL
bonilbo01,TSN All-Star,1991,NL
bonsebo01,Rookie of the Month,2006,AL
booneaa01,Player of the Week,1999,NL
booneaa01,Player of the Week,2003,NL
booneaa01,Player of the Week,2003,NL
boonebo01,Gold Glove,1978,NL
boonebo01,Gold Glove,1979,NL
boonebo01,Gold Glove,1982,AL
boonebo01,Gold Glove,1986,AL
boonebo01,Gold Glove,1987,AL
boonebo01,Gold Glove,1988,AL
boonebo01,Gold Glove,1989,AL
boonebo01,Player of the Week,1979,NL
boonebo01,TSN All-Star,1976,NL
boonebr01,Gold Glove,1998,NL
boonebr01,Gold Glove,2002,AL
boonebr01,Gold Glove,2003,AL
boonebr01,Gold Glove,2004,AL
boonebr01,Player of the Week,1998,NL
boonebr01,Silver Slugger,2001,AL
boonebr01,Silver Slugger,2003,AL
boonebr01,TSN All-Star,2001,AL
boonebr01,TSN All-Star,2003,AL
bordepa01,World Series MVP,1992,ML
borowha01,Baseball Magazine All-Star,1945,ML
borowha01,Baseball Magazine All-Star,1945,NL
borowha01,TSN All-Star,1945,ML
borowha01,TSN Pitcher of the Year,1945,NL
borowjo01,TSN All-Star,2007,AL
borowjo01,TSN Reliever of the Year,2007,AL
bosioch01,Player of the Week,1993,AL
bosmadi01,Player of the Week,1974,AL
bottoji01,Baseball Magazine All-Star,1925,NL
bottoji01,Baseball Magazine All-Star,1928,NL
bottoji01,Most Valuable Player,1928,NL
bottoji01,TSN All-Star,1925,ML
bouched01,TSN Rookie of the Year,1957,NL
boudrlo01,Baseball Magazine All-Star,1946,AL
boudrlo01,Baseball Magazine All-Star,1946,ML
boudrlo01,Baseball Magazine All-Star,1947,AL
boudrlo01,Baseball Magazine All-Star,1947,ML
boudrlo01,Baseball Magazine All-Star,1948,AL
boudrlo01,Baseball Magazine All-Star,1948,ML
boudrlo01,Most Valuable Player,1948,AL
boudrlo01,TSN All-Star,1947,ML
boudrlo01,TSN All-Star,1948,ML
boudrlo01,TSN Major League Player of the Year,1948,ML
boudrlo01,TSN Player of the Year,1948,AL
bourju01,Rookie of the Month,2015,NL
bournmi01,Gold Glove,2009,NL
bournmi01,Gold Glove,2010,NL
bowala01,Gold Glove,1972,NL
bowala01,Gold Glove,1978,NL
bowala01,Player of the Week,1975,NL
bowala01,Player of the Week,1982,NL
bowala01,TSN All-Star,1975,NL
bowala01,TSN All-Star,1978,NL
boyercl02,Gold Glove,1969,NL
boyerke01,Gold Glove,1958,NL
boyerke01,Gold Glove,1959,NL
boyerke01,Gold Glove,1960,NL
boyerke01,Gold Glove,1961,NL
boyerke01,Gold Glove,1963,NL
boyerke01,Lou Gehrig Memorial Award,1964,ML
boyerke01,Most Valuable Player,1964,NL
boyerke01,TSN All-Star,1956,ML
boyerke01,TSN All-Star,1961,NL
boyerke01,TSN All-Star,1962,NL
boyerke01,TSN All-Star,1963,NL
boyerke01,TSN All-Star,1964,NL
boyerke01,TSN Major League Player of the Year,1964,ML
boyerke01,TSN Player of the Year,1964,NL
bradeda01,Player of the Week,2010,AL
bradeda01,This Year in Baseball Moment of the Year,2010,ML
bradiky01,All-MLB Team - Second Team,2023,ML
bradlja02,ALCS MVP,2018,AL
bradlja02,Gold Glove,2018,AL
bradlja02,Player of the Month,2016,AL
bradlja02,Player of the Week,2016,AL
bradlja02,TSN All-Star,2016,AL
bradlmi01,Player of the Week,2008,AL
bradlph01,MLB Players Curt Flood Award,2023,ML
bradlph01,Player of the Week,1985,AL
bradlph01,Player of the Week,1989,AL
bradlph01,TSN All-Star,1985,AL
bradlta01,Pitcher of the Month,2024,AL
brancra01,Baseball Magazine All-Star,1947,NL
brancra01,TSN All-Star,1947,ML
branded01,Baseball Magazine All-Star,1931,ML
branded01,Baseball Magazine All-Star,1931,NL
brandja01,Gold Glove,1959,NL
brantje01,Reliever of the Year Award,1996,NL
brantmi02,MLB Players Choice Comeback Player,2018,AL
brantmi02,Player of the Week,2014,AL
brantmi02,Silver Slugger,2014,AL
braunry02,MLB Players Choice Outstanding Rookie,2007,NL
braunry02,Most Valuable Player,2011,NL
braunry02,Player of the Month,2007,NL
braunry02,Player of the Month,2008,NL
braunry02,Player of the Month,2011,NL
braunry02,Player of the Month,2011,NL
braunry02,Player of the Week,2009,NL
braunry02,Player of the Week,2010,NL
braunry02,Player of the Week,2011,NL
braunry02,Player of the Week,2015,NL
braunry02,Rookie of the Month,2007,NL
braunry02,Rookie of the Month,2007,NL
braunry02,Rookie of the Year,2007,NL
braunry02,Silver Slugger,2008,NL
braunry02,Silver Slugger,2009,NL
braunry02,Silver Slugger,2010,NL
braunry02,Silver Slugger,2011,NL
braunry02,Silver Slugger,2012,NL
braunry02,This Year in Baseball Oddity of the Year,2011,ML
braunry02,TSN Rookie of the Year,2007,NL
breamsi01,Hutch Award,1990,ML
breamsi01,Player of the Week,1988,NL
brechha01,Baseball Magazine All-Star,1945,ML
brechha01,Baseball Magazine All-Star,1945,NL
brechha01,Baseball Magazine All-Star,1946,NL
brechha01,Baseball Magazine All-Star,1948,NL
brechha01,TSN All-Star,1948,ML
bregmal01,All-MLB Team - Second Team,2019,ML
bregmal01,All-Star Game MVP,2018,AL
bregmal01,Gold Glove,2024,AL
bregmal01,Player of the Month,2018,AL
bregmal01,Player of the Month,2019,AL
bregmal01,Player of the Month,2022,AL
bregmal01,Player of the Week,2018,AL
bregmal01,Player of the Week,2022,AL
bregmal01,Player of the Week,2025,AL
bregmal01,Silver Slugger,2019,AL
bregmal01,TSN All-Star,2019,AL
brenlbo01,Player of the Week,1984,NL
bresnro01,Baseball Magazine All-Star,1908,ML
bresnro01,Baseball Magazine All-Star,1908,NL
bresnro01,Baseball Magazine All-Star,1909,NL
bresnro01,Baseball Magazine All-Star,1911,ML
bresnro01,Baseball Magazine All-Star,1911,NL
brettge01,ALCS MVP,1985,AL
brettge01,Bob Feller Act of Valor Award - HOF Player,2015,ML
brettge01,Gold Glove,1985,AL
brettge01,Hutch Award,1980,ML
brettge01,Lou Gehrig Memorial Award,1986,ML
brettge01,Most Valuable Player,1980,AL
brettge01,Player of the Month,1980,AL
brettge01,Player of the Month,1982,AL
brettge01,Player of the Month,1983,AL
brettge01,Player of the Month,1985,AL
brettge01,Player of the Month,1985,AL
brettge01,Player of the Month,1990,AL
brettge01,Player of the Week,1976,AL
brettge01,Player of the Week,1979,AL
brettge01,Player of the Week,1980,AL
brettge01,Player of the Week,1980,AL
brettge01,Player of the Week,1980,AL
brettge01,Player of the Week,1983,AL
brettge01,Player of the Week,1985,AL
brettge01,Player of the Week,1986,AL
brettge01,Player of the Week,1988,AL
brettge01,Player of the Week,1990,AL
brettge01,Player of the Week,1992,AL
brettge01,Player of the Week,1993,AL
brettge01,Silver Slugger,1980,AL
brettge01,Silver Slugger,1985,AL
brettge01,Silver Slugger,1988,AL
brettge01,TSN All-Star,1976,AL
brettge01,TSN All-Star,1979,AL
brettge01,TSN All-Star,1980,AL
brettge01,TSN All-Star,1988,AL
brettge01,TSN Major League Player of the Year,1980,ML
brettge01,TSN Player of the Year,1980,AL
brettke01,Player of the Week,1974,NL
bridgto01,Baseball Magazine All-Star,1933,AL
bridgto01,Baseball Magazine All-Star,1934,AL
bridgto01,Baseball Magazine All-Star,1935,AL
bridgto01,Baseball Magazine All-Star,1935,ML
bridgto01,Baseball Magazine All-Star,1936,AL
bridgto01,Baseball Magazine All-Star,1936,ML
brinked01,Gold Glove,1972,AL
brittza01,Reliever of the Year Award,2016,AL
brittza01,TSN All-Star,2016,AL
brittza01,TSN Reliever of the Year,2016,AL
brocklo01,Babe Ruth Award,1967,NL
brocklo01,Hutch Award,1979,ML
brocklo01,Lou Gehrig Memorial Award,1977,ML
brocklo01,Player of the Month,1974,NL
brocklo01,Player of the Month,1979,NL
brocklo01,Player of the Week,1974,NL
brocklo01,Player of the Week,1977,NL
brocklo01,Player of the Week,1979,NL
brocklo01,Player of the Week,1979,NL
brocklo01,Roberto Clemente Award,1975,ML
brocklo01,TSN All-Star,1974,NL
brocklo01,TSN Comeback Player of the Year,1979,NL
brocklo01,TSN Major League Player of the Year,1974,ML
brocklo01,TSN Player of the Year,1974,NL
brogler01,TSN All-Star,1960,ML
brookhu01,Player of the Month,1986,NL
brookhu01,Player of the Week,1981,NL
brookhu01,Player of the Week,1984,NL
brookhu01,Player of the Week,1987,NL
brookhu01,Silver Slugger,1985,NL
brookhu01,Silver Slugger,1986,NL
brookto01,Player of the Week,1980,AL
brosisc01,Babe Ruth Award,1998,AL
brosisc01,Gold Glove,1999,AL
brosisc01,Player of the Week,1996,AL
brosisc01,Player of the Week,1996,AL
brosisc01,TSN All-Star,1998,AL
brosisc01,World Series MVP,1998,ML
brousbe01,Player of the Week,2006,AL
brownbo04,Player of the Week,1980,AL
brownde02,Rookie of the Month,2011,NL
browndo01,Player of the Month,2013,NL
browndo01,Player of the Week,2013,NL
browndo01,Player of the Week,2013,NL
brownhu01,All-MLB Team - Second Team,2025,ML
brownhu01,Pitcher of the Month,2025,AL
brownji03,Baseball Magazine All-Star,1941,ML
brownji03,Baseball Magazine All-Star,1941,NL
brownji03,Baseball Magazine All-Star,1942,NL
brownke01,Pitcher of the Month,1996,NL
brownke01,Pitcher of the Month,2003,NL
brownke01,Pitcher of the Month,2004,AL
brownke01,Player of the Week,1993,AL
brownke01,Player of the Week,1997,NL
brownke01,TSN All-Star,1998,NL
brownke01,TSN Pitcher of the Year,1998,NL
brownmo01,Baseball Magazine All-Star,1908,ML
brownmo01,Baseball Magazine All-Star,1908,NL
brownmo01,Baseball Magazine All-Star,1909,ML
brownmo01,Baseball Magazine All-Star,1909,NL
brownto05,Pitcher of the Month,1989,NL
brownto05,Player of the Week,1985,NL
brownto05,Player of the Week,1988,NL
brownto05,Player of the Week,1988,NL
brownto05,TSN Rookie Pitcher of the Year,1985,NL
bruceja01,Player of the Month,2011,NL
bruceja01,Player of the Week,2010,NL
bruceja01,Player of the Week,2011,NL
bruceja01,Player of the Week,2011,NL
bruceja01,Player of the Week,2012,NL
bruceja01,Player of the Week,2012,NL
bruceja01,Player of the Week,2019,NL
bruceja01,Silver Slugger,2012,NL
bruceja01,Silver Slugger,2013,NL
brunato01,Player of the Week,1990,AL
bryankr01,Hank Aaron Award,2016,NL
bryankr01,MLB Players Choice Outstanding Rookie,2015,NL
bryankr01,Most Valuable Player,2016,NL
bryankr01,Player of the Month,2016,NL
bryankr01,Player of the Week,2019,NL
bryankr01,Player of the Week,2021,NL
bryankr01,Rookie of the Month,2015,NL
bryankr01,Rookie of the Month,2015,NL
bryankr01,Rookie of the Year,2015,NL
bryankr01,This Year in Baseball Best Rookie,2015,ML
bryankr01,TSN All-Star,2016,NL
bryankr01,TSN Rookie of the Year,2015,NL
bryanro01,TSN All-Star,1973,NL
bryanro01,TSN Pitcher of the Year,1973,NL
bubickr01,Pitcher of the Month,2025,AL
buchhcl01,Pitcher of the Month,2010,AL
buchhcl01,Pitcher of the Month,2013,AL
buchhcl01,Player of the Week,2007,AL
buchhcl01,This Year in Baseball Performance of the Year,2007,ML
bucknbi01,Player of the Month,1982,NL
bucknbi01,Player of the Week,1977,NL
bucknbi01,Player of the Week,1981,NL
bucknbi01,Player of the Week,1981,NL
bucknbi01,Player of the Week,1982,NL
bucknbi01,Player of the Week,1986,AL
buehlwa01,All-MLB Team - First Team,2021,ML
buehlwa01,Pitcher of the Month,2021,NL
buehrma01,Gold Glove,2009,AL
buehrma01,Gold Glove,2010,AL
buehrma01,Gold Glove,2011,AL
buehrma01,Gold Glove,2012,NL
buehrma01,Pitcher of the Month,2004,AL
buehrma01,Pitcher of the Month,2005,AL
buehrma01,Player of the Week,2007,AL
buehrma01,Player of the Week,2009,AL
buehrma01,This Year in Baseball Performance of the Year,2009,ML
buehrma01,This Year in Baseball Play of the Year,2010,ML
buhneja01,Gold Glove,1996,AL
buhneja01,Player of the Week,1995,AL
bulliji01,Player of the Week,1992,NL
bumbral01,Bob Feller Act of Valor Award - Patriot Award,2024,ML
bumbral01,Player of the Week,1980,AL
bumbral01,Rookie of the Year,1973,AL
bumbral01,TSN All-Star,1980,AL
bumbral01,TSN Rookie Player of the Year,1973,AL
bumgama01,Babe Ruth Award,2014,NL
bumgama01,NLCS MVP,2014,NL
bumgama01,Pitcher of the Month,2014,NL
bumgama01,Pitcher of the Month,2014,NL
bumgama01,Player of the Week,2015,NL
bumgama01,Player of the Week,2021,NL
bumgama01,Silver Slugger,2014,NL
bumgama01,Silver Slugger,2015,NL
bumgama01,This Year in Baseball Postseason MVP,2014,ML
bumgama01,World Series MVP,2014,ML
bunkewa01,TSN Rookie Pitcher of the Year,1964,AL
bunniji01,TSN All-Star,1957,ML
bunniji01,TSN All-Star,1964,NL
burdele01,Babe Ruth Award,1957,NL
burdele01,World Series MVP,1957,ML
burgesm01,TSN All-Star,1961,NL
burksel01,Gold Glove,1990,AL
burksel01,Outstanding DH Award,2002,AL
burksel01,Player of the Month,1994,NL
burksel01,Player of the Week,1990,AL
burksel01,Player of the Week,1996,NL
burksel01,Player of the Week,1996,NL
burksel01,Player of the Week,1996,NL
burksel01,Player of the Week,1997,NL
burksel01,Player of the Week,2001,AL
burksel01,Silver Slugger,1990,AL
burksel01,Silver Slugger,1996,NL
burksel01,TSN All-Star,1990,AL
burksel01,TSN All-Star,1996,NL
burleri01,Gold Glove,1979,AL
burleri01,Player of the Week,1976,AL
burleri01,Silver Slugger,1981,AL
burleri01,TSN All-Star,1977,AL
burleri01,TSN All-Star,1981,AL
burneaj01,Player of the Week,2001,NL
burneaj01,Player of the Week,2002,NL
burneaj01,Player of the Week,2005,NL
burneaj01,Player of the Week,2012,NL
burneco01,All-MLB Team - First Team,2021,ML
burneco01,All-MLB Team - First Team,2024,ML
burneco01,Cy Young Award,2021,NL
burneco01,Pitcher of the Month,2023,NL
burneco01,Pitcher of the Month,2024,AL
burnije01,Player of the Month,1999,NL
burnije01,Player of the Week,2001,NL
burnsbr01,Player of the Week,1981,AL
burnsbr01,TSN Rookie Pitcher of the Year,1980,AL
burnsge01,Baseball Magazine All-Star,1914,NL
burnsge01,Baseball Magazine All-Star,1917,NL
burnsge01,Baseball Magazine All-Star,1918,NL
burnsge01,Baseball Magazine All-Star,1919,NL
burnsge02,Baseball Magazine All-Star,1926,AL
burnsge02,Baseball Magazine All-Star,1926,ML
burnsge02,Most Valuable Player,1926,AL
burnsge02,TSN All-Star,1926,ML
burrepa01,Player of the Week,2005,NL
burrepa01,Player of the Week,2005,NL
burrira01,Pitcher of the Month,1976,NL
burroje01,Most Valuable Player,1974,AL
burroje01,Player of the Week,1974,AL
burroje01,Player of the Week,1974,AL
burroje01,Player of the Week,1976,AL
burroje01,Player of the Week,1978,NL
burroje01,TSN All-Star,1974,AL
burroje01,TSN Player of the Year,1974,AL
busbyst01,Player of the Week,1974,AL
busbyst01,TSN Rookie Pitcher of the Year,1973,AL
buschmi02,Player of the Week,2024,NL
buschmi02,Player of the Week,2025,NL
bushdo01,Baseball Magazine All-Star,1909,AL
bushdo01,Baseball Magazine All-Star,1911,AL
bushdo01,Baseball Magazine All-Star,1915,AL
bushdo01,Baseball Magazine All-Star,1916,AL
bushho01,Player of the Week,1999,AL
bushjo01,Baseball Magazine All-Star,1922,AL
bushjo01,Baseball Magazine All-Star,1922,ML
busketo01,Player of the Week,1974,AL
butlebi03,Hutch Award,2011,ML
butlebi03,Outstanding DH Award,2012,AL
butlebi03,Player of the Month,2009,AL
butlebi03,Player of the Week,2009,AL
butlebi03,Player of the Week,2009,AL
butlebi03,Player of the Week,2011,AL
butlebi03,Player of the Week,2012,AL
butlebi03,Player of the Week,2014,AL
butlebi03,Rookie of the Month,2007,AL
butlebi03,Silver Slugger,2012,AL
butlebr01,Branch Rickey Award,1996,ML
butlebr01,Lou Gehrig Memorial Award,1996,ML
butlebr01,Player of the Month,1992,NL
butlebr01,Player of the Week,1992,NL
butlebr01,Player of the Week,1995,NL
butlela01,Player of the Week,2024,AL
butlela01,Player of the Week,2024,AL
buxtoby01,Bob Feller Act of Valor Award - MLB Player,2022,ML
buxtoby01,Gold Glove,2017,AL
buxtoby01,Platinum Glove,2017,AL
buxtoby01,Player of the Month,2021,AL
buxtoby01,Player of the Week,2017,AL
buxtoby01,Player of the Week,2022,AL
buxtoby01,Silver Slugger,2025,AL
buxtoby01,TSN All-Star,2025,AL
byrdha01,Rookie of the Year,1952,AL
byrdma01,Player of the Week,2008,AL
byrdma01,Player of the Week,2009,AL
byrdpa01,Player of the Week,1998,NL
byrneer01,Player of the Week,2004,AL
bystrma01,Pitcher of the Month,1980,NL
cabreas01,Player of the Week,2008,AL
cabreas01,Player of the Week,2011,AL
cabreas01,Player of the Week,2016,NL
cabreas01,Silver Slugger,2011,AL
cabreas01,This Year in Baseball Defensive Player of the Year,2011,ML
cabreme01,All-Star Game MVP,2012,NL
cabreme01,This Year in Baseball Play of the Year,2006,ML
cabremi01,Hank Aaron Award,2012,AL
cabremi01,Hank Aaron Award,2013,AL
cabremi01,MLB Players Choice Outstanding Player,2012,AL
cabremi01,MLB Players Choice Outstanding Player,2013,AL
cabremi01,MLB Players Choice Player of the Year,2012,ML
cabremi01,MLB Players Choice Player of the Year,2013,ML
cabremi01,Most Valuable Player,2012,AL
cabremi01,Most Valuable Player,2013,AL
cabremi01,Player of the Month,2008,AL
cabremi01,Player of the Month,2012,AL
cabremi01,Player of the Month,2013,AL
cabremi01,Player of the Month,2013,AL
cabremi01,Player of the Month,2014,AL
cabremi01,Player of the Month,2016,AL
cabremi01,Player of the Week,2005,NL
cabremi01,Player of the Week,2006,NL
cabremi01,Player of the Week,2007,NL
cabremi01,Player of the Week,2007,NL
cabremi01,Player of the Week,2008,AL
cabremi01,Player of the Week,2008,AL
cabremi01,Player of the Week,2010,AL
cabremi01,Player of the Week,2010,AL
cabremi01,Player of the Week,2012,AL
cabremi01,Player of the Week,2012,AL
cabremi01,Player of the Week,2013,AL
cabremi01,Player of the Week,2014,AL
cabremi01,Player of the Week,2015,AL
cabremi01,Player of the Week,2016,AL
cabremi01,Player of the Week,2016,AL
cabremi01,Player of the Week,2022,AL
cabremi01,Rookie of the Month,2003,NL
cabremi01,Rookie of the Month,2003,NL
cabremi01,Silver Slugger,2005,NL
cabremi01,Silver Slugger,2006,NL
cabremi01,Silver Slugger,2010,AL
cabremi01,Silver Slugger,2012,AL
cabremi01,Silver Slugger,2013,AL
cabremi01,Silver Slugger,2015,AL
cabremi01,Silver Slugger,2016,AL
cabremi01,This Year in Baseball Hitter of the Year,2012,ML
cabremi01,This Year in Baseball Hitter of the Year,2013,ML
cabremi01,Triple Crown,2012,AL
cabremi01,TSN All-Star,2005,NL
cabremi01,TSN All-Star,2016,AL
cabremi01,TSN Major League Player of the Year,2012,ML
cabremi01,TSN Major League Player of the Year,2013,ML
cabreor01,Gold Glove,2001,NL
cabreor01,Gold Glove,2007,AL
cabreor01,This Year in Baseball Defensive Player of the Year,2008,ML
cahiltr01,Player of the Week,2010,AL
cainlo01,ALCS MVP,2014,AL
cainlo01,Gold Glove,2019,NL
cainlo01,Player of the Week,2015,AL
cainlo01,TSN All-Star,2018,NL
cainma01,Player of the Week,2012,NL
cainma01,This Year in Baseball Pitching Performance of the Year,2012,ML
caldwmi01,Player of the Week,1978,AL
caldwmi01,Player of the Week,1978,AL
caldwmi01,Player of the Week,1984,AL
caldwmi01,TSN Comeback Player of the Year,1978,AL
calhoko01,Gold Glove,2015,AL
calhoko01,Player of the Week,2020,NL
callijo01,All-Star Game MVP,1964,ML
camermi01,Gold Glove,2001,AL
camermi01,Gold Glove,2003,AL
camermi01,Gold Glove,2006,NL
camermi01,Player of the Week,2001,AL
camermi01,Player of the Week,2002,AL
camildo01,Baseball Magazine All-Star,1941,ML
camildo01,Baseball Magazine All-Star,1941,NL
camildo01,Most Valuable Player,1941,NL
camildo01,TSN All-Star,1941,ML
camildo01,TSN Guide MVP,1941,NL
caminju01,All-MLB Team - Second Team,2025,ML
caminju01,Player of the Week,2025,AL
caminke01,Gold Glove,1995,NL
caminke01,Gold Glove,1996,NL
caminke01,Gold Glove,1997,NL
caminke01,MLB Players Choice Outstanding Player,1996,NL
caminke01,Most Valuable Player,1996,NL
caminke01,Player of the Month,1996,NL
caminke01,Player of the Month,1996,NL
caminke01,Player of the Week,1987,NL
caminke01,Player of the Week,1991,NL
caminke01,Player of the Week,1992,NL
caminke01,Player of the Week,1995,NL
caminke01,Player of the Week,1995,NL
caminke01,Player of the Week,1996,NL
caminke01,Player of the Week,1996,NL
caminke01,Silver Slugger,1996,NL
caminke01,TSN All-Star,1996,NL
camniho01,Baseball Magazine All-Star,1909,NL
campabe01,Babe Ruth Award,1973,AL
campabe01,Player of the Week,1976,AL
campabe01,TSN All-Star,1973,AL
campabe01,TSN All-Star,1974,AL
camparo01,Baseball Magazine All-Star,1949,NL
camparo01,Baseball Magazine All-Star,1950,NL
camparo01,Most Valuable Player,1951,NL
camparo01,Most Valuable Player,1953,NL
camparo01,Most Valuable Player,1955,NL
camparo01,TSN All-Star,1949,ML
camparo01,TSN All-Star,1951,ML
camparo01,TSN All-Star,1953,ML
camparo01,TSN All-Star,1955,ML
camparo01,TSN Player of the Year,1953,NL
campbbi02,Player of the Week,1974,AL
campbbi02,Reliever of the Year Award,1976,AL
campbbi02,Reliever of the Year Award,1977,AL
campbbi02,TSN Fireman of the Year,1976,AL
campbbi02,TSN Fireman of the Year,1977,AL
campri01,Pitcher of the Month,1981,NL
campri01,Player of the Week,1980,NL
campri01,Player of the Week,1981,NL
campri01,Player of the Week,1981,NL
candeje01,Player of the Week,2020,AL
candejo01,Pitcher of the Month,1982,NL
candejo01,Player of the Week,1976,NL
candejo01,Player of the Week,1977,NL
candejo01,Player of the Week,1982,NL
candejo01,TSN Comeback Player of the Year,1986,AL
candito01,Player of the Week,1987,AL
candito01,Player of the Week,1992,NL
canhama01,Player of the Week,2019,AL
cannigr01,Gold Glove,2020,AL
canoro01,All-Star Game MVP,2017,AL
canoro01,Gold Glove,2010,AL
canoro01,Gold Glove,2012,AL
canoro01,Player of the Month,2006,AL
canoro01,Player of the Month,2010,AL
canoro01,Player of the Week,2005,AL
canoro01,Player of the Week,2007,AL
canoro01,Player of the Week,2007,AL
canoro01,Player of the Week,2010,AL
canoro01,Player of the Week,2010,AL
canoro01,Player of the Week,2012,AL
canoro01,Player of the Week,2016,AL
canoro01,Rookie of the Month,2005,AL
canoro01,Silver Slugger,2006,AL
canoro01,Silver Slugger,2010,AL
canoro01,Silver Slugger,2011,AL
canoro01,Silver Slugger,2012,AL
canoro01,Silver Slugger,2013,AL
canoro01,This Year in Baseball Rookie of the Year,2005,ML
canoro01,TSN All-Star,2006,AL
cansejo01,Most Valuable Player,1988,AL
cansejo01,Player of the Month,1988,AL
cansejo01,Player of the Month,1990,AL
cansejo01,Player of the Week,1985,AL
cansejo01,Player of the Week,1987,AL
cansejo01,Player of the Week,1989,AL
cansejo01,Player of the Week,1990,AL
cansejo01,Player of the Week,1991,AL
cansejo01,Player of the Week,1992,AL
cansejo01,Player of the Week,1996,AL
cansejo01,Player of the Week,1999,AL
cansejo01,Rookie of the Year,1986,AL
cansejo01,Silver Slugger,1988,AL
cansejo01,Silver Slugger,1990,AL
cansejo01,Silver Slugger,1991,AL
cansejo01,Silver Slugger,1998,AL
cansejo01,TSN All-Star,1988,AL
cansejo01,TSN All-Star,1990,AL
cansejo01,TSN All-Star,1991,AL
cansejo01,TSN All-Star,1998,AL
cansejo01,TSN Comeback Player of the Year,1994,AL
cansejo01,TSN Player of the Year,1988,AL
cansejo01,TSN Rookie Player of the Year,1986,AL
cantujo01,Player of the Week,2009,NL
cantwbe01,Baseball Magazine All-Star,1933,NL
cappsma01,Reliever of the Month,2010,ML
caprabu01,Player of the Month,1974,NL
caprabu01,Player of the Week,1974,NL
capuach01,Player of the Week,2006,NL
carbobe01,Player of the Week,1974,AL
carbobe01,TSN Rookie Player of the Year,1970,NL
cardele01,Gold Glove,1965,NL
cardele01,TSN All-Star,1971,AL
carewro01,Bob Feller Act of Valor Award - HOF Player,2016,ML
carewro01,Most Valuable Player,1977,AL
carewro01,Player of the Month,1974,AL
carewro01,Player of the Month,1977,AL
carewro01,Player of the Month,1977,AL
carewro01,Player of the Month,1980,AL
carewro01,Player of the Month,1983,AL
carewro01,Player of the Week,1975,AL
carewro01,Player of the Week,1976,AL
carewro01,Player of the Week,1977,AL
carewro01,Player of the Week,1983,AL
carewro01,Player of the Week,1985,AL
carewro01,Roberto Clemente Award,1977,ML
carewro01,Rookie of the Year,1967,AL
carewro01,TSN All-Star,1967,AL
carewro01,TSN All-Star,1968,AL
carewro01,TSN All-Star,1969,AL
carewro01,TSN All-Star,1972,AL
carewro01,TSN All-Star,1973,AL
carewro01,TSN All-Star,1974,AL
carewro01,TSN All-Star,1975,AL
carewro01,TSN All-Star,1977,AL
carewro01,TSN All-Star,1978,AL
carewro01,TSN Major League Player of the Year,1977,ML
carewro01,TSN Player of the Year,1977,AL
carewro01,TSN Rookie Player of the Year,1967,AL
careyma01,Baseball Magazine All-Star,1917,NL
careyma01,Baseball Magazine All-Star,1922,ML
careyma01,Baseball Magazine All-Star,1922,NL
careyma01,Baseball Magazine All-Star,1925,NL
careyma01,TSN All-Star,1925,ML
carlsha01,Baseball Magazine All-Star,1926,NL
carltst01,Cy Young Award,1972,NL
carltst01,Cy Young Award,1977,NL
carltst01,Cy Young Award,1980,NL
carltst01,Cy Young Award,1982,NL
carltst01,Gold Glove,1981,NL
carltst01,Pitcher of the Month,1980,NL
carltst01,Pitching Triple Crown,1972,NL
carltst01,Player of the Week,1977,NL
carltst01,Player of the Week,1979,NL
carltst01,Player of the Week,1980,NL
carltst01,TSN All-Star,1969,NL
carltst01,TSN All-Star,1971,NL
carltst01,TSN All-Star,1972,NL
carltst01,TSN All-Star,1977,NL
carltst01,TSN All-Star,1979,NL
carltst01,TSN All-Star,1980,NL
carltst01,TSN All-Star,1982,NL
carltst01,TSN Pitcher of the Year,1972,NL
carltst01,TSN Pitcher of the Year,1977,NL
carltst01,TSN Pitcher of the Year,1980,NL
carltst01,TSN Pitcher of the Year,1982,NL
carmofa01,Pitcher of the Month,2007,AL
carmofa01,Player of the Week,2007,AL
carpech01,Cy Young Award,2005,NL
carpech01,MLB Players Choice Comeback Player,2004,NL
carpech01,MLB Players Choice Comeback Player,2009,NL
carpech01,MLB Players Choice Outstanding Pitcher,2005,NL
carpech01,MLB Players Choice Outstanding Pitcher,2006,NL
carpech01,Pitcher of the Month,2009,NL
carpech01,Player of the Week,2005,NL
carpech01,Player of the Week,2006,NL
carpech01,Player of the Week,2006,NL
carpech01,Player of the Week,2006,NL
carpech01,This Year in Baseball Starter of the Year,2005,ML
carpech01,TSN Comeback Player of the Year,2004,NL
carpech01,TSN Comeback Player of the Year,2009,NL
carpech01,TSN Pitcher of the Year,2005,NL
carpech01,TSN Pitcher of the Year,2006,NL
carpech02,Comeback Player of the Year,2009,NL
carpema01,Player of the Month,2018,NL
carpema01,Player of the Week,2015,NL
carpema01,Player of the Week,2016,NL
carpema01,Player of the Week,2018,NL
carpema01,Player of the Week,2018,NL
carpema01,Player of the Week,2022,AL
carpema01,Silver Slugger,2013,NL
carpmi01,Rookie of the Month,2011,AL
carraca01,Comeback Player of the Year,2019,AL
carraca01,MLB Players Choice Comeback Player,2020,AL
carraca01,Roberto Clemente Award,2019,ML
carraca01,TSN Comeback Player of the Year,2020,AL
carribi02,Baseball Magazine All-Star,1909,AL
carribi02,Baseball Magazine All-Star,1909,ML
carribi02,Baseball Magazine All-Star,1911,AL
carrocl02,TSN Fireman of the Year,1972,NL
carroco02,All-MLB Team - First Team,2023,ML
carroco02,All-MLB Team - Second Team,2025,ML
carroco02,MLB Players Choice Outstanding Rookie,2023,NL
carroco02,Player of the Month,2024,NL
carroco02,Player of the Week,2023,NL
carroco02,Player of the Week,2024,NL
carroco02,Rookie of the Month,2023,NL
carroco02,Rookie of the Year,2023,NL
carroco02,Silver Slugger,2025,NL
carroco02,TSN All-Star,2024,NL
carroco02,TSN All-Star,2025,NL
carroco02,TSN Rookie of the Year,2023,NL
cartech02,Player of the Week,2014,AL
cartega01,All-Star Game MVP,1981,ML
cartega01,All-Star Game MVP,1984,ML
cartega01,Gold Glove,1980,NL
cartega01,Gold Glove,1981,NL
cartega01,Gold Glove,1982,NL
cartega01,Player of the Month,1980,NL
cartega01,Player of the Month,1985,NL
cartega01,Player of the Week,1975,NL
cartega01,Player of the Week,1980,NL
cartega01,Player of the Week,1981,NL
cartega01,Player of the Week,1985,NL
cartega01,Roberto Clemente Award,1989,ML
cartega01,Silver Slugger,1981,NL
cartega01,Silver Slugger,1982,NL
cartega01,Silver Slugger,1984,NL
cartega01,Silver Slugger,1985,NL
cartega01,Silver Slugger,1986,NL
cartega01,TSN All-Star,1980,NL
cartega01,TSN All-Star,1981,NL
cartega01,TSN All-Star,1982,NL
cartega01,TSN All-Star,1984,NL
cartega01,TSN All-Star,1985,NL
cartega01,TSN All-Star,1986,NL
cartega01,TSN Rookie Player of the Year,1975,NL
cartejo01,Player of the Month,1991,AL
cartejo01,Player of the Month,1994,AL
cartejo01,Player of the Week,1986,AL
cartejo01,Player of the Week,1989,AL
cartejo01,Player of the Week,1991,AL
cartejo01,Player of the Week,1992,AL
cartejo01,Player of the Week,1992,AL
cartejo01,Player of the Week,1994,AL
cartejo01,Player of the Week,1994,AL
cartejo01,Silver Slugger,1991,AL
cartejo01,Silver Slugger,1992,AL
cartejo01,TSN All-Star,1991,AL
cartejo01,TSN All-Star,1992,AL
cartyri01,Player of the Week,1977,AL
casanpa01,TSN All-Star,1966,AL
casastr01,Rookie of the Month,2023,AL
caseyse01,Hutch Award,1999,ML
caseyse01,This Year in Baseball Oddity of the Year,2006,ML
cashda01,Player of the Week,1975,NL
cashda01,Player of the Week,1976,NL
cashnan01,Player of the Week,2014,NL
cashno01,TSN All-Star,1961,AL
cashno01,TSN All-Star,1971,AL
cashno01,TSN Comeback Player of the Year,1965,AL
cashno01,TSN Comeback Player of the Year,1971,AL
casteni01,All-MLB Team - Second Team,2021,ML
casteni01,Player of the Week,2018,AL
casteni01,Player of the Week,2020,NL
casteni01,Silver Slugger,2021,NL
castijo01,Rookie of the Year,1979,AL
castijo02,Player of the Week,2006,NL
castilu01,Gold Glove,2003,NL
castilu01,Gold Glove,2004,NL
castilu01,Gold Glove,2005,NL
castilu01,Player of the Week,2002,NL
castilu02,Pitcher of the Month,2019,NL
castivi02,Player of the Week,1995,NL
castivi02,Player of the Week,1996,NL
castivi02,Player of the Week,1997,NL
castivi02,Player of the Week,2004,NL
castivi02,Silver Slugger,1995,NL
castivi02,Silver Slugger,1997,NL
castivi02,Silver Slugger,1998,NL
castivi02,TSN All-Star,1995,NL
castivi02,TSN All-Star,1997,NL
castivi02,TSN All-Star,1998,NL
castrja01,Player of the Week,2013,AL
castrja01,Player of the Week,2013,AL
castrst01,Player of the Week,2011,NL
castrst01,Player of the Week,2011,NL
catalfr01,Player of the Week,2005,AL
catalfr01,Player of the Week,2005,AL
cavarph01,Baseball Magazine All-Star,1945,ML
cavarph01,Baseball Magazine All-Star,1945,NL
cavarph01,Baseball Magazine All-Star,1946,NL
cavarph01,Most Valuable Player,1945,NL
cavarph01,TSN All-Star,1945,ML
ceasedy01,All-MLB Team - Second Team,2022,ML
ceasedy01,All-MLB Team - Second Team,2024,ML
ceasedy01,Pitcher of the Month,2022,AL
ceasedy01,Pitcher of the Month,2022,AL
ceasedy01,Pitcher of the Month,2024,NL
ceasedy01,Player of the Week,2024,NL
cedenan01,Player of the Week,1991,NL
cedence01,Gold Glove,1972,NL
cedence01,Gold Glove,1973,NL
cedence01,Gold Glove,1974,NL
cedence01,Gold Glove,1975,NL
cedence01,Gold Glove,1976,NL
cedence01,Player of the Month,1977,NL
cedence01,Player of the Week,1976,NL
cedence01,Player of the Week,1977,NL
cedence01,TSN All-Star,1972,NL
cedence01,TSN All-Star,1973,NL
cedence01,TSN All-Star,1976,NL
cedence01,TSN All-Star,1980,NL
cepedor01,Most Valuable Player,1967,NL
cepedor01,Outstanding DH Award,1973,AL
cepedor01,Rookie of the Year,1958,NL
cepedor01,TSN All-Star,1959,ML
cepedor01,TSN All-Star,1961,NL
cepedor01,TSN All-Star,1962,NL
cepedor01,TSN All-Star,1967,NL
cepedor01,TSN Player of the Year,1967,NL
cepedor01,TSN Rookie of the Year,1958,NL
ceronri01,TSN All-Star,1980,AL
cespeyo01,Gold Glove,2015,AL
cespeyo01,Player of the Week,2012,AL
cespeyo01,Player of the Week,2015,NL
cespeyo01,Rookie of the Month,2012,AL
cespeyo01,Silver Slugger,2016,NL
cespeyo01,TSN All-Star,2016,NL
ceyro01,Babe Ruth Award,1981,NL
ceyro01,Lou Gehrig Memorial Award,1982,ML
ceyro01,Player of the Month,1977,NL
ceyro01,Player of the Week,1973,NL
ceyro01,Player of the Week,1977,NL
ceyro01,Player of the Week,1981,NL
ceyro01,Player of the Week,1983,NL
ceyro01,World Series MVP,1981,ML
chacigu01,Rookie of the Month,2005,AL
chacigu01,Rookie of the Month,2005,AL
chacosh01,Pitcher of the Month,2003,NL
chacosh01,Player of the Week,2003,NL
chambch01,Gold Glove,1978,AL
chambch01,Player of the Week,1977,AL
chambch01,Player of the Week,1983,NL
chambch01,Rookie of the Year,1971,AL
chambch01,TSN All-Star,1976,AL
chambch01,TSN Rookie Player of the Year,1971,AL
chambwe01,Player of the Week,1991,NL
chancde01,Cy Young Award,1964,ML
chancde01,TSN All-Star,1964,AL
chancde01,TSN Comeback Player of the Year,1967,AL
chancde01,TSN Pitcher of the Year,1964,AL
chancfr01,Baseball Magazine All-Star,1909,NL
chancfr01,Baseball Magazine All-Star,1910,NL
chandsp01,Baseball Magazine All-Star,1942,AL
chandsp01,Baseball Magazine All-Star,1943,AL
chandsp01,Baseball Magazine All-Star,1943,ML
chandsp01,Most Valuable Player,1943,AL
chandsp01,TSN All-Star,1943,ML
chandsp01,TSN Guide MVP,1943,AL
chandsp01,TSN Major League Player of the Year,1943,ML
chapmar01,All-MLB Team - First Team,2025,ML
chapmar01,All-MLB Team - Second Team,2019,ML
chapmar01,Reliever of the Month,2012,ML
chapmar01,Reliever of the Month,2012,ML
chapmar01,Reliever of the Month,2017,AL
chapmar01,Reliever of the Month,2019,AL
chapmar01,Reliever of the Month,2019,AL
chapmar01,Reliever of the Month,2025,AL
chapmar01,Reliever of the Year Award,2019,AL
chapmar01,Reliever of the Year Award,2025,AL
chapmar01,TSN All-Star,2025,AL
chapmma01,Gold Glove,2018,AL
chapmma01,Gold Glove,2019,AL
chapmma01,Gold Glove,2021,AL
chapmma01,Gold Glove,2023,AL
chapmma01,Gold Glove,2024,NL
chapmma01,Platinum Glove,2018,AL
chapmma01,Platinum Glove,2019,AL
chapmma01,Player of the Month,2023,AL
chapmma01,Player of the Week,2023,AL
chapmma01,TSN All-Star,2024,NL
chapmra01,Baseball Magazine All-Star,1917,AL
chapmra01,Baseball Magazine All-Star,1917,ML
chapmra01,Baseball Magazine All-Star,1918,AL
charbjo01,Player of the Week,1980,AL
charbjo01,Player of the Week,1980,AL
charbjo01,Rookie of the Year,1980,AL
charbjo01,TSN Rookie Player of the Year,1980,AL
charlno01,Pitcher of the Month,1995,AL
chaseha01,Baseball Magazine All-Star,1908,AL
chaseha01,Baseball Magazine All-Star,1908,ML
chaseha01,Baseball Magazine All-Star,1909,AL
chaseha01,Baseball Magazine All-Star,1909,ML
chaseha01,Baseball Magazine All-Star,1910,AL
chaseha01,Baseball Magazine All-Star,1910,ML
chaseha01,Baseball Magazine All-Star,1911,AL
chaseha01,Baseball Magazine All-Star,1911,ML
chaseha01,Baseball Magazine All-Star,1917,NL
chaveen01,Rookie of the Month,2002,NL
chaveen01,This Year in Baseball Postseason Moment of the Year,2006,ML
chaveer01,Gold Glove,2001,AL
chaveer01,Gold Glove,2002,AL
chaveer01,Gold Glove,2003,AL
chaveer01,Gold Glove,2004,AL
chaveer01,Gold Glove,2005,AL
chaveer01,Gold Glove,2006,AL
chaveer01,Player of the Month,2001,AL
chaveer01,Player of the Week,2002,AL
chaveer01,Player of the Week,2005,AL
chaveer01,Silver Slugger,2002,AL
chaveer01,TSN All-Star,2002,AL
chavimi01,Rookie of the Month,2019,AL
chiselo01,This Year in Baseball Hitting Performance of the Year,2014,ML
chishja01,Silver Slugger,2025,AL
chishja01,TSN All-Star,2025,AL
choihe01,Rookie of the Month,2003,NL
choosh01,Player of the Month,2008,AL
choosh01,Player of the Month,2015,AL
choosh01,Player of the Week,2010,AL
choosh01,Player of the Week,2010,AL
chrisla01,Pitcher of the Month,1977,NL
chrisla01,Player of the Week,1978,NL
churcry01,Rookie of the Month,2005,NL
cicoted01,Baseball Magazine All-Star,1917,AL
cicoted01,Baseball Magazine All-Star,1919,AL
cirilje01,Player of the Week,1999,NL
cirilje01,Player of the Week,2000,NL
cishest01,Player of the Week,2013,NL
cishest01,Player of the Week,2014,NL
clancji01,Pitcher of the Month,1987,AL
clancji01,Player of the Week,1982,AL
clancji01,Player of the Week,1987,AL
clarkfr01,Baseball Magazine All-Star,1908,ML
clarkfr01,Baseball Magazine All-Star,1908,NL
clarkfr01,Baseball Magazine All-Star,1909,ML
clarkfr01,Baseball Magazine All-Star,1909,NL
clarkfr01,Baseball Magazine All-Star,1911,ML
clarkfr01,Baseball Magazine All-Star,1911,NL
clarkja01,Player of the Month,1978,NL
clarkja01,Player of the Week,1978,NL
clarkja01,Player of the Week,1978,NL
clarkja01,Player of the Week,1980,NL
clarkja01,Player of the Week,1982,NL
clarkja01,Player of the Week,1987,NL
clarkja01,Silver Slugger,1985,NL
clarkja01,Silver Slugger,1987,NL
clarkja01,TSN All-Star,1978,NL
clarkja01,TSN All-Star,1987,NL
clarkjo01,Pitching Triple Crown,1889,NL
clarkma01,Player of the Week,1997,NL
clarkto02,Player of the Week,1996,AL
clarkto02,Player of the Week,1997,AL
clarkto02,Player of the Week,2000,AL
clarkwa02,Baseball Magazine All-Star,1932,NL
clarkwi02,Gold Glove,1991,NL
clarkwi02,NLCS MVP,1989,NL
clarkwi02,Player of the Month,1988,NL
clarkwi02,Player of the Month,1989,NL
clarkwi02,Player of the Month,1989,NL
clarkwi02,Player of the Month,1991,NL
clarkwi02,Player of the Week,1987,NL
clarkwi02,Player of the Week,1987,NL
clarkwi02,Player of the Week,1988,NL
clarkwi02,Player of the Week,1988,NL
clarkwi02,Player of the Week,1989,NL
clarkwi02,Player of the Week,1991,NL
clarkwi02,Player of the Week,1994,AL
clarkwi02,Player of the Week,2000,NL
clarkwi02,Silver Slugger,1989,NL
clarkwi02,Silver Slugger,1991,NL
clarkwi02,TSN All-Star,1988,NL
clarkwi02,TSN All-Star,1989,NL
clarkwi02,TSN All-Star,1991,NL
claseem01,All-MLB Team - First Team,2022,ML
claseem01,All-MLB Team - First Team,2024,ML
claseem01,All-MLB Team - Second Team,2023,ML
claseem01,Reliever of the Month,2021,AL
claseem01,Reliever of the Month,2022,AL
claseem01,Reliever of the Month,2022,AL
claseem01,Reliever of the Month,2022,AL
claseem01,Reliever of the Month,2024,AL
claseem01,Reliever of the Month,2024,AL
claseem01,Reliever of the Month,2024,AL
claseem01,Reliever of the Year,2024,AL
claseem01,Reliever of the Year Award,2022,AL
claseem01,TSN All-Star,2022,AL
claseem01,TSN All-Star,2024,AL
claseem01,TSN Reliever of the Year,2022,AL
claseem01,TSN Reliever of the Year,2024,AL
clearma01,Pitcher of the Month,1979,AL
clearma01,Pitcher of the Month,1981,AL
clearma01,Player of the Week,1980,AL
clearma01,TSN Rookie Pitcher of the Year,1979,AL
clemema01,Player of the Week,2002,NL
clemema01,Player of the Week,2003,NL
clemero01,Babe Ruth Award,1971,NL
clemero01,Gold Glove,1961,NL
clemero01,Gold Glove,1962,NL
clemero01,Gold Glove,1963,NL
clemero01,Gold Glove,1964,NL
clemero01,Gold Glove,1965,NL
clemero01,Gold Glove,1966,NL
clemero01,Gold Glove,1967,NL
clemero01,Gold Glove,1968,NL
clemero01,Gold Glove,1969,NL
clemero01,Gold Glove,1970,NL
clemero01,Gold Glove,1971,NL
clemero01,Gold Glove,1972,NL
clemero01,Most Valuable Player,1966,NL
clemero01,TSN All-Star,1961,NL
clemero01,TSN All-Star,1964,NL
clemero01,TSN All-Star,1966,NL
clemero01,TSN All-Star,1967,NL
clemero01,TSN All-Star,1972,NL
clemero01,TSN Player of the Year,1966,NL
clemero01,World Series MVP,1971,ML
clemero02,All-Star Game MVP,1986,ML
clemero02,Cy Young Award,1986,AL
clemero02,Cy Young Award,1987,AL
clemero02,Cy Young Award,1991,AL
clemero02,Cy Young Award,1997,AL
clemero02,Cy Young Award,1998,AL
clemero02,Cy Young Award,2001,AL
clemero02,Cy Young Award,2004,NL
clemero02,MLB Players Choice Outstanding Pitcher,1997,AL
clemero02,MLB Players Choice Outstanding Pitcher,1998,AL
clemero02,MLB Players Choice Outstanding Pitcher,2001,AL
clemero02,Most Valuable Player,1986,AL
clemero02,Pitcher of the Month,1984,AL
clemero02,Pitcher of the Month,1986,AL
clemero02,Pitcher of the Month,1986,AL
clemero02,Pitcher of the Month,1988,AL
clemero02,Pitcher of the Month,1990,AL
clemero02,Pitcher of the Month,1991,AL
clemero02,Pitcher of the Month,1991,AL
clemero02,Pitcher of the Month,1992,AL
clemero02,Pitcher of the Month,1992,AL
clemero02,Pitcher of the Month,1997,AL
clemero02,Pitcher of the Month,1997,AL
clemero02,Pitcher of the Month,1998,AL
clemero02,Pitcher of the Month,2000,AL
clemero02,Pitcher of the Month,2001,AL
clemero02,Pitcher of the Month,2004,NL
clemero02,Pitching Triple Crown,1997,AL
clemero02,Pitching Triple Crown,1998,AL
clemero02,Player of the Week,1986,AL
clemero02,Player of the Week,1987,AL
clemero02,Player of the Week,1987,AL
clemero02,Player of the Week,1988,AL
clemero02,Player of the Week,1988,AL
clemero02,Player of the Week,1991,AL
clemero02,Player of the Week,1996,AL
clemero02,Player of the Week,1997,AL
clemero02,Player of the Week,1998,AL
clemero02,Player of the Week,2002,AL
clemero02,Player of the Week,2003,AL
clemero02,TSN All-Star,1986,AL
clemero02,TSN All-Star,1987,AL
clemero02,TSN All-Star,1991,AL
clemero02,TSN All-Star,1997,AL
clemero02,TSN All-Star,2001,AL
clemero02,TSN Major League Player of the Year,1986,ML
clemero02,TSN Pitcher of the Year,1986,AL
clemero02,TSN Pitcher of the Year,1991,AL
clemero02,TSN Pitcher of the Year,1997,AL
clemero02,TSN Pitcher of the Year,1998,AL
clemero02,TSN Pitcher of the Year,2001,AL
clenddo01,World Series MVP,1969,ML
clevere01,TSN Rookie Pitcher of the Year,1971,NL
clevimi01,Pitcher of the Month,2019,AL
cliftha01,Baseball Magazine All-Star,1940,AL
cliftha01,Baseball Magazine All-Star,1940,ML
clippty01,Reliever of the Month,2012,ML
cobbal01,Player of the Week,2013,AL
cobbty01,Baseball Magazine All-Star,1908,AL
cobbty01,Baseball Magazine All-Star,1908,ML
cobbty01,Baseball Magazine All-Star,1909,AL
cobbty01,Baseball Magazine All-Star,1909,ML
cobbty01,Baseball Magazine All-Star,1910,AL
cobbty01,Baseball Magazine All-Star,1910,ML
cobbty01,Baseball Magazine All-Star,1911,AL
cobbty01,Baseball Magazine All-Star,1911,ML
cobbty01,Baseball Magazine All-Star,1912,AL
cobbty01,Baseball Magazine All-Star,1912,ML
cobbty01,Baseball Magazine All-Star,1913,AL
cobbty01,Baseball Magazine All-Star,1913,ML
cobbty01,Baseball Magazine All-Star,1914,AL
cobbty01,Baseball Magazine All-Star,1914,ML
cobbty01,Baseball Magazine All-Star,1915,AL
cobbty01,Baseball Magazine All-Star,1915,ML
cobbty01,Baseball Magazine All-Star,1916,AL
cobbty01,Baseball Magazine All-Star,1916,ML
cobbty01,Baseball Magazine All-Star,1917,AL
cobbty01,Baseball Magazine All-Star,1917,ML
cobbty01,Baseball Magazine All-Star,1918,AL
cobbty01,Baseball Magazine All-Star,1918,ML
cobbty01,Baseball Magazine All-Star,1919,AL
cobbty01,Baseball Magazine All-Star,1919,ML
cobbty01,Baseball Magazine All-Star,1921,AL
cobbty01,Baseball Magazine All-Star,1921,ML
cobbty01,Baseball Magazine All-Star,1922,AL
cobbty01,Baseball Magazine All-Star,1922,ML
cobbty01,Baseball Magazine All-Star,1924,AL
cobbty01,Most Valuable Player,1911,AL
cobbty01,Triple Crown,1909,AL
cochrmi01,Baseball Magazine All-Star,1925,AL
cochrmi01,Baseball Magazine All-Star,1925,ML
cochrmi01,Baseball Magazine All-Star,1927,AL
cochrmi01,Baseball Magazine All-Star,1927,ML
cochrmi01,Baseball Magazine All-Star,1928,AL
cochrmi01,Baseball Magazine All-Star,1929,AL
cochrmi01,Baseball Magazine All-Star,1929,ML
cochrmi01,Baseball Magazine All-Star,1930,AL
cochrmi01,Baseball Magazine All-Star,1930,ML
cochrmi01,Baseball Magazine All-Star,1931,AL
cochrmi01,Baseball Magazine All-Star,1931,ML
cochrmi01,Baseball Magazine All-Star,1932,AL
cochrmi01,Baseball Magazine All-Star,1932,ML
cochrmi01,Baseball Magazine All-Star,1933,AL
cochrmi01,Baseball Magazine All-Star,1933,ML
cochrmi01,Baseball Magazine All-Star,1934,AL
cochrmi01,Baseball Magazine All-Star,1934,ML
cochrmi01,Baseball Magazine All-Star,1935,AL
cochrmi01,Baseball Magazine All-Star,1935,ML
cochrmi01,Most Valuable Player,1928,AL
cochrmi01,Most Valuable Player,1934,AL
cochrmi01,TSN All-Star,1925,ML
cochrmi01,TSN All-Star,1928,ML
cochrmi01,TSN All-Star,1929,ML
cochrmi01,TSN All-Star,1930,ML
cochrmi01,TSN All-Star,1931,ML
cochrmi01,TSN All-Star,1934,ML
cochrmi01,TSN All-Star,1935,ML
coghlch01,Rookie of the Month,2009,NL
coghlch01,Rookie of the Year,2009,NL
colabch01,Player of the Week,2014,AL
colavro01,TSN All-Star,1961,AL
colboji01,Player of the Week,1977,AL
coleal01,Player of the Week,1990,AL
colege01,All-MLB Team - First Team,2019,ML
colege01,All-MLB Team - First Team,2021,ML
colege01,All-MLB Team - First Team,2023,ML
colege01,All-MLB Team - Second Team,2020,ML
colege01,Cy Young Award,2023,AL
colege01,MLB Players Choice Outstanding Pitcher,2023,AL
colege01,Pitcher of the Month,2015,NL
colege01,Pitcher of the Month,2019,AL
colege01,Pitcher of the Month,2019,AL
colege01,Pitcher of the Month,2019,AL
colege01,Pitcher of the Month,2021,AL
colege01,Pitcher of the Month,2023,AL
colege01,Player of the Week,2019,AL
colege01,Player of the Week,2023,AL
colege01,Rookie of the Month,2013,NL
colege01,TSN All-Star,2019,AL
colege01,TSN All-Star,2021,AL
colege01,TSN All-Star,2023,AL
colege01,TSN Pitcher of the Year,2019,AL
colege01,TSN Pitcher of the Year,2021,AL
colege01,TSN Pitcher of the Year,2023,AL
coleki01,Baseball Magazine All-Star,1910,NL
colemje01,Babe Ruth Award,1950,AL
colemvi01,Player of the Week,1986,NL
colemvi01,Rookie of the Year,1985,NL
colemvi01,TSN Rookie Player of the Year,1985,NL
collida02,Player of the Week,1979,NL
collida02,Player of the Week,1980,NL
collida02,Player of the Week,1981,NL
collied01,Baseball Magazine All-Star,1909,AL
collied01,Baseball Magazine All-Star,1909,ML
collied01,Baseball Magazine All-Star,1911,AL
collied01,Baseball Magazine All-Star,1911,ML
collied01,Baseball Magazine All-Star,1912,AL
collied01,Baseball Magazine All-Star,1913,AL
collied01,Baseball Magazine All-Star,1913,ML
collied01,Baseball Magazine All-Star,1914,AL
collied01,Baseball Magazine All-Star,1914,ML
collied01,Baseball Magazine All-Star,1915,AL
collied01,Baseball Magazine All-Star,1915,ML
collied01,Baseball Magazine All-Star,1916,AL
collied01,Baseball Magazine All-Star,1916,ML
collied01,Baseball Magazine All-Star,1917,AL
collied01,Baseball Magazine All-Star,1917,ML
collied01,Baseball Magazine All-Star,1918,AL
collied01,Baseball Magazine All-Star,1918,ML
collied01,Baseball Magazine All-Star,1919,AL
collied01,Baseball Magazine All-Star,1919,ML
collied01,Baseball Magazine All-Star,1920,AL
collied01,Baseball Magazine All-Star,1920,ML
collied01,Baseball Magazine All-Star,1921,AL
collied01,Baseball Magazine All-Star,1922,AL
collied01,Baseball Magazine All-Star,1923,AL
collied01,Baseball Magazine All-Star,1923,ML
collied01,Baseball Magazine All-Star,1924,AL
collied01,Baseball Magazine All-Star,1925,AL
collied01,Baseball Magazine All-Star,1926,AL
collied01,Most Valuable Player,1914,AL
colliis01,Player of the Week,2025,NL
colomal01,Reliever of the Month,2017,AL
colonba01,Cy Young Award,2005,AL
colonba01,MLB Players Choice Outstanding Pitcher,2005,AL
colonba01,Pitcher of the Month,1998,AL
colonba01,Pitcher of the Month,2002,AL
colonba01,Pitcher of the Month,2005,AL
colonba01,Pitcher of the Month,2013,AL
colonba01,Player of the Week,1998,AL
colonba01,Player of the Week,2000,AL
colonba01,Player of the Week,2003,AL
colonba01,Player of the Week,2015,NL
colonba01,Player of the Week,2016,NL
colonba01,TSN Pitcher of the Year,2005,AL
combsea01,Baseball Magazine All-Star,1929,AL
conceda01,All-Star Game MVP,1982,ML
conceda01,Gold Glove,1974,NL
conceda01,Gold Glove,1975,NL
conceda01,Gold Glove,1976,NL
conceda01,Gold Glove,1977,NL
conceda01,Gold Glove,1979,NL
conceda01,Player of the Month,1981,NL
conceda01,Player of the Week,1977,NL
conceda01,Player of the Week,1979,NL
conceda01,Silver Slugger,1981,NL
conceda01,Silver Slugger,1982,NL
conceda01,TSN All-Star,1974,NL
conceda01,TSN All-Star,1976,NL
conceda01,TSN All-Star,1981,NL
coneda01,Cy Young Award,1994,AL
coneda01,Hutch Award,1998,ML
coneda01,Pitcher of the Month,1988,NL
coneda01,Pitcher of the Month,1994,AL
coneda01,Pitcher of the Month,1998,AL
coneda01,Player of the Week,1991,NL
coneda01,Player of the Week,1992,NL
coneda01,Player of the Week,1994,AL
coneda01,Player of the Week,1998,AL
coneda01,Player of the Week,1999,AL
coneda01,TSN All-Star,1994,AL
confomi01,All-MLB Team - Second Team,2020,ML
conigto01,Hutch Award,1970,ML
conigto01,TSN Comeback Player of the Year,1969,AL
coninje01,All-Star Game MVP,1995,ML
coninje01,Player of the Month,1995,NL
coninje01,Player of the Week,2002,AL
contrjo01,Pitcher of the Month,2005,AL
contrjo01,Pitcher of the Month,2006,AL
contrjo01,Player of the Week,2009,AL
contrwi01,Player of the Week,2017,NL
contrwi02,All-MLB Team - First Team,2024,ML
contrwi02,Player of the Week,2025,NL
contrwi02,Silver Slugger,2023,NL
contrwi02,Silver Slugger,2024,NL
contrwi02,TSN All-Star,2023,NL
contrwi02,TSN All-Star,2024,NL
coombja01,Baseball Magazine All-Star,1910,AL
coombja01,Baseball Magazine All-Star,1910,ML
coombja01,Baseball Magazine All-Star,1911,AL
coopece01,Gold Glove,1979,AL
coopece01,Gold Glove,1980,AL
coopece01,Player of the Month,1979,AL
coopece01,Player of the Month,1980,AL
coopece01,Player of the Month,1981,AL
coopece01,Player of the Month,1983,AL
coopece01,Player of the Week,1977,AL
coopece01,Player of the Week,1980,AL
coopece01,Player of the Week,1982,AL
coopece01,Player of the Week,1983,AL
coopece01,Player of the Week,1983,AL
coopece01,Roberto Clemente Award,1983,ML
coopece01,Silver Slugger,1980,AL
coopece01,Silver Slugger,1981,AL
coopece01,Silver Slugger,1982,AL
coopece01,TSN All-Star,1979,AL
coopece01,TSN All-Star,1980,AL
coopece01,TSN All-Star,1981,AL
coopece01,TSN All-Star,1982,AL
coopemo01,Baseball Magazine All-Star,1942,ML
coopemo01,Baseball Magazine All-Star,1942,NL
coopemo01,Baseball Magazine All-Star,1943,ML
coopemo01,Baseball Magazine All-Star,1943,NL
coopemo01,Baseball Magazine All-Star,1944,ML
coopemo01,Baseball Magazine All-Star,1944,NL
coopemo01,Most Valuable Player,1942,NL
coopemo01,TSN All-Star,1942,ML
coopemo01,TSN All-Star,1943,ML
coopemo01,TSN All-Star,1944,ML
coopemo01,TSN Guide MVP,1942,NL
coopewa01,Baseball Magazine All-Star,1943,NL
coopewa01,Baseball Magazine All-Star,1944,ML
coopewa01,Baseball Magazine All-Star,1944,NL
coopewa01,TSN All-Star,1943,ML
coopewa01,TSN All-Star,1944,ML
coopewa01,TSN All-Star,1947,ML
coopewi01,Baseball Magazine All-Star,1917,NL
coopewi01,Baseball Magazine All-Star,1920,NL
coopewi01,Baseball Magazine All-Star,1921,NL
coopewi01,Baseball Magazine All-Star,1922,NL
coopewi01,Baseball Magazine All-Star,1924,NL
corajo01,Player of the Week,1997,AL
corbipa01,Pitcher of the Month,2013,NL
corbipa01,Player of the Week,2018,NL
cordech01,Pitcher of the Month,2005,NL
cordech01,Reliever of the Month,2005,ML
cordech01,Reliever of the Year Award,2005,NL
cordech01,TSN All-Star,2005,NL
cordech01,TSN Reliever of the Year,2005,NL
cordefr01,Reliever of the Month,2007,ML
cordewi01,Silver Slugger,1994,NL
cordofr01,Player of the Week,1997,NL
cordoma01,MLB Players Choice Outstanding Rookie,1995,AL
cordoma01,Player of the Week,1995,AL
cordoma01,Rookie of the Year,1995,AL
corpama01,Reliever of the Month,2007,ML
correca01,Gold Glove,2021,AL
correca01,MLB Players Choice Outstanding Rookie,2015,AL
correca01,Platinum Glove,2021,AL
correca01,Player of the Month,2017,AL
correca01,Player of the Week,2016,AL
correca01,Player of the Week,2016,AL
correca01,Player of the Week,2017,AL
correca01,Player of the Week,2024,AL
correca01,Rookie of the Month,2015,AL
correca01,Rookie of the Year,2015,AL
correca01,TSN All-Star,2021,AL
correca01,TSN Rookie of the Year,2015,AL
cottsne01,This Year in Baseball Setup Man of the Year,2005,ML
counscr01,NLCS MVP,2001,NL
courtcl01,TSN Rookie of the Year,1952,AL
covelst01,Baseball Magazine All-Star,1920,AL
covelst01,Baseball Magazine All-Star,1925,AL
covelst01,Baseball Magazine All-Star,1925,ML
cowenal01,Gold Glove,1977,AL
cowenal01,Player of the Week,1977,AL
cowlejo01,Player of the Week,1986,AL
cowseco01,MLB Players Choice Outstanding Rookie,2024,AL
cowseco01,Player of the Week,2024,AL
cowseco01,Rookie of the Month,2024,AL
craigal01,This Year in Baseball Postseason Moment of the Year,2013,ML
cramedo01,Baseball Magazine All-Star,1935,AL
cramedo01,TSN All-Star,1935,ML
crandde01,Gold Glove,1958,NL
crandde01,Gold Glove,1959,NL
crandde01,Gold Glove,1960,NL
crandde01,Gold Glove,1962,NL
crandde01,TSN All-Star,1958,ML
crandde01,TSN All-Star,1960,ML
crandde01,TSN All-Star,1962,NL
cravaga01,Baseball Magazine All-Star,1913,NL
cravaga01,Baseball Magazine All-Star,1915,NL
crawfbr01,Gold Glove,2015,NL
crawfbr01,Gold Glove,2016,NL
crawfbr01,Gold Glove,2017,NL
crawfbr01,Gold Glove,2021,NL
crawfbr01,Lou Gehrig Memorial Award,2022,ML
crawfbr01,Silver Slugger,2015,NL
crawfca02,All-Star Game MVP,2009,ML
crawfca02,Gold Glove,2010,AL
crawfca02,Player of the Week,2006,AL
crawfca02,Player of the Week,2007,AL
crawfca02,Player of the Week,2010,AL
crawfca02,Player of the Week,2011,AL
crawfca02,Silver Slugger,2010,AL
crawfjp01,Gold Glove,2020,AL
crawfsa01,Baseball Magazine All-Star,1908,AL
crawfsa01,Baseball Magazine All-Star,1909,AL
crawfsa01,Baseball Magazine All-Star,1911,AL
crawfsa01,Baseball Magazine All-Star,1915,AL
crawfsa01,Baseball Magazine All-Star,1915,ML
crawfwi01,Player of the Month,1973,NL
crawfwi01,Player of the Week,1973,NL
credejo01,Player of the Week,2002,AL
credejo01,Player of the Week,2006,AL
credejo01,Player of the Week,2008,AL
credejo01,Silver Slugger,2006,AL
credejo01,TSN All-Star,2006,AL
crespcr01,Baseball Magazine All-Star,1941,NL
crigelo01,Baseball Magazine All-Star,1908,AL
crispco01,Player of the Week,2005,AL
crochga01,All-MLB Team - First Team,2025,ML
crochga01,Comeback Player of the Year,2024,AL
crochga01,Pitcher of the Month,2024,AL
cromawa01,Player of the Week,1977,NL
cromawa01,Player of the Week,1978,NL
cromawa01,Player of the Week,1979,NL
croncj01,Player of the Month,2021,NL
croncj01,Player of the Week,2021,NL
croncj01,Player of the Week,2023,NL
croneja01,MLB Players Choice Outstanding Rookie,2020,NL
croneja01,Player of the Week,2021,NL
croneja01,Rookie of the Month,2020,NL
croneja01,TSN Rookie of the Year,2020,NL
cronijo01,Baseball Magazine All-Star,1930,AL
cronijo01,Baseball Magazine All-Star,1930,ML
cronijo01,Baseball Magazine All-Star,1931,AL
cronijo01,Baseball Magazine All-Star,1931,ML
cronijo01,Baseball Magazine All-Star,1932,AL
cronijo01,Baseball Magazine All-Star,1932,ML
cronijo01,Baseball Magazine All-Star,1933,AL
cronijo01,Baseball Magazine All-Star,1933,ML
cronijo01,Baseball Magazine All-Star,1935,AL
cronijo01,Baseball Magazine All-Star,1938,AL
cronijo01,Baseball Magazine All-Star,1939,AL
cronijo01,Baseball Magazine All-Star,1939,ML
cronijo01,TSN All-Star,1930,ML
cronijo01,TSN All-Star,1931,ML
cronijo01,TSN All-Star,1932,ML
cronijo01,TSN All-Star,1933,ML
cronijo01,TSN All-Star,1934,ML
cronijo01,TSN All-Star,1938,ML
cronijo01,TSN All-Star,1939,ML
cronijo01,TSN Guide MVP,1930,AL
crosbbo01,MLB Players Choice Outstanding Rookie,2004,AL
crosbbo01,Rookie of the Month,2004,AL
crosbbo01,Rookie of the Year,2004,AL
crosbbo01,TSN Rookie of the Year,2004,AL
crowape01,All-MLB Team - Second Team,2025,ML
crowape01,Gold Glove,2025,NL
crowdal01,Baseball Magazine All-Star,1928,AL
crowdal01,Baseball Magazine All-Star,1932,AL
crowdal01,Baseball Magazine All-Star,1932,ML
crowdal01,Baseball Magazine All-Star,1933,AL
crowdal01,TSN All-Star,1933,ML
cruzjo01,Player of the Month,1984,NL
cruzjo01,Player of the Week,1978,NL
cruzjo01,Player of the Week,1984,NL
cruzjo01,Player of the Week,1987,NL
cruzjo01,Silver Slugger,1983,NL
cruzjo01,Silver Slugger,1984,NL
cruzjo01,TSN All-Star,1984,NL
cruzjo02,Gold Glove,2003,NL
cruzjo02,Player of the Week,2000,AL
cruzjo02,Player of the Week,2001,AL
cruzjo02,Player of the Week,2004,AL
cruzne02,ALCS MVP,2011,AL
cruzne02,All-MLB Team - First Team,2019,ML
cruzne02,All-MLB Team - Second Team,2020,ML
cruzne02,MLB Players Choice Man of the Year,2020,ML
cruzne02,Outstanding DH Award,2017,AL
cruzne02,Outstanding DH Award,2019,ML
cruzne02,Player of the Month,2015,AL
cruzne02,Player of the Week,2010,AL
cruzne02,Player of the Week,2014,AL
cruzne02,Player of the Week,2014,AL
cruzne02,Player of the Week,2015,AL
cruzne02,Player of the Week,2018,AL
cruzne02,Player of the Week,2019,AL
cruzne02,Player of the Week,2020,AL
cruzne02,Roberto Clemente Award,2021,ML
cruzne02,Silver Slugger,2015,AL
cruzne02,Silver Slugger,2017,AL
cruzne02,Silver Slugger,2019,AL
cruzne02,Silver Slugger,2020,AL
cruzne02,TSN All-Star,2017,AL
cruzne02,TSN All-Star,2019,AL
cruzne02,TSN All-Star,2020,AL
cruzto02,Player of the Week,1982,AL
cuccito01,Baseball Magazine All-Star,1945,AL
cuddymi01,Player of the Week,2009,AL
cuddymi01,Silver Slugger,2013,NL
cuellmi01,Cy Young Award,1969,AL
cuellmi01,Player of the Week,1974,AL
cuellmi01,TSN All-Star,1969,AL
cuellmi01,TSN All-Star,1974,AL
cuetojo01,Player of the Week,2014,NL
cuetojo01,Player of the Week,2016,NL
cuetojo01,Player of the Week,2022,AL
cullero01,Baseball Magazine All-Star,1945,AL
cullero01,Baseball Magazine All-Star,1946,AL
culpra01,TSN Rookie Pitcher of the Year,1963,NL
custja01,Player of the Week,2007,AL
custja01,Player of the Week,2008,AL
cutshge01,Baseball Magazine All-Star,1918,NL
cuyleki01,Baseball Magazine All-Star,1925,ML
cuyleki01,Baseball Magazine All-Star,1925,NL
cuyleki01,Baseball Magazine All-Star,1926,ML
cuyleki01,Baseball Magazine All-Star,1926,NL
cuyleki01,Baseball Magazine All-Star,1930,NL
cuyleki01,Baseball Magazine All-Star,1931,NL
cuyleki01,Baseball Magazine All-Star,1931,ML
cuyleki01,Baseball Magazine All-Star,1936,NL
cuyleki01,TSN All-Star,1925,ML
dacqujo01,TSN Rookie Pitcher of the Year,1974,NL
dahlda01,Player of the Week,2018,NL
dalbebo01,Rookie of the Month,2021,AL
damicje02,Pitcher of the Month,2000,NL
damonjo01,Player of the Month,2000,AL
damonjo01,Player of the Week,2006,AL
damonjo01,Player of the Week,2009,AL
damonjo01,Player of the Week,2011,AL
damonjo01,This Year in Baseball Oddity of the Year,2008,ML
damonjo01,This Year in Baseball Postseason Moment of the Year,2009,ML
damonjo01,TSN All-Star,2005,AL
danieka01,Player of the Month,1990,NL
danieka01,Player of the Week,1988,NL
danniha01,Baseball Magazine All-Star,1938,NL
danniha01,Baseball Magazine All-Star,1939,NL
danniha01,Baseball Magazine All-Star,1940,ML
danniha01,Baseball Magazine All-Star,1940,NL
danniha01,TSN All-Star,1940,ML
darkal01,Baseball Magazine All-Star,1948,NL
darkal01,Lou Gehrig Memorial Award,1955,ML
darkal01,Rookie of the Year,1948,ML
darkal01,TSN All-Star,1954,ML
darliro01,Gold Glove,1989,NL
darliro01,Pitcher of the Month,1984,NL
darnatr01,Silver Slugger,2020,NL
darviyu01,All-MLB Team - First Team,2020,ML
darviyu01,Pitcher of the Month,2020,NL
darviyu01,Pitcher of the Month,2022,NL
darviyu01,Player of the Week,2022,NL
darviyu01,Rookie of the Month,2012,AL
darwida01,Pitcher of the Month,1990,NL
darwida01,Pitcher of the Month,1993,AL
darwida01,Player of the Week,1981,AL
darwida01,Player of the Week,1996,NL
daubabr01,Player of the Week,1999,AL
daubeja01,Baseball Magazine All-Star,1911,NL
daubeja01,Baseball Magazine All-Star,1912,ML
daubeja01,Baseball Magazine All-Star,1912,NL
daubeja01,Baseball Magazine All-Star,1913,ML
daubeja01,Baseball Magazine All-Star,1913,NL
daubeja01,Baseball Magazine All-Star,1914,ML
daubeja01,Baseball Magazine All-Star,1914,NL
daubeja01,Baseball Magazine All-Star,1916,ML
daubeja01,Baseball Magazine All-Star,1916,NL
daubeja01,Baseball Magazine All-Star,1918,NL
daubeja01,Baseball Magazine All-Star,1919,NL
daubeja01,Baseball Magazine All-Star,1920,NL
daubeja01,Most Valuable Player,1913,NL
daultda01,MLB Players Choice Comeback Player,1997,NL
daultda01,Silver Slugger,1992,NL
daultda01,TSN All-Star,1992,NL
daultda01,TSN Comeback Player of the Year,1997,NL
davalvi01,Gold Glove,1964,AL
davenji01,Gold Glove,1962,NL
davisal01,Player of the Week,1988,AL
davisal01,Rookie of the Year,1984,AL
davisal01,TSN Rookie Player of the Year,1984,AL
davisch01,Outstanding DH Award,1991,AL
davisch01,Player of the Month,1988,AL
davisch01,Player of the Week,1984,NL
davisch01,Player of the Week,1986,NL
davisch01,Player of the Week,1988,AL
davisch01,Player of the Week,1989,AL
davisch01,Player of the Week,1999,AL
davisch02,Player of the Month,2013,AL
davisch02,Player of the Week,2012,AL
davisch02,Player of the Week,2013,AL
davisch02,Player of the Week,2013,AL
davisch02,Player of the Week,2016,AL
davisch02,Rookie of the Month,2008,AL
davisch02,Silver Slugger,2013,AL
davisch02,This Year in Baseball Breakout Hitter of the Year,2013,ML
daviscu01,Baseball Magazine All-Star,1939,ML
daviscu01,Baseball Magazine All-Star,1939,NL
daviser01,Gold Glove,1987,NL
daviser01,Gold Glove,1988,NL
daviser01,Gold Glove,1989,NL
daviser01,Hutch Award,1997,ML
daviser01,MLB Players Choice Comeback Player,1998,AL
daviser01,MLB Players Choice Man of the Year,2000,ML
daviser01,Player of the Month,1986,NL
daviser01,Player of the Month,1987,NL
daviser01,Player of the Month,1987,NL
daviser01,Player of the Month,1988,NL
daviser01,Player of the Week,1987,NL
daviser01,Player of the Week,1987,NL
daviser01,Player of the Week,1988,NL
daviser01,Player of the Week,1989,NL
daviser01,Player of the Week,1990,NL
daviser01,Player of the Week,1997,AL
daviser01,Roberto Clemente Award,1997,ML
daviser01,Silver Slugger,1987,NL
daviser01,Silver Slugger,1989,NL
daviser01,TSN All-Star,1987,NL
daviser01,TSN All-Star,1989,NL
daviser01,TSN Comeback Player of the Year,1996,NL
davisgl01,Lou Gehrig Memorial Award,1990,ML
davisgl01,Player of the Week,1989,NL
davisgl01,Silver Slugger,1986,NL
davisjo02,Gold Glove,1986,NL
davisjo02,Player of the Week,1983,NL
daviskh01,Outstanding DH Award,2018,ML
daviskh01,Player of the Week,2016,AL
davisma01,Cy Young Award,1989,NL
davisma01,Pitcher of the Month,1989,NL
davisma01,Player of the Week,1989,NL
davisma01,Reliever of the Year Award,1989,NL
davisma01,TSN All-Star,1989,NL
davisma01,TSN Fireman of the Year,1989,NL
davisma01,TSN Pitcher of the Year,1989,NL
davismi02,Player of the Month,1985,AL
davisro02,Player of the Week,1980,AL
davisst02,TSN Comeback Player of the Year,1988,AL
davisto02,Outstanding DH Award,1974,AL
davisto02,TSN All-Star,1962,NL
davisto02,TSN All-Star,1963,NL
davisto02,TSN All-Star,1974,AL
daviswa01,Babe Ruth Award,2015,AL
daviswa01,Rookie of the Month,2010,AL
daviswa01,This Year in Baseball Best Major Leaguer - Postseason,2015,ML
daviswa01,This Year in Baseball Setup Man of the Year,2014,ML
daviswi02,Gold Glove,1971,NL
daviswi02,Gold Glove,1972,NL
daviswi02,Gold Glove,1973,NL
daviswi02,Player of the Week,1973,NL
daviswi02,TSN All-Star,1971,NL
dawsoan01,Gold Glove,1980,NL
dawsoan01,Gold Glove,1981,NL
dawsoan01,Gold Glove,1982,NL
dawsoan01,Gold Glove,1983,NL
dawsoan01,Gold Glove,1984,NL
dawsoan01,Gold Glove,1985,NL
dawsoan01,Gold Glove,1987,NL
dawsoan01,Gold Glove,1988,NL
dawsoan01,Hutch Award,1994,ML
dawsoan01,MLB Players Curt Flood Award,2020,ML
dawsoan01,Most Valuable Player,1987,NL
dawsoan01,Player of the Month,1983,NL
dawsoan01,Player of the Month,1987,NL
dawsoan01,Player of the Month,1990,NL
dawsoan01,Player of the Week,1983,NL
dawsoan01,Player of the Week,1985,NL
dawsoan01,Player of the Week,1987,NL
dawsoan01,Player of the Week,1988,NL
dawsoan01,Player of the Week,1989,NL
dawsoan01,Player of the Week,1990,NL
dawsoan01,Player of the Week,1991,NL
dawsoan01,Player of the Week,1994,AL
dawsoan01,Rookie of the Year,1977,NL
dawsoan01,Silver Slugger,1980,NL
dawsoan01,Silver Slugger,1981,NL
dawsoan01,Silver Slugger,1983,NL
dawsoan01,Silver Slugger,1987,NL
dawsoan01,TSN All-Star,1981,NL
dawsoan01,TSN All-Star,1983,NL
dawsoan01,TSN All-Star,1987,NL
dawsoan01,TSN Player of the Year,1981,NL
dawsoan01,TSN Player of the Year,1987,NL
dawsoan01,TSN Rookie Player of the Year,1977,NL
deandi01,Baseball Magazine All-Star,1932,NL
deandi01,Baseball Magazine All-Star,1933,ML
deandi01,Baseball Magazine All-Star,1933,NL
deandi01,Baseball Magazine All-Star,1934,ML
deandi01,Baseball Magazine All-Star,1934,NL
deandi01,Baseball Magazine All-Star,1935,ML
deandi01,Baseball Magazine All-Star,1935,NL
deandi01,Baseball Magazine All-Star,1936,ML
deandi01,Baseball Magazine All-Star,1936,NL
deandi01,Most Valuable Player,1934,NL
deandi01,TSN All-Star,1934,ML
deandi01,TSN All-Star,1935,ML
deandi01,TSN All-Star,1936,ML
deandi01,TSN Guide MVP,1934,NL
deazaal01,Player of the Week,2013,AL
decindo01,Player of the Month,1978,AL
decindo01,Player of the Month,1982,AL
decindo01,Player of the Month,1986,AL
decindo01,Player of the Week,1982,AL
decindo01,Player of the Week,1986,AL
decindo01,Silver Slugger,1982,AL
decindo01,TSN All-Star,1982,AL
deerro01,Player of the Week,1992,AL
degroja01,All-MLB Team - First Team,2019,ML
degroja01,All-MLB Team - First Team,2020,ML
degroja01,Comeback Player of the Year,2025,AL
degroja01,Cy Young Award,2018,NL
degroja01,Cy Young Award,2019,NL
degroja01,MLB Players Choice Outstanding Pitcher,2018,NL
degroja01,MLB Players Choice Outstanding Pitcher,2019,NL
degroja01,MLB Players Choice Outstanding Rookie,2014,NL
degroja01,Pitcher of the Month,2021,NL
degroja01,Pitcher of the Month,2021,NL
degroja01,Player of the Week,2014,NL
degroja01,Player of the Week,2015,NL
degroja01,Player of the Week,2017,NL
degroja01,Rookie of the Month,2014,NL
degroja01,Rookie of the Month,2014,NL
degroja01,Rookie of the Year,2014,NL
degroja01,TSN All-Star,2018,NL
degroja01,TSN All-Star,2019,NL
degroja01,TSN All-Star,2020,NL
degroja01,TSN Comeback Player of the Year,2025,AL
degroja01,TSN Pitcher of the Year,2018,NL
degroja01,TSN Pitcher of the Year,2019,NL
degroja01,TSN Pitcher of the Year,2020,NL
degroja01,TSN Rookie of the Year,2014,NL
dejeami01,Player of the Week,2003,NL
dejesda01,Player of the Week,2005,AL
dejonpa01,Rookie of the Month,2017,NL
delacel01,Player of the Week,2023,NL
deleojo01,Player of the Week,1983,NL
delgaca01,Hank Aaron Award,2000,AL
delgaca01,MLB Players Choice Outstanding Player,2000,AL
delgaca01,MLB Players Choice Player of the Year,2000,ML
delgaca01,Player of the Week,1998,AL
delgaca01,Player of the Week,1998,AL
delgaca01,Player of the Week,2000,AL
delgaca01,Player of the Week,2000,AL
delgaca01,Player of the Week,2000,AL
delgaca01,Player of the Week,2001,AL
delgaca01,Player of the Week,2002,AL
delgaca01,Player of the Week,2003,AL
delgaca01,Player of the Week,2004,AL
delgaca01,Roberto Clemente Award,2006,ML
delgaca01,Silver Slugger,1999,AL
delgaca01,Silver Slugger,2000,AL
delgaca01,Silver Slugger,2003,AL
delgaca01,TSN All-Star,2000,AL
delgaca01,TSN All-Star,2003,AL
delgaca01,TSN Major League Player of the Year,2000,ML
demarfr02,Baseball Magazine All-Star,1937,NL
demerla01,Player of the Week,1976,NL
dempsri01,Babe Ruth Award,1983,AL
dempsri01,World Series MVP,1983,ML
dempsry01,Player of the Week,2001,NL
dempsry01,Player of the Week,2012,NL
dempsry01,Reliever of the Month,2005,ML
dennyjo01,Cy Young Award,1983,NL
dennyjo01,Pitcher of the Month,1983,NL
dennyjo01,Player of the Week,1981,AL
dennyjo01,TSN All-Star,1983,NL
dennyjo01,TSN Comeback Player of the Year,1983,NL
dennyjo01,TSN Pitcher of the Year,1983,NL
dentbu01,Babe Ruth Award,1978,AL
dentbu01,Player of the Week,1975,AL
dentbu01,World Series MVP,1978,ML
dernibo01,Gold Glove,1984,NL
derosma01,Player of the Week,2006,AL
derripa01,Baseball Magazine All-Star,1931,NL
derripa01,Baseball Magazine All-Star,1935,NL
derripa01,Baseball Magazine All-Star,1938,ML
derripa01,Baseball Magazine All-Star,1938,NL
derripa01,Baseball Magazine All-Star,1939,ML
derripa01,Baseball Magazine All-Star,1939,NL
derripa01,Baseball Magazine All-Star,1940,ML
derripa01,Baseball Magazine All-Star,1940,NL
derripa01,TSN All-Star,1940,ML
deshide02,Rookie of the Month,2015,AL
desmoia01,Silver Slugger,2012,NL
desmoia01,Silver Slugger,2013,NL
desmoia01,Silver Slugger,2014,NL
detmere01,Player of the Week,2022,AL
devermi01,NLCS MVP,1995,NL
devermi01,Player of the Week,1990,AL
devermi01,Player of the Week,1992,AL
devermi01,TSN All-Star,1992,AL
deverra01,All-MLB Team - Second Team,2021,ML
deverra01,Player of the Month,2019,AL
deverra01,Player of the Week,2019,AL
deverra01,Player of the Week,2023,AL
deverra01,Player of the Week,2025,AL
deverra01,Silver Slugger,2021,AL
deverra01,Silver Slugger,2023,AL
devliar01,Baseball Magazine All-Star,1908,ML
devliar01,Baseball Magazine All-Star,1908,NL
devliar01,Baseball Magazine All-Star,1909,NL
devliar01,Baseball Magazine All-Star,1910,ML
devliar01,Baseball Magazine All-Star,1910,NL
dewitbl01,Rookie of the Month,2008,NL
diazbo01,Player of the Month,1987,NL
diazbo01,Player of the Week,1987,NL
diazed04,All-MLB Team - First Team,2022,ML
diazed04,All-MLB Team - Second Team,2025,ML
diazed04,Reliever of the Month,2017,AL
diazed04,Reliever of the Month,2018,AL
diazed04,Reliever of the Month,2018,AL
diazed04,Reliever of the Month,2018,AL
diazed04,Reliever of the Month,2018,AL
diazed04,Reliever of the Month,2022,NL
diazed04,Reliever of the Month,2022,NL
diazed04,Reliever of the Month,2022,NL
diazed04,Reliever of the Month,2025,NL
diazed04,Reliever of the Month,2025,NL
diazed04,Reliever of the Year Award,2018,AL
diazed04,Reliever of the Year Award,2022,NL
diazed04,Reliever of the Year Award,2025,NL
diazed04,TSN All-Star,2018,AL
diazed04,TSN All-Star,2022,NL
diazed04,TSN All-Star,2025,NL
diazed04,TSN Reliever of the Year,2018,AL
diazed04,TSN Reliever of the Year,2022,NL
diazel01,All-Star Game MVP,2023,NL
diazya01,Player of the Week,2025,AL
diazya01,Silver Slugger,2023,AL
diazya01,TSN All-Star,2023,AL
dibblro01,NLCS MVP,1990,NL
dibblro01,Pitcher of the Month,1991,NL
dickebi01,Baseball Magazine All-Star,1936,AL
dickebi01,Baseball Magazine All-Star,1936,ML
dickebi01,Baseball Magazine All-Star,1937,AL
dickebi01,Baseball Magazine All-Star,1937,ML
dickebi01,Baseball Magazine All-Star,1938,AL
dickebi01,Baseball Magazine All-Star,1938,ML
dickebi01,Baseball Magazine All-Star,1939,AL
dickebi01,Baseball Magazine All-Star,1939,ML
dickebi01,Baseball Magazine All-Star,1941,AL
dickebi01,Baseball Magazine All-Star,1941,ML
dickebi01,Baseball Magazine All-Star,1942,AL
dickebi01,Baseball Magazine All-Star,1942,ML
dickebi01,Baseball Magazine All-Star,1943,AL
dickebi01,Baseball Magazine All-Star,1943,ML
dickebi01,TSN All-Star,1932,ML
dickebi01,TSN All-Star,1933,ML
dickebi01,TSN All-Star,1936,ML
dickebi01,TSN All-Star,1938,ML
dickebi01,TSN All-Star,1939,ML
dickebi01,TSN All-Star,1941,ML
dickeco01,Gold Glove,2018,NL
dickeco01,Player of the Week,2014,NL
dickera01,Branch Rickey Award,2012,ML
dickera01,Cy Young Award,2012,NL
dickera01,Gold Glove,2013,AL
dickera01,MLB Players Choice Outstanding Pitcher,2012,NL
dickera01,Pitcher of the Month,2012,NL
dickera01,Player of the Week,2012,NL
dickera01,This Year in Baseball Breakout Pitcher of the Year,2012,ML
dickera01,This Year in Baseball Starter of the Year,2012,ML
dickera01,TSN Pitcher of the Year,2012,NL
dicksja01,TSN Rookie Pitcher of the Year,1997,AL
diekmja01,Hutch Award,2017,ML
dillast01,Player of the Week,1979,NL
dimagdo01,Baseball Magazine All-Star,1949,AL
dimagdo01,TSN All-Star,1946,ML
dimagjo01,Baseball Magazine All-Star,1936,AL
dimagjo01,Baseball Magazine All-Star,1936,ML
dimagjo01,Baseball Magazine All-Star,1937,AL
dimagjo01,Baseball Magazine All-Star,1937,ML
dimagjo01,Baseball Magazine All-Star,1938,AL
dimagjo01,Baseball Magazine All-Star,1938,ML
dimagjo01,Baseball Magazine All-Star,1939,AL
dimagjo01,Baseball Magazine All-Star,1939,ML
dimagjo01,Baseball Magazine All-Star,1940,AL
dimagjo01,Baseball Magazine All-Star,1940,ML
dimagjo01,Baseball Magazine All-Star,1941,AL
dimagjo01,Baseball Magazine All-Star,1941,ML
dimagjo01,Baseball Magazine All-Star,1942,AL
dimagjo01,Baseball Magazine All-Star,1942,ML
dimagjo01,Baseball Magazine All-Star,1946,AL
dimagjo01,Baseball Magazine All-Star,1946,ML
dimagjo01,Baseball Magazine All-Star,1947,AL
dimagjo01,Baseball Magazine All-Star,1947,ML
dimagjo01,Baseball Magazine All-Star,1948,AL
dimagjo01,Baseball Magazine All-Star,1948,ML
dimagjo01,Baseball Magazine All-Star,1950,AL
dimagjo01,Baseball Magazine All-Star,1950,ML
dimagjo01,Most Valuable Player,1939,AL
dimagjo01,Most Valuable Player,1941,AL
dimagjo01,Most Valuable Player,1947,AL
dimagjo01,TSN All-Star,1937,ML
dimagjo01,TSN All-Star,1938,ML
dimagjo01,TSN All-Star,1939,ML
dimagjo01,TSN All-Star,1940,ML
dimagjo01,TSN All-Star,1941,ML
dimagjo01,TSN All-Star,1942,ML
dimagjo01,TSN All-Star,1947,ML
dimagjo01,TSN All-Star,1948,ML
dimagjo01,TSN Guide MVP,1939,AL
dimagjo01,TSN Guide MVP,1941,AL
dimagjo01,TSN Major League Player of the Year,1939,ML
dimagvi01,Baseball Magazine All-Star,1943,NL
dingldi01,Gold Glove,2025,AL
dobyla01,TSN All-Star,1950,ML
doerrbo01,Baseball Magazine All-Star,1946,AL
doerrbo01,Baseball Magazine All-Star,1946,ML
doerrbo01,Baseball Magazine All-Star,1950,AL
doerrbo01,Baseball Magazine All-Star,1950,ML
doerrbo01,TSN All-Star,1944,ML
doerrbo01,TSN All-Star,1946,ML
doerrbo01,TSN Guide MVP,1944,AL
doerrbo01,TSN Player of the Year,1944,AL
donaljo02,Comeback Player of the Year,2019,NL
donaljo02,Hank Aaron Award,2015,AL
donaljo02,MLB Players Choice Comeback Player,2019,NL
donaljo02,MLB Players Choice Outstanding Player,2015,AL
donaljo02,MLB Players Choice Player of the Year,2015,ML
donaljo02,Most Valuable Player,2015,AL
donaljo02,Player of the Month,2013,AL
donaljo02,Player of the Week,2013,AL
donaljo02,Player of the Week,2015,AL
donaljo02,Player of the Week,2015,AL
donaljo02,Player of the Week,2016,AL
donaljo02,Silver Slugger,2015,AL
donaljo02,Silver Slugger,2016,AL
donaljo02,This Year in Baseball Best Play - Defense,2015,ML
donaljo02,TSN All-Star,2016,AL
donaljo02,TSN Comeback Player of the Year,2019,NL
donaljo02,TSN Major League Player of the Year,2015,ML
donlimi01,Baseball Magazine All-Star,1908,ML
donlimi01,Baseball Magazine All-Star,1908,NL
donlimi01,Baseball Magazine All-Star,1911,NL
donnebr01,This Year in Baseball Setup Man of the Year,2003,ML
donohpe01,Baseball Magazine All-Star,1925,NL
donovbi01,Baseball Magazine All-Star,1908,AL
donovbr01,Gold Glove,2022,NL
donovdi01,TSN All-Star,1962,AL
donovdi01,TSN Pitcher of the Year,1962,AL
dooinre01,Baseball Magazine All-Star,1911,ML
dooinre01,Baseball Magazine All-Star,1911,NL
doolise01,Bob Feller Act of Valor Award - MLB Player,2018,ML
doolise01,Reliever of the Month,2017,NL
doranbi02,Player of the Week,1987,NL
doranbi02,Player of the Week,1989,NL
doranbi02,Player of the Week,1990,NL
doteloc01,Player of the Week,1999,NL
dotsori01,Pitcher of the Month,1983,AL
dotsori01,Player of the Week,1981,AL
doumiry01,Player of the Week,2008,NL
dovalca01,Reliever of the Month,2021,NL
dovalca01,Reliever of the Month,2022,NL
dovalca01,Reliever of the Month,2023,NL
downial01,TSN Comeback Player of the Year,1971,NL
downibr01,Player of the Month,1987,AL
downibr01,Player of the Week,1990,AL
doylebr02,Gold Glove,2023,NL
doylebr02,Gold Glove,2024,NL
doylebr02,Player of the Month,2024,NL
doylebr02,Player of the Week,2024,NL
doylela01,Baseball Magazine All-Star,1911,NL
doylela01,Baseball Magazine All-Star,1915,NL
doylela01,Most Valuable Player,1912,NL
doziebr01,Gold Glove,2017,AL
drabedo01,Cy Young Award,1990,NL
drabedo01,Pitcher of the Month,1987,NL
drabedo01,Pitcher of the Month,1990,NL
drabedo01,Pitcher of the Month,1990,NL
drabedo01,Pitcher of the Month,1994,NL
drabedo01,Player of the Week,1987,NL
drabedo01,Player of the Week,1990,NL
drabedo01,Player of the Week,1995,NL
drabedo01,TSN All-Star,1990,NL
drabedo01,TSN Pitcher of the Year,1990,NL
draveda01,Hutch Award,1989,ML
draveda01,Player of the Week,1987,NL
dresery01,Rookie of the Month,2002,AL
drewjd01,All-Star Game MVP,2008,ML
drewjd01,Player of the Month,2008,AL
drewjd01,This Year in Baseball Postseason Moment of the Year,2007,ML
drewjd01,TSN All-Star,2004,NL
driesda01,Player of the Week,1977,NL
driesda01,Player of the Week,1982,NL
dropowa01,Baseball Magazine All-Star,1950,AL
dropowa01,Rookie of the Year,1950,AL
dropowa01,TSN All-Star,1950,ML
drurybr01,Player of the Week,2016,NL
drurybr01,Silver Slugger,2022,NL
drurybr01,TSN Comeback Player of the Year,2022,NL
drysddo01,Cy Young Award,1962,ML
drysddo01,TSN All-Star,1962,NL
drysddo01,TSN Major League Player of the Year,1962,ML
drysddo01,TSN Pitcher of the Year,1962,NL
dubonma01,Gold Glove,2023,AL
dubonma01,Gold Glove,2025,AL
dudalu01,Player of the Week,2015,NL
duffyhu01,Triple Crown,1894,NL
duganjo01,Baseball Magazine All-Star,1922,AL
duganjo01,Baseball Magazine All-Star,1922,ML
duganjo01,Baseball Magazine All-Star,1923,AL
duganjo01,Baseball Magazine All-Star,1924,AL
duganjo01,Baseball Magazine All-Star,1924,ML
dukeza01,Rookie of the Month,2005,NL
dukeza01,Rookie of the Month,2005,NL
duncach01,Player of the Week,2006,NL
duncach01,Rookie of the Month,2006,NL
duncama01,Player of the Week,1991,NL
dunnad01,MLB Players Choice Comeback Player,2012,AL
dunnad01,Player of the Month,2005,NL
dunnad01,Player of the Week,2002,NL
dunnad01,Player of the Week,2007,NL
dunnad01,TSN Comeback Player of the Year,2012,AL
dunnemi01,TSN Rookie Pitcher of the Year,1987,NL
dunstsh01,Player of the Week,1989,NL
dunstsh01,TSN All-Star,1989,NL
duranja01,All-MLB Team - Second Team,2024,ML
duranja01,All-Star Game MVP,2024,AL
duranja01,TSN All-Star,2024,AL
duranjh01,All-MLB Team - First Team,2025,ML
duranjh01,Reliever of the Month,2025,AL
durazer01,Player of the Week,2004,AL
durenry01,TSN Rookie of the Year,1958,AL
durhale01,Player of the Month,1984,NL
durhale01,Silver Slugger,1982,NL
durhara01,Player of the Week,1998,AL
durhara01,Player of the Week,2001,AL
duvalad01,Gold Glove,2021,NL
duvalad01,Player of the Week,2023,AL
duvalad01,Player of the Week,2023,AL
dwyerji01,Player of the Week,1975,NL
dyeje01,Babe Ruth Award,2005,AL
dyeje01,Gold Glove,2000,AL
dyeje01,MLB Players Choice Outstanding Player,2006,AL
dyeje01,Player of the Month,2000,AL
dyeje01,Player of the Month,2001,AL
dyeje01,Player of the Week,1999,AL
dyeje01,Player of the Week,2000,AL
dyeje01,Player of the Week,2006,AL
dyeje01,Player of the Week,2006,AL
dyeje01,Player of the Week,2008,AL
dyeje01,Player of the Week,2009,AL
dyeje01,Silver Slugger,2006,AL
dyeje01,TSN All-Star,2006,AL
dyeje01,World Series MVP,2005,ML
dykesji01,Baseball Magazine All-Star,1929,AL
dykstle01,Player of the Month,1994,NL
dykstle01,Player of the Week,1986,NL
dykstle01,Player of the Week,1990,NL
dykstle01,Player of the Week,1994,NL
dykstle01,Silver Slugger,1993,NL
dykstle01,TSN All-Star,1993,NL
earnsge01,Baseball Magazine All-Star,1929,AL
earnsge01,Baseball Magazine All-Star,1929,ML
earnsge01,Baseball Magazine All-Star,1930,AL
earnsge01,Baseball Magazine All-Star,1931,AL
earnsge01,Baseball Magazine All-Star,1931,ML
earnsge01,TSN All-Star,1931,ML
easleda01,Player of the Week,1998,AL
easleda01,Silver Slugger,1998,AL
easlemi01,Player of the Week,1980,NL
eastelu01,TSN Player of the Year,1952,AL
eastwra01,Reliever of the Year Award,1976,NL
eastwra01,TSN Fireman of the Year,1976,NL
eatonad02,Player of the Week,2015,AL
eatonad02,Player of the Week,2018,NL
eckerde01,ALCS MVP,1988,AL
eckerde01,Cy Young Award,1992,AL
eckerde01,MLB Players Choice Outstanding Player,1992,AL
eckerde01,Most Valuable Player,1992,AL
eckerde01,Player of the Week,1977,AL
eckerde01,Player of the Week,1978,AL
eckerde01,Player of the Week,1985,NL
eckerde01,Reliever of the Year Award,1988,AL
eckerde01,Reliever of the Year Award,1992,AL
eckerde01,TSN Fireman of the Year,1988,AL
eckerde01,TSN Fireman of the Year,1991,AL
eckerde01,TSN Fireman of the Year,1992,AL
eckerde01,TSN Pitcher of the Year,1992,AL
eckerde01,TSN Rookie Pitcher of the Year,1975,AL
eckstda01,Babe Ruth Award,2006,AL
eckstda01,World Series MVP,2006,ML
edmanto01,Gold Glove,2021,NL
edmanto01,NLCS MVP,2024,NL
edmanto01,Player of the Week,2021,NL
edmonji01,Gold Glove,1997,AL
edmonji01,Gold Glove,1998,AL
edmonji01,Gold Glove,2000,NL
edmonji01,Gold Glove,2001,NL
edmonji01,Gold Glove,2002,NL
edmonji01,Gold Glove,2003,NL
edmonji01,Gold Glove,2004,NL
edmonji01,Gold Glove,2005,NL
edmonji01,Player of the Month,2004,NL
edmonji01,Player of the Week,1995,AL
edmonji01,Player of the Week,1995,AL
edmonji01,Player of the Week,1997,AL
edmonji01,Player of the Week,2003,NL
edmonji01,Player of the Week,2003,NL
edmonji01,Player of the Week,2004,NL
edmonji01,Player of the Week,2004,NL
edmonji01,Silver Slugger,2004,NL
edmonji01,This Year in Baseball Defensive Player of the Year,2003,ML
edmonji01,This Year in Baseball Defensive Player of the Year,2004,ML
edmonji01,TSN All-Star,1995,AL
edmonji01,TSN All-Star,2004,NL
edwarbr01,Baseball Magazine All-Star,1947,ML
edwarbr01,Baseball Magazine All-Star,1947,NL
edwarjo01,Gold Glove,1963,NL
edwarjo01,Gold Glove,1964,NL
edwarjo01,TSN All-Star,1963,NL
ehmkeho01,Baseball Magazine All-Star,1923,AL
eichhma01,TSN Rookie Pitcher of the Year,1986,AL
elartsc01,Player of the Week,2000,NL
eldreca01,Pitcher of the Month,1992,AL
eldreca01,Pitcher of the Month,1994,AL
eldreca01,Pitcher of the Month,2000,AL
eldreca01,TSN Rookie Pitcher of the Year,1992,AL
elliobo01,Baseball Magazine All-Star,1944,ML
elliobo01,Baseball Magazine All-Star,1944,NL
elliobo01,Baseball Magazine All-Star,1947,ML
elliobo01,Baseball Magazine All-Star,1947,NL
elliobo01,Baseball Magazine All-Star,1950,NL
elliobo01,Most Valuable Player,1947,NL
elliobo01,TSN All-Star,1944,ML
elliobo01,TSN All-Star,1948,ML
ellisdo01,TSN Comeback Player of the Year,1976,AL
ellisma01,Player of the Week,2009,AL
ellsbja01,Comeback Player of the Year,2011,AL
ellsbja01,Gold Glove,2011,AL
ellsbja01,MLB Players Choice Comeback Player,2011,AL
ellsbja01,Player of the Week,2011,AL
ellsbja01,Player of the Week,2014,AL
ellsbja01,Rookie of the Month,2007,AL
ellsbja01,Silver Slugger,2011,AL
ellsbja01,This Year in Baseball Defensive Player of the Year,2009,ML
ellsbja01,TSN Comeback Player of the Year,2011,AL
elsteke01,TSN Comeback Player of the Year,1996,AL
encared01,Player of the Month,2014,AL
encared01,Player of the Month,2015,AL
encared01,Player of the Week,2006,NL
encared01,Player of the Week,2010,AL
encared01,Player of the Week,2013,AL
encared01,Player of the Week,2014,AL
encared01,Player of the Week,2015,AL
encared01,Player of the Week,2018,AL
ennisde01,Baseball Magazine All-Star,1946,NL
ennisde01,TSN Rookie of the Year,1946,ML
ensbemo01,Player of the Week,2003,NL
ensbemo01,Player of the Week,2005,NL
ensbemo01,Silver Slugger,2005,NL
ensbemo01,TSN All-Star,2005,NL
eovalna01,All-MLB Team - Second Team,2023,ML
eovalna01,Pitcher of the Month,2023,AL
eovalna01,Pitcher of the Month,2025,AL
ericksc01,Pitcher of the Month,1991,AL
ericksc01,Player of the Week,1994,AL
erstada01,Gold Glove,2000,AL
erstada01,Gold Glove,2002,AL
erstada01,Gold Glove,2004,AL
erstada01,Player of the Week,1998,AL
erstada01,Player of the Week,2000,AL
erstada01,Player of the Week,2000,AL
erstada01,Silver Slugger,2000,AL
erstada01,TSN All-Star,2000,AL
esaskni01,Player of the Month,1989,AL
escobal02,ALCS MVP,2015,AL
escobal02,Gold Glove,2015,AL
escobed01,Player of the Month,2022,NL
escobed01,Player of the Week,2018,AL
escobed01,Player of the Week,2019,NL
escobke01,Player of the Week,2001,AL
escobyu01,Player of the Week,2009,NL
espinda01,Player of the Week,2016,NL
estevca01,Reliever of the Month,2024,AL
estrach01,TSN Pitcher of the Year,1960,AL
estrajo01,Silver Slugger,2004,NL
estrajo01,TSN All-Star,2004,NL
ethiean01,Gold Glove,2011,NL
ethiean01,Player of the Week,2006,NL
ethiean01,Player of the Week,2008,NL
ethiean01,Player of the Week,2009,NL
ethiean01,Player of the Week,2009,NL
ethiean01,Silver Slugger,2009,NL
ettenni01,Baseball Magazine All-Star,1945,AL
evansda01,Player of the Month,1983,NL
evansda01,Player of the Week,1973,NL
evansda01,Player of the Week,1983,NL
evansda01,Player of the Week,1985,AL
evansda01,Player of the Week,1985,AL
evansda01,TSN All-Star,1973,NL
evansdw01,Gold Glove,1976,AL
evansdw01,Gold Glove,1978,AL
evansdw01,Gold Glove,1979,AL
evansdw01,Gold Glove,1981,AL
evansdw01,Gold Glove,1982,AL
evansdw01,Gold Glove,1983,AL
evansdw01,Gold Glove,1984,AL
evansdw01,Gold Glove,1985,AL
evansdw01,Player of the Month,1981,AL
evansdw01,Player of the Month,1987,AL
evansdw01,Player of the Week,1981,AL
evansdw01,Player of the Week,1984,AL
evansdw01,Player of the Week,1988,AL
evansdw01,Player of the Week,1989,AL
evansdw01,Player of the Week,1990,AL
evansdw01,Silver Slugger,1981,AL
evansdw01,Silver Slugger,1987,AL
evansdw01,TSN All-Star,1982,AL
evansdw01,TSN All-Star,1984,AL
evansdw01,TSN All-Star,1987,AL
evereca01,Player of the Week,1999,NL
evereca01,Player of the Week,2003,AL
eversjo01,Baseball Magazine All-Star,1908,NL
eversjo01,Baseball Magazine All-Star,1909,NL
eversjo01,Baseball Magazine All-Star,1910,NL
eversjo01,Baseball Magazine All-Star,1912,ML
eversjo01,Baseball Magazine All-Star,1912,NL
eversjo01,Baseball Magazine All-Star,1914,NL
eversjo01,Most Valuable Player,1914,NL
faberre01,Baseball Magazine All-Star,1921,AL
faberre01,Baseball Magazine All-Star,1921,ML
facero01,TSN Fireman of the Year,1962,NL
fainfe01,Baseball Magazine All-Star,1948,AL
fainfe01,TSN All-Star,1951,ML
fainfe01,TSN All-Star,1952,ML
fainfe01,TSN Player of the Year,1951,AL
falkecy01,Baseball Magazine All-Star,1913,AL
fasseje01,Pitcher of the Month,1996,NL
fasseje01,Pitcher of the Month,1996,NL
fasseje01,Pitcher of the Month,1997,AL
feldemi01,Player of the Week,1991,NL
feldemi01,Player of the Week,1992,NL
felixju01,Player of the Week,1989,AL
felixju01,Player of the Week,1992,AL
felixju01,Player of the Week,1993,NL
felizne01,Rookie of the Month,2010,AL
felizne01,Rookie of the Year,2010,AL
felizpe01,Player of the Week,2006,NL
felizpe01,Rookie of the Month,2001,NL
fellebo01,Baseball Magazine All-Star,1939,AL
fellebo01,Baseball Magazine All-Star,1939,ML
fellebo01,Baseball Magazine All-Star,1940,AL
fellebo01,Baseball Magazine All-Star,1940,ML
fellebo01,Baseball Magazine All-Star,1941,AL
fellebo01,Baseball Magazine All-Star,1941,ML
fellebo01,Baseball Magazine All-Star,1946,AL
fellebo01,Baseball Magazine All-Star,1946,ML
fellebo01,Baseball Magazine All-Star,1947,AL
fellebo01,Baseball Magazine All-Star,1947,ML
fellebo01,Pitching Triple Crown,1940,AL
fellebo01,TSN All-Star,1939,ML
fellebo01,TSN All-Star,1940,ML
fellebo01,TSN All-Star,1941,ML
fellebo01,TSN All-Star,1946,ML
fellebo01,TSN All-Star,1947,ML
fellebo01,TSN Major League Player of the Year,1940,ML
fellebo01,TSN Pitcher of the Year,1951,AL
felscha01,Baseball Magazine All-Star,1917,AL
fernaal01,MLB Players Choice Comeback Player,1999,NL
fernaal01,Pitcher of the Month,1994,AL
fernajo02,MLB Players Choice Comeback Player,2016,NL
fernajo02,MLB Players Choice Outstanding Rookie,2013,NL
fernajo02,Pitcher of the Month,2014,NL
fernajo02,Player of the Week,2013,NL
fernajo02,Player of the Week,2013,NL
fernajo02,Player of the Week,2014,NL
fernajo02,Player of the Week,2016,NL
fernajo02,Rookie of the Month,2013,NL
fernajo02,Rookie of the Month,2013,NL
fernajo02,Rookie of the Year,2013,NL
fernajo02,This Year in Baseball Rookie of the Year,2013,ML
fernajo02,TSN Comeback Player of the Year,2016,NL
fernajo02,TSN Rookie of the Year,2013,NL
fernasi01,Pitcher of the Month,1987,NL
fernasi01,Pitcher of the Month,1995,NL
fernasi01,Player of the Week,1989,NL
fernato01,Gold Glove,1986,AL
fernato01,Gold Glove,1987,AL
fernato01,Gold Glove,1988,AL
fernato01,Gold Glove,1989,AL
fernato01,Player of the Week,1999,AL
fernato01,TSN All-Star,1986,AL
ferrewe01,Baseball Magazine All-Star,1929,AL
ferrewe01,Baseball Magazine All-Star,1930,AL
ferrewe01,Baseball Magazine All-Star,1930,ML
ferrewe01,Baseball Magazine All-Star,1931,AL
ferrewe01,Baseball Magazine All-Star,1931,ML
ferrewe01,Baseball Magazine All-Star,1932,AL
ferrewe01,Baseball Magazine All-Star,1935,AL
ferrewe01,Baseball Magazine All-Star,1935,ML
ferrewe01,Baseball Magazine All-Star,1936,AL
ferrewe01,TSN All-Star,1930,ML
ferrida01,Baseball Magazine All-Star,1945,AL
ferrida01,Baseball Magazine All-Star,1945,ML
ferrida01,Baseball Magazine All-Star,1946,AL
ferrida01,TSN All-Star,1945,ML
ferrida01,TSN All-Star,1946,ML
fettelo01,Baseball Magazine All-Star,1937,ML
fettelo01,Baseball Magazine All-Star,1937,NL
fickro01,Player of the Week,2002,AL
fidryma01,Player of the Month,1976,AL
fidryma01,Player of the Week,1977,AL
fidryma01,Rookie of the Year,1976,AL
fidryma01,TSN Rookie Pitcher of the Year,1976,AL
fieldce01,Babe Ruth Award,1996,AL
fieldce01,Player of the Month,1990,AL
fieldce01,Player of the Week,1990,AL
fieldce01,Player of the Week,1990,AL
fieldce01,Player of the Week,1993,AL
fieldce01,Silver Slugger,1990,AL
fieldce01,Silver Slugger,1991,AL
fieldce01,TSN All-Star,1990,AL
fieldce01,TSN All-Star,1991,AL
fieldce01,TSN Player of the Year,1990,AL
fieldjo02,Player of the Week,2007,AL
fieldpr01,All-Star Game MVP,2011,NL
fieldpr01,Comeback Player of the Year,2015,AL
fieldpr01,Hank Aaron Award,2007,NL
fieldpr01,MLB Players Choice Comeback Player,2015,AL
fieldpr01,MLB Players Choice Outstanding Player,2007,NL
fieldpr01,Player of the Month,2007,NL
fieldpr01,Player of the Month,2011,NL
fieldpr01,Player of the Week,2007,NL
fieldpr01,Player of the Week,2008,NL
fieldpr01,Player of the Week,2011,NL
fieldpr01,Player of the Week,2011,NL
fieldpr01,Player of the Week,2013,AL
fieldpr01,Player of the Week,2015,AL
fieldpr01,Rookie of the Month,2006,NL
fieldpr01,Silver Slugger,2007,NL
fieldpr01,Silver Slugger,2011,NL
fieldpr01,Silver Slugger,2012,AL
fieldpr01,This Year in Baseball Best Bounceback Player,2015,ML
fieldpr01,TSN All-Star,2007,NL
fieldpr01,TSN Comeback Player of the Year,2015,AL
fiersmi01,Player of the Week,2015,AL
fiersmi01,Player of the Week,2019,AL
figueed01,Player of the Week,1978,AL
filerto01,Player of the Week,1988,AL
fingero01,Cy Young Award,1981,AL
fingero01,Most Valuable Player,1981,AL
fingero01,Player of the Week,1976,AL
fingero01,Player of the Week,1976,AL
fingero01,Reliever of the Year Award,1977,NL
fingero01,Reliever of the Year Award,1978,NL
fingero01,Reliever of the Year Award,1980,NL
fingero01,Reliever of the Year Award,1981,AL
fingero01,TSN Fireman of the Year,1977,NL
fingero01,TSN Fireman of the Year,1978,NL
fingero01,TSN Fireman of the Year,1980,NL
fingero01,TSN Fireman of the Year,1981,AL
fingero01,World Series MVP,1974,ML
finlech01,Pitcher of the Month,1989,AL
finlech01,Pitcher of the Month,1990,AL
finlech01,Pitcher of the Month,1997,AL
finlech01,Pitcher of the Month,1998,AL
finlech01,Player of the Week,1996,AL
finlech01,Player of the Week,1997,AL
finlech01,TSN All-Star,1989,AL
finlech01,TSN All-Star,1990,AL
finlest01,Gold Glove,1995,NL
finlest01,Gold Glove,1996,NL
finlest01,Gold Glove,1999,NL
finlest01,Gold Glove,2000,NL
finlest01,Gold Glove,2004,NL
finlest01,Player of the Week,1992,NL
finlest01,Player of the Week,1996,NL
finlest01,Player of the Week,1997,NL
finlest01,Player of the Week,1999,NL
finlest01,Player of the Week,2004,NL
fisheed02,TSN Fireman of the Year,1965,AL
fiskca01,Bob Feller Act of Valor Award - HOF Player,2023,ML
fiskca01,Gold Glove,1972,AL
fiskca01,Player of the Week,1977,AL
fiskca01,Player of the Week,1977,AL
fiskca01,Player of the Week,1977,AL
fiskca01,Player of the Week,1985,AL
fiskca01,Player of the Week,1988,AL
fiskca01,Rookie of the Year,1972,AL
fiskca01,Silver Slugger,1981,AL
fiskca01,Silver Slugger,1985,AL
fiskca01,Silver Slugger,1988,AL
fiskca01,TSN All-Star,1972,AL
fiskca01,TSN All-Star,1977,AL
fiskca01,TSN All-Star,1983,AL
fiskca01,TSN All-Star,1985,AL
fiskca01,TSN All-Star,1990,AL
fiskca01,TSN Rookie Player of the Year,1972,AL
fistedo01,Pitcher of the Month,2011,AL
fitzgty01,Rookie of the Month,2024,NL
fitzmal01,Player of the Week,1974,AL
fitzsfr01,Baseball Magazine All-Star,1931,NL
flaheja01,All-MLB Team - Second Team,2019,ML
flaheja01,Pitcher of the Month,2019,NL
flaheja01,Pitcher of the Month,2019,NL
flanami01,Cy Young Award,1979,AL
flanami01,TSN All-Star,1979,AL
flanami01,TSN Pitcher of the Year,1979,AL
flemida01,TSN All-Star,1992,AL
fletcda02,Player of the Week,2021,AL
fletcsc01,Player of the Month,1986,AL
floodcu01,Gold Glove,1963,NL
floodcu01,Gold Glove,1964,NL
floodcu01,Gold Glove,1965,NL
floodcu01,Gold Glove,1966,NL
floodcu01,Gold Glove,1967,NL
floodcu01,Gold Glove,1968,NL
floodcu01,Gold Glove,1969,NL
floodcu01,TSN All-Star,1968,NL
floydcl01,Player of the Week,2000,NL
floydcl01,Player of the Week,2001,NL
floydga01,Pitcher of the Month,2010,AL
flynndo01,Gold Glove,1980,NL
flynndo01,Player of the Week,1980,NL
fonsele01,Baseball Magazine All-Star,1929,AL
footeba01,Player of the Week,1974,NL
fordda01,Player of the Week,1979,AL
fordle01,Player of the Week,2005,AL
fordwh01,Babe Ruth Award,1961,AL
fordwh01,Cy Young Award,1961,ML
fordwh01,TSN All-Star,1955,ML
fordwh01,TSN All-Star,1956,ML
fordwh01,TSN All-Star,1961,AL
fordwh01,TSN All-Star,1963,AL
fordwh01,TSN Pitcher of the Year,1955,AL
fordwh01,TSN Pitcher of the Year,1961,AL
fordwh01,TSN Pitcher of the Year,1963,AL
fordwh01,TSN Rookie of the Year,1950,AL
fordwh01,World Series MVP,1961,ML
fornimi01,TSN Fireman of the Year,1960,AL
forscbo01,Player of the Week,1978,NL
forscbo01,Player of the Week,1983,NL
forscbo01,Silver Slugger,1980,NL
forscbo01,Silver Slugger,1987,NL
forscke01,Pitcher of the Month,1979,NL
forscke01,Player of the Week,1979,NL
forstte01,Player of the Week,1984,NL
forstte01,TSN Fireman of the Year,1974,AL
forsylo01,Player of the Week,2015,AL
fossera01,Gold Glove,1970,AL
fossera01,Gold Glove,1971,AL
fossera01,TSN All-Star,1970,AL
fostege01,All-Star Game MVP,1976,ML
fostege01,Most Valuable Player,1977,NL
fostege01,Player of the Month,1976,NL
fostege01,Player of the Month,1976,NL
fostege01,Player of the Month,1977,NL
fostege01,Player of the Month,1977,NL
fostege01,Player of the Month,1979,NL
fostege01,Player of the Month,1979,NL
fostege01,Player of the Week,1977,NL
fostege01,Player of the Week,1977,NL
fostege01,Player of the Week,1980,NL
fostege01,Player of the Week,1983,NL
fostege01,Player of the Week,1986,NL
fostege01,Silver Slugger,1981,NL
fostege01,TSN All-Star,1976,NL
fostege01,TSN All-Star,1977,NL
fostege01,TSN All-Star,1978,NL
fostege01,TSN All-Star,1981,NL
fostege01,TSN Player of the Year,1976,NL
fostege01,TSN Player of the Year,1977,NL
fostero01,TSN Rookie Player of the Year,1970,AL
foulkke01,Babe Ruth Award,2004,AL
foulkke01,Reliever of the Year Award,2003,AL
foulkke01,TSN Reliever of the Year,2003,AL
foxne01,Gold Glove,1957,ML
foxne01,Gold Glove,1959,AL
foxne01,Gold Glove,1960,AL
foxne01,Most Valuable Player,1959,AL
foxne01,TSN All-Star,1955,ML
foxne01,TSN All-Star,1956,ML
foxne01,TSN All-Star,1958,ML
foxne01,TSN All-Star,1959,ML
foxne01,TSN Player of the Year,1959,AL
foxpe01,Baseball Magazine All-Star,1935,AL
foxpe01,Baseball Magazine All-Star,1944,AL
foxxji01,Baseball Magazine All-Star,1932,AL
foxxji01,Baseball Magazine All-Star,1932,ML
foxxji01,Baseball Magazine All-Star,1933,AL
foxxji01,Baseball Magazine All-Star,1933,ML
foxxji01,Baseball Magazine All-Star,1938,AL
foxxji01,Baseball Magazine All-Star,1938,ML
foxxji01,Baseball Magazine All-Star,1939,AL
foxxji01,Baseball Magazine All-Star,1939,ML
foxxji01,Baseball Magazine All-Star,1940,AL
foxxji01,Baseball Magazine All-Star,1941,AL
foxxji01,Most Valuable Player,1932,AL
foxxji01,Most Valuable Player,1933,AL
foxxji01,Most Valuable Player,1938,AL
foxxji01,Triple Crown,1933,AL
foxxji01,TSN All-Star,1929,ML
foxxji01,TSN All-Star,1932,ML
foxxji01,TSN All-Star,1933,ML
foxxji01,TSN All-Star,1938,ML
foxxji01,TSN All-Star,1939,ML
foxxji01,TSN Guide MVP,1932,AL
foxxji01,TSN Guide MVP,1933,AL
foxxji01,TSN Guide MVP,1938,AL
francbo01,Pitcher of the Month,2024,AL
francbo01,Player of the Week,2024,AL
francfr01,Rookie of the Month,2004,AL
francje02,Gold Glove,2007,NL
francjo01,Lou Gehrig Memorial Award,2001,ML
francjo01,Pitcher of the Month,1988,NL
francjo01,Player of the Week,1985,NL
francjo01,Player of the Week,1988,NL
francjo01,Reliever of the Year Award,1988,NL
francjo01,Reliever of the Year Award,1990,NL
francjo01,TSN Fireman of the Year,1988,NL
francjo01,TSN Fireman of the Year,1990,NL
francjo01,TSN Fireman of the Year,1994,NL
francju01,All-Star Game MVP,1990,ML
francju01,Silver Slugger,1988,AL
francju01,Silver Slugger,1989,AL
francju01,Silver Slugger,1990,AL
francju01,Silver Slugger,1991,AL
francju01,Silver Slugger,1994,AL
francju01,TSN All-Star,1989,AL
francju01,TSN All-Star,1990,AL
francju01,TSN All-Star,1991,AL
francma02,Rookie of the Month,2015,NL
francty01,Gold Glove,2025,AL
francty01,Player of the Week,2022,AL
francty01,Player of the Week,2025,AL
frankry01,Reliever of the Month,2009,ML
frankry01,TSN Reliever of the Year,2009,NL
fraziad01,Player of the Week,2019,NL
frazito01,MLB Players Choice Outstanding Rookie,2012,NL
frazito01,Player of the Week,2015,NL
frazito01,Rookie of the Month,2012,NL
freehbi01,Gold Glove,1965,AL
freehbi01,Gold Glove,1966,AL
freehbi01,Gold Glove,1967,AL
freehbi01,Gold Glove,1968,AL
freehbi01,Gold Glove,1969,AL
freehbi01,TSN All-Star,1967,AL
freehbi01,TSN All-Star,1968,AL
freehbi01,TSN All-Star,1969,AL
freehbi01,TSN All-Star,1971,AL
freemfr01,All-MLB Team - First Team,2020,ML
freemfr01,All-MLB Team - First Team,2023,ML
freemfr01,All-MLB Team - Second Team,2019,ML
freemfr01,All-MLB Team - Second Team,2021,ML
freemfr01,All-MLB Team - Second Team,2022,ML
freemfr01,Babe Ruth Award,2021,ML
freemfr01,Gold Glove,2018,NL
freemfr01,Hank Aaron Award,2020,NL
freemfr01,MLB Players Choice Outstanding Player,2020,NL
freemfr01,MLB Players Choice Player of the Year,2020,ML
freemfr01,Most Valuable Player,2020,NL
freemfr01,Player of the Month,2016,NL
freemfr01,Player of the Month,2020,NL
freemfr01,Player of the Month,2022,NL
freemfr01,Player of the Month,2023,NL
freemfr01,Player of the Week,2012,NL
freemfr01,Player of the Week,2012,NL
freemfr01,Player of the Week,2016,NL
freemfr01,Player of the Week,2016,NL
freemfr01,Player of the Week,2016,NL
freemfr01,Player of the Week,2022,NL
freemfr01,Player of the Week,2022,NL
freemfr01,Player of the Week,2022,NL
freemfr01,Player of the Week,2023,NL
freemfr01,Player of the Week,2025,NL
freemfr01,Rookie of the Month,2011,NL
freemfr01,Silver Slugger,2019,NL
freemfr01,Silver Slugger,2020,NL
freemfr01,Silver Slugger,2021,NL
freemfr01,TSN All-Star,2016,NL
freemfr01,TSN All-Star,2018,NL
freemfr01,TSN All-Star,2019,NL
freemfr01,TSN All-Star,2020,NL
freemfr01,TSN All-Star,2021,NL
freemfr01,TSN All-Star,2023,NL
freemfr01,World Series MVP,2024,ML
freesda01,Babe Ruth Award,2011,NL
freesda01,NLCS MVP,2011,NL
freesda01,Player of the Week,2010,NL
freesda01,This Year in Baseball Postseason Moment of the Year,2011,ML
freesda01,This Year in Baseball Postseason MVP,2011,ML
freesda01,World Series MVP,2011,ML
fregoji01,Gold Glove,1967,AL
fregoji01,TSN All-Star,1964,AL
fregoji01,TSN All-Star,1967,AL
freimna01,Rookie of the Month,2013,AL
freisda01,Player of the Week,1976,NL
frelisa01,Gold Glove,2024,NL
frencla01,Baseball Magazine All-Star,1936,NL
freylo01,Baseball Magazine All-Star,1939,NL
friedma01,All-MLB Team - First Team,2020,ML
friedma01,All-MLB Team - First Team,2025,ML
friedma01,All-MLB Team - Second Team,2021,ML
friedma01,All-MLB Team - Second Team,2022,ML
friedma01,Gold Glove,2020,NL
friedma01,Gold Glove,2021,NL
friedma01,Gold Glove,2022,NL
friedma01,Gold Glove,2025,AL
friedma01,Pitcher of the Month,2021,NL
friedma01,Pitcher of the Month,2025,AL
friedma01,Pitcher of the Month,2025,AL
friedma01,Silver Slugger,2021,NL
frienbo01,TSN All-Star,1958,ML
friscfr01,Baseball Magazine All-Star,1921,ML
friscfr01,Baseball Magazine All-Star,1921,NL
friscfr01,Baseball Magazine All-Star,1923,ML
friscfr01,Baseball Magazine All-Star,1923,NL
friscfr01,Baseball Magazine All-Star,1927,ML
friscfr01,Baseball Magazine All-Star,1927,NL
friscfr01,Baseball Magazine All-Star,1930,ML
friscfr01,Baseball Magazine All-Star,1930,NL
friscfr01,Baseball Magazine All-Star,1931,ML
friscfr01,Baseball Magazine All-Star,1931,NL
friscfr01,Baseball Magazine All-Star,1933,NL
friscfr01,Baseball Magazine All-Star,1934,NL
friscfr01,Most Valuable Player,1931,NL
friscfr01,TSN All-Star,1930,ML
friscfr01,TSN All-Star,1931,ML
frymatr01,Gold Glove,2000,AL
frymatr01,Player of the Week,1993,AL
frymatr01,Player of the Week,2000,AL
frymatr01,Silver Slugger,1992,AL
frymatr01,TSN All-Star,1992,AL
frymatr01,TSN All-Star,1993,AL
frymatr01,TSN All-Star,2000,AL
frymawo01,Player of the Week,1975,NL
fuentjo01,Player of the Week,2021,NL
fulmemi01,MLB Players Choice Outstanding Rookie,2016,AL
fulmemi01,Rookie of the Year,2016,AL
fulmemi01,TSN Rookie of the Year,2016,AL
furcara01,MLB Players Choice Outstanding Rookie,2000,NL
furcara01,Player of the Week,2004,NL
furcara01,Player of the Week,2010,NL
furcara01,Rookie of the Year,2000,NL
furcara01,This Year in Baseball Play of the Year,2003,ML
furcara01,TSN Rookie Player of the Year,2000,NL
furilca01,Baseball Magazine All-Star,1950,ML
furilca01,Baseball Magazine All-Star,1950,NL
furilca01,TSN All-Star,1953,ML
gaettga01,ALCS MVP,1987,AL
gaettga01,Gold Glove,1986,AL
gaettga01,Gold Glove,1987,AL
gaettga01,Gold Glove,1988,AL
gaettga01,Gold Glove,1989,AL
gaettga01,Player of the Week,1989,AL
gaettga01,Player of the Week,1995,AL
gaettga01,Silver Slugger,1995,AL
gagneer01,Cy Young Award,2003,NL
gagneer01,MLB Players Choice Outstanding Pitcher,2003,NL
gagneer01,Pitcher of the Month,2002,NL
gagneer01,Player of the Week,2003,NL
gagneer01,Reliever of the Year Award,2003,NL
gagneer01,Reliever of the Year Award,2004,NL
gagneer01,TSN All-Star,2003,NL
gagneer01,TSN Pitcher of the Year,2003,NL
gagneer01,TSN Reliever of the Year,2003,NL
gagnegr01,Player of the Week,1988,AL
galaran01,Gold Glove,1989,NL
galaran01,Gold Glove,1990,NL
galaran01,MLB Players Choice Comeback Player,2000,NL
galaran01,Player of the Month,1993,NL
galaran01,Player of the Month,1993,NL
galaran01,Player of the Week,1988,NL
galaran01,Player of the Week,1988,NL
galaran01,Player of the Week,1988,NL
galaran01,Player of the Week,1993,NL
galaran01,Player of the Week,1995,NL
galaran01,Silver Slugger,1988,NL
galaran01,Silver Slugger,1996,NL
galaran01,TSN Comeback Player of the Year,1993,NL
galaran01,TSN Comeback Player of the Year,2000,NL
galarar01,Player of the Week,2010,AL
galarar01,This Year in Baseball Performance of the Year,2010,ML
galeri01,TSN Rookie Pitcher of the Year,1978,AL
gallayo01,Silver Slugger,2010,NL
galleza01,All-MLB Team - First Team,2023,ML
galleza01,Pitcher of the Month,2022,NL
galleza01,Player of the Week,2022,NL
galleza01,Player of the Week,2023,NL
gallojo01,Gold Glove,2020,AL
gallojo01,Gold Glove,2021,AL
gallojo01,Player of the Week,2019,AL
gamblos01,Player of the Week,1979,AL
gamblos01,Player of the Week,1980,AL
gamblos01,Player of the Week,1982,AL
gantnji01,Player of the Week,1982,AL
gantnji01,Player of the Week,1983,AL
gantro01,Player of the Week,1990,NL
gantro01,Silver Slugger,1991,NL
gantro01,TSN All-Star,1991,NL
gantro01,TSN Comeback Player of the Year,1995,NL
garciad02,ALCS MVP,2023,AL
garciad02,All-MLB Team - Second Team,2023,ML
garciad02,Babe Ruth Award,2023,ML
garciad02,Gold Glove,2023,AL
garciad02,Player of the Week,2021,AL
garciad02,Player of the Week,2023,AL
garciad02,Rookie of the Month,2021,AL
garciad02,TSN Rookie of the Year,2021,AL
garcida01,Silver Slugger,1982,AL
garcida01,TSN All-Star,1982,AL
garcida01,TSN All-Star,1985,AL
garcifr02,Pitcher of the Month,2003,AL
garcija02,Player of the Week,2011,NL
garcika01,Player of the Week,2002,AL
garcima01,Gold Glove,2025,AL
garcino01,Comeback Player of the Year,2006,NL
garcino01,MLB Players Choice Comeback Player,2006,NL
garcino01,MLB Players Choice Outstanding Rookie,1997,AL
garcino01,Player of the Month,1999,AL
garcino01,Player of the Week,1997,AL
garcino01,Player of the Week,1998,AL
garcino01,Player of the Week,1998,AL
garcino01,Player of the Week,1999,AL
garcino01,Player of the Week,2000,AL
garcino01,Player of the Week,2003,AL
garcino01,Player of the Week,2006,NL
garcino01,Rookie of the Year,1997,AL
garcino01,Silver Slugger,1997,AL
garcino01,TSN All-Star,1997,AL
garcino01,TSN All-Star,1999,AL
garcino01,TSN Comeback Player of the Year,2006,NL
garcino01,TSN Rookie Player of the Year,1997,AL
gardnbr01,Gold Glove,2016,AL
gardnbr01,Player of the Week,2013,AL
gardnbr01,Player of the Week,2014,AL
gardnbr01,Player of the Week,2015,AL
gardnla01,Baseball Magazine All-Star,1912,AL
gardnla01,Baseball Magazine All-Star,1916,AL
gardnla01,Baseball Magazine All-Star,1916,ML
gardnla01,Baseball Magazine All-Star,1920,AL
gardnla01,Baseball Magazine All-Star,1921,AL
garlajo01,Pitcher of the Month,2005,AL
garlajo01,Player of the Week,2005,AL
garneph01,Player of the Week,1977,NL
garneph01,Player of the Week,1978,NL
garneph01,Player of the Week,1979,NL
garneph01,Player of the Week,1986,NL
garresc01,Player of the Week,1985,NL
garresc01,Player of the Week,1985,NL
garresc01,Player of the Week,1990,NL
garrewa01,Player of the Week,1973,NL
garrra01,Player of the Month,1974,NL
garrra01,Player of the Week,1974,NL
garrra01,Player of the Week,1974,NL
garvemi01,Silver Slugger,2019,AL
garvest01,All-Star Game MVP,1974,ML
garvest01,All-Star Game MVP,1978,ML
garvest01,Gold Glove,1974,NL
garvest01,Gold Glove,1975,NL
garvest01,Gold Glove,1976,NL
garvest01,Gold Glove,1977,NL
garvest01,Lou Gehrig Memorial Award,1984,ML
garvest01,Most Valuable Player,1974,NL
garvest01,NLCS MVP,1978,NL
garvest01,NLCS MVP,1984,NL
garvest01,Player of the Month,1976,NL
garvest01,Player of the Week,1976,NL
garvest01,Player of the Week,1977,NL
garvest01,Player of the Week,1978,NL
garvest01,Player of the Week,1983,NL
garvest01,Roberto Clemente Award,1981,ML
garvest01,TSN All-Star,1974,NL
garvest01,TSN All-Star,1975,NL
garvest01,TSN All-Star,1977,NL
garvest01,TSN All-Star,1978,NL
garzama01,ALCS MVP,2008,AL
garzama01,Player of the Week,2010,AL
gattiev01,Player of the Week,2018,AL
gattiev01,Rookie of the Month,2013,NL
gattiev01,Rookie of the Month,2013,NL
gaudich01,Player of the Week,2009,NL
gausmke01,All-MLB Team - Second Team,2021,ML
gausmke01,All-MLB Team - Second Team,2023,ML
gausmke01,Pitcher of the Month,2021,NL
gausmke01,Player of the Week,2022,AL
gedmari01,TSN All-Star,1986,AL
gedmari01,TSN Rookie Player of the Year,1981,AL
gehrich01,Baseball Magazine All-Star,1929,AL
gehrich01,Baseball Magazine All-Star,1930,AL
gehrich01,Baseball Magazine All-Star,1932,AL
gehrich01,Baseball Magazine All-Star,1932,ML
gehrich01,Baseball Magazine All-Star,1933,AL
gehrich01,Baseball Magazine All-Star,1933,ML
gehrich01,Baseball Magazine All-Star,1934,AL
gehrich01,Baseball Magazine All-Star,1934,ML
gehrich01,Baseball Magazine All-Star,1935,AL
gehrich01,Baseball Magazine All-Star,1935,ML
gehrich01,Baseball Magazine All-Star,1936,AL
gehrich01,Baseball Magazine All-Star,1936,ML
gehrich01,Baseball Magazine All-Star,1937,AL
gehrich01,Baseball Magazine All-Star,1937,ML
gehrich01,Baseball Magazine All-Star,1938,AL
gehrich01,Baseball Magazine All-Star,1938,ML
gehrich01,Most Valuable Player,1937,AL
gehrich01,TSN All-Star,1933,ML
gehrich01,TSN All-Star,1934,ML
gehrich01,TSN All-Star,1935,ML
gehrich01,TSN All-Star,1936,ML
gehrich01,TSN All-Star,1937,ML
gehrich01,TSN All-Star,1938,ML
gehrich01,TSN Guide MVP,1937,AL
gehrilo01,Baseball Magazine All-Star,1927,AL
gehrilo01,Baseball Magazine All-Star,1927,ML
gehrilo01,Baseball Magazine All-Star,1928,AL
gehrilo01,Baseball Magazine All-Star,1928,ML
gehrilo01,Baseball Magazine All-Star,1930,AL
gehrilo01,Baseball Magazine All-Star,1931,AL
gehrilo01,Baseball Magazine All-Star,1931,ML
gehrilo01,Baseball Magazine All-Star,1934,AL
gehrilo01,Baseball Magazine All-Star,1934,ML
gehrilo01,Baseball Magazine All-Star,1936,AL
gehrilo01,Baseball Magazine All-Star,1936,ML
gehrilo01,Baseball Magazine All-Star,1937,AL
gehrilo01,Baseball Magazine All-Star,1937,ML
gehrilo01,Most Valuable Player,1927,AL
gehrilo01,Most Valuable Player,1936,AL
gehrilo01,Triple Crown,1934,AL
gehrilo01,TSN All-Star,1927,ML
gehrilo01,TSN All-Star,1928,ML
gehrilo01,TSN All-Star,1931,ML
gehrilo01,TSN All-Star,1934,ML
gehrilo01,TSN All-Star,1936,ML
gehrilo01,TSN All-Star,1937,ML
gehrilo01,TSN Guide MVP,1931,AL
gehrilo01,TSN Guide MVP,1934,AL
gehrilo01,TSN Guide MVP,1936,AL
gelofza01,Rookie of the Month,2023,AL
gennesc01,Player of the Month,2018,NL
gennesc01,Player of the Week,2017,NL
gennesc01,Player of the Week,2018,NL
gennesc01,Player of the Week,2018,NL
germado01,Player of the Week,2023,AL
geronce01,Gold Glove,1974,NL
geronce01,Gold Glove,1975,NL
geronce01,Gold Glove,1976,NL
geronce01,Gold Glove,1977,NL
gerutjo01,TSN Rookie Player of the Year,2003,AL
giambja01,Comeback Player of the Year,2005,AL
giambja01,Hutch Award,2000,ML
giambja01,MLB Players Choice Comeback Player,2005,AL
giambja01,Most Valuable Player,2000,AL
giambja01,Player of the Month,2000,AL
giambja01,Player of the Month,2001,AL
giambja01,Player of the Month,2002,AL
giambja01,Player of the Month,2003,AL
giambja01,Player of the Month,2005,AL
giambja01,Player of the Month,2006,AL
giambja01,Player of the Week,1996,AL
giambja01,Player of the Week,2000,AL
giambja01,Player of the Week,2006,AL
giambja01,Silver Slugger,2001,AL
giambja01,Silver Slugger,2002,AL
giambja01,TSN All-Star,2002,AL
giambja01,TSN Comeback Player of the Year,2005,AL
gibsobo01,Babe Ruth Award,1964,NL
gibsobo01,Cy Young Award,1968,NL
gibsobo01,Cy Young Award,1970,NL
gibsobo01,Gold Glove,1965,NL
gibsobo01,Gold Glove,1966,NL
gibsobo01,Gold Glove,1967,NL
gibsobo01,Gold Glove,1968,NL
gibsobo01,Gold Glove,1969,NL
gibsobo01,Gold Glove,1970,NL
gibsobo01,Gold Glove,1971,NL
gibsobo01,Gold Glove,1972,NL
gibsobo01,Gold Glove,1973,NL
gibsobo01,Most Valuable Player,1968,NL
gibsobo01,TSN All-Star,1968,NL
gibsobo01,TSN All-Star,1970,NL
gibsobo01,TSN Pitcher of the Year,1968,NL
gibsobo01,TSN Pitcher of the Year,1970,NL
gibsobo01,World Series MVP,1964,ML
gibsobo01,World Series MVP,1967,ML
gibsoge01,Baseball Magazine All-Star,1909,ML
gibsoge01,Baseball Magazine All-Star,1909,NL
gibsoge01,Baseball Magazine All-Star,1910,ML
gibsoge01,Baseball Magazine All-Star,1910,NL
gibsoki01,ALCS MVP,1984,AL
gibsoki01,Most Valuable Player,1988,NL
gibsoki01,Player of the Week,1981,AL
gibsoki01,Player of the Week,1981,AL
gibsoki01,Player of the Week,1985,AL
gibsoki01,Player of the Week,1986,AL
gibsoki01,Player of the Week,1986,AL
gibsoki01,Player of the Week,1986,AL
gibsoki01,Player of the Week,1995,AL
gibsoki01,Silver Slugger,1988,NL
gilbelo01,Pitcher of the Month,2022,AL
gilbelo01,Player of the Week,2023,AL
gilbety01,Player of the Week,2021,NL
gilesbr02,Player of the Week,1999,NL
gilesbr02,Player of the Week,1999,NL
gilesbr02,Player of the Week,2000,NL
gilesbr02,Player of the Week,2000,NL
gilesbr02,Player of the Week,2004,NL
gilesma01,TSN All-Star,2003,NL
gilliji01,Rookie of the Year,1953,NL
gilliji01,TSN All-Star,1963,NL
gilliji01,TSN Rookie of the Year,1953,NL
gillu01,Pitcher of the Month,2024,AL
gillu01,Rookie of the Month,2024,AL
gillu01,Rookie of the Year,2024,AL
gimenan01,All-MLB Team - Second Team,2022,ML
gimenan01,Gold Glove,2022,AL
gimenan01,Gold Glove,2023,AL
gimenan01,Gold Glove,2024,AL
gimenan01,Platinum Glove,2023,AL
gimenan01,TSN All-Star,2022,AL
ginteke01,Player of the Week,2004,NL
giolilu01,Pitcher of the Month,2019,AL
giolilu01,Player of the Week,2019,AL
giolilu01,Player of the Week,2020,AL
giustda01,TSN Fireman of the Year,1971,NL
gladdda01,Player of the Week,1988,AL
gladdda01,Player of the Week,1989,AL
gladdda01,Player of the Week,1993,AL
glasnty01,Pitcher of the Month,2019,AL
glasnty01,Pitcher of the Month,2023,AL
glasnty01,TSN Comeback Player of the Year,2023,AL
glaustr01,Babe Ruth Award,2002,AL
glaustr01,Player of the Month,2010,NL
glaustr01,Player of the Week,1999,AL
glaustr01,Player of the Week,2001,AL
glaustr01,Player of the Week,2003,AL
glaustr01,Player of the Week,2007,AL
glaustr01,Silver Slugger,2000,AL
glaustr01,Silver Slugger,2001,AL
glaustr01,TSN All-Star,2001,AL
glaustr01,World Series MVP,2002,ML
glavito02,Babe Ruth Award,1995,NL
glavito02,Cy Young Award,1991,NL
glavito02,Cy Young Award,1998,NL
glavito02,Pitcher of the Month,1991,NL
glavito02,Pitcher of the Month,1992,NL
glavito02,Pitcher of the Month,1997,NL
glavito02,Pitcher of the Month,1998,NL
glavito02,Player of the Week,1992,NL
glavito02,Player of the Week,1993,NL
glavito02,Player of the Week,2000,NL
glavito02,Silver Slugger,1991,NL
glavito02,Silver Slugger,1995,NL
glavito02,Silver Slugger,1996,NL
glavito02,Silver Slugger,1998,NL
glavito02,TSN All-Star,1991,NL
glavito02,TSN All-Star,1992,NL
glavito02,TSN All-Star,1998,NL
glavito02,TSN All-Star,2000,NL
glavito02,TSN Pitcher of the Year,1991,NL
glavito02,TSN Pitcher of the Year,2000,NL
glavito02,World Series MVP,1995,ML
gloadro01,Rookie of the Month,2004,AL
goldspa01,All-MLB Team - First Team,2022,ML
goldspa01,Gold Glove,2013,NL
goldspa01,Gold Glove,2015,NL
goldspa01,Gold Glove,2017,NL
goldspa01,Gold Glove,2021,NL
goldspa01,Hank Aaron Award,2013,NL
goldspa01,Hank Aaron Award,2022,NL
goldspa01,Lou Gehrig Memorial Award,2023,ML
goldspa01,MLB Players Choice Outstanding Player,2022,NL
goldspa01,Most Valuable Player,2022,NL
goldspa01,Player of the Month,2018,NL
goldspa01,Player of the Month,2019,NL
goldspa01,Player of the Month,2022,NL
goldspa01,Player of the Week,2015,NL
goldspa01,Player of the Week,2018,NL
goldspa01,Player of the Week,2019,NL
goldspa01,Player of the Week,2022,NL
goldspa01,Player of the Week,2022,NL
goldspa01,Player of the Week,2022,NL
goldspa01,Silver Slugger,2013,NL
goldspa01,Silver Slugger,2015,NL
goldspa01,Silver Slugger,2017,NL
goldspa01,Silver Slugger,2018,NL
goldspa01,Silver Slugger,2022,NL
goldspa01,TSN All-Star,2022,NL
gomesya01,Silver Slugger,2014,AL
gomesya01,TSN All-Star,2018,AL
gomezca01,Gold Glove,2013,NL
gomezca01,Player of the Week,2008,AL
gomezca01,Player of the Week,2012,NL
gomezca01,Player of the Week,2013,NL
gomezle01,Baseball Magazine All-Star,1932,AL
gomezle01,Baseball Magazine All-Star,1932,ML
gomezle01,Baseball Magazine All-Star,1934,AL
gomezle01,Baseball Magazine All-Star,1934,ML
gomezle01,Baseball Magazine All-Star,1937,AL
gomezle01,Baseball Magazine All-Star,1937,ML
gomezle01,Baseball Magazine All-Star,1938,AL
gomezle01,Pitching Triple Crown,1934,AL
gomezle01,Pitching Triple Crown,1937,AL
gomezle01,TSN All-Star,1934,ML
gomezle01,TSN All-Star,1938,ML
gonzaad01,Gold Glove,2008,NL
gonzaad01,Gold Glove,2009,NL
gonzaad01,Gold Glove,2011,AL
gonzaad01,Gold Glove,2014,NL
gonzaad01,Player of the Month,2011,AL
gonzaad01,Player of the Month,2015,NL
gonzaad01,Player of the Week,2006,NL
gonzaad01,Player of the Week,2009,NL
gonzaad01,Player of the Week,2009,NL
gonzaad01,Player of the Week,2010,NL
gonzaad01,Player of the Week,2011,AL
gonzaad01,Player of the Week,2012,AL
gonzaad01,Player of the Week,2012,AL
gonzaad01,Player of the Week,2015,NL
gonzaad01,Silver Slugger,2011,AL
gonzaad01,Silver Slugger,2014,NL
gonzaal02,Player of the Week,2007,NL
gonzaca01,Gold Glove,2010,NL
gonzaca01,Gold Glove,2012,NL
gonzaca01,Gold Glove,2013,NL
gonzaca01,MLB Players Choice Outstanding Player,2010,NL
gonzaca01,MLB Players Choice Player of the Year,2010,ML
gonzaca01,Player of the Month,2015,NL
gonzaca01,Player of the Week,2010,NL
gonzaca01,Player of the Week,2010,NL
gonzaca01,Player of the Week,2011,NL
gonzaca01,Player of the Week,2013,NL
gonzaca01,Player of the Week,2015,NL
gonzaca01,Silver Slugger,2010,NL
gonzaca01,Silver Slugger,2015,NL
gonzaca01,This Year in Baseball Breakout Player of the Year,2010,ML
gonzagi01,Pitcher of the Month,2012,NL
gonzagi01,Player of the Week,2011,AL
gonzajo02,Player of the Week,1989,NL
gonzaju03,Most Valuable Player,1996,AL
gonzaju03,Most Valuable Player,1998,AL
gonzaju03,Player of the Month,1996,AL
gonzaju03,Player of the Month,1997,AL
gonzaju03,Player of the Week,1995,AL
gonzaju03,Player of the Week,1996,AL
gonzaju03,Player of the Week,1998,AL
gonzaju03,Player of the Week,2001,AL
gonzaju03,Player of the Week,2003,AL
gonzaju03,Silver Slugger,1992,AL
gonzaju03,Silver Slugger,1993,AL
gonzaju03,Silver Slugger,1996,AL
gonzaju03,Silver Slugger,1997,AL
gonzaju03,Silver Slugger,1998,AL
gonzaju03,Silver Slugger,2001,AL
gonzaju03,TSN All-Star,1993,AL
gonzaju03,TSN All-Star,1996,AL
gonzaju03,TSN All-Star,1998,AL
gonzaju03,TSN All-Star,2001,AL
gonzalu01,Branch Rickey Award,2005,ML
gonzalu01,Player of the Month,2001,NL
gonzalu01,Player of the Month,2001,NL
gonzalu01,Player of the Week,2000,NL
gonzalu01,Player of the Week,2000,NL
gonzalu01,Player of the Week,2001,NL
gonzalu01,Player of the Week,2004,NL
gonzalu01,Silver Slugger,2001,NL
gonzalu01,TSN All-Star,2001,NL
gonzalu03,Rookie of the Month,2022,NL
goodedw01,Cy Young Award,1985,NL
goodedw01,Pitcher of the Month,1984,NL
goodedw01,Pitcher of the Month,1985,NL
goodedw01,Pitcher of the Month,1986,NL
goodedw01,Pitcher of the Month,1990,NL
goodedw01,Pitching Triple Crown,1985,NL
goodedw01,Player of the Week,1984,NL
goodedw01,Player of the Week,1984,NL
goodedw01,Player of the Week,1985,NL
goodedw01,Player of the Week,1985,NL
goodedw01,Player of the Week,1991,NL
goodedw01,Player of the Week,1996,AL
goodedw01,Rookie of the Year,1984,NL
goodedw01,Silver Slugger,1992,NL
goodedw01,TSN All-Star,1985,NL
goodedw01,TSN Pitcher of the Year,1985,NL
goodedw01,TSN Rookie Pitcher of the Year,1984,NL
goodmhu01,Player of the Week,2025,NL
goodmhu01,Silver Slugger,2025,NL
goodmiv01,Baseball Magazine All-Star,1938,NL
gordoal01,Gold Glove,2011,AL
gordoal01,Gold Glove,2012,AL
gordoal01,Gold Glove,2013,AL
gordoal01,Gold Glove,2014,AL
gordoal01,Gold Glove,2017,AL
gordoal01,Gold Glove,2018,AL
gordoal01,Gold Glove,2019,AL
gordoal01,Gold Glove,2020,AL
gordoal01,Hutch Award,2014,ML
gordoal01,Platinum Glove,2014,AL
gordoal01,Platinum Glove,2020,AL
gordode01,Gold Glove,2015,NL
gordode01,Hutch Award,2019,ML
gordode01,Silver Slugger,2015,NL
gordojo01,Baseball Magazine All-Star,1939,AL
gordojo01,Baseball Magazine All-Star,1939,ML
gordojo01,Baseball Magazine All-Star,1940,AL
gordojo01,Baseball Magazine All-Star,1940,ML
gordojo01,Baseball Magazine All-Star,1941,AL
gordojo01,Baseball Magazine All-Star,1941,ML
gordojo01,Baseball Magazine All-Star,1942,AL
gordojo01,Baseball Magazine All-Star,1942,ML
gordojo01,Baseball Magazine All-Star,1943,AL
gordojo01,Baseball Magazine All-Star,1947,AL
gordojo01,Baseball Magazine All-Star,1947,ML
gordojo01,Baseball Magazine All-Star,1948,AL
gordojo01,Baseball Magazine All-Star,1948,ML
gordojo01,Most Valuable Player,1942,AL
gordojo01,TSN All-Star,1939,ML
gordojo01,TSN All-Star,1940,ML
gordojo01,TSN All-Star,1941,ML
gordojo01,TSN All-Star,1942,ML
gordojo01,TSN All-Star,1947,ML
gordojo01,TSN All-Star,1948,ML
gordojo01,TSN Guide MVP,1942,AL
gordosi01,Baseball Magazine All-Star,1949,NL
gordoto01,Reliever of the Year Award,1998,AL
gordoto01,TSN Fireman of the Year,1998,AL
gordoto01,TSN Rookie Pitcher of the Year,1989,AL
gormano01,Player of the Week,2023,NL
gorzeto01,Player of the Week,2007,NL
gosligo01,Baseball Magazine All-Star,1925,AL
gosligo01,Baseball Magazine All-Star,1927,AL
gosligo01,TSN All-Star,1925,ML
gosligo01,TSN All-Star,1926,ML
gossari01,Pitcher of the Month,1979,AL
gossari01,Player of the Week,1978,AL
gossari01,Reliever of the Year Award,1978,AL
gossari01,TSN Fireman of the Year,1975,AL
gossari01,TSN Fireman of the Year,1978,AL
gourryu01,Gold Glove,2021,AL
gourryu01,Player of the Month,2019,AL
gourryu01,Player of the Week,2018,AL
gourryu01,Player of the Week,2019,AL
gourryu01,Rookie of the Month,2017,AL
gowdyha01,Baseball Magazine All-Star,1916,NL
gracema01,Gold Glove,1992,NL
gracema01,Gold Glove,1993,NL
gracema01,Gold Glove,1995,NL
gracema01,Gold Glove,1996,NL
gracema01,Player of the Month,1989,NL
gracema01,Player of the Week,1989,NL
gracema01,Player of the Week,1995,NL
gracema01,This Year in Baseball Oddity of the Year,2002,ML
gracema01,TSN Rookie Player of the Year,1988,NL
grandcu01,Lou Gehrig Memorial Award,2015,ML
grandcu01,MLB Players Choice Man of the Year,2009,ML
grandcu01,MLB Players Choice Man of the Year,2016,ML
grandcu01,MLB Players Choice Man of the Year,2018,ML
grandcu01,MLB Players Choice Man of the Year,2019,ML
grandcu01,MLB Players Choice Outstanding Player,2011,AL
grandcu01,Player of the Month,2011,AL
grandcu01,Player of the Week,2007,AL
grandcu01,Roberto Clemente Award,2016,ML
grandcu01,Silver Slugger,2011,AL
grandcu01,This Year in Baseball Play of the Year,2007,ML
grandya01,All-MLB Team - Second Team,2019,ML
grangwa01,TSN Fireman of the Year,1969,NL
grangwa01,TSN Fireman of the Year,1970,NL
grantmu01,TSN All-Star,1965,AL
grantmu01,TSN Pitcher of the Year,1965,AL
graveda01,Lou Gehrig Memorial Award,2002,ML
graydo02,Baseball Magazine All-Star,1929,AL
grayjo02,Bob Feller Act of Valor Award - MLB Player,2023,ML
grayso01,All-MLB Team - Second Team,2023,ML
grayso01,Pitcher of the Month,2014,AL
grayso01,Pitcher of the Month,2014,AL
grayso01,Player of the Week,2014,AL
greendi01,Babe Ruth Award,1974,AL
greenha01,Baseball Magazine All-Star,1935,AL
greenha01,Baseball Magazine All-Star,1935,ML
greenha01,Baseball Magazine All-Star,1940,AL
greenha01,Baseball Magazine All-Star,1940,ML
greenha01,Baseball Magazine All-Star,1945,AL
greenha01,Baseball Magazine All-Star,1945,ML
greenha01,Most Valuable Player,1935,AL
greenha01,Most Valuable Player,1940,AL
greenha01,TSN All-Star,1935,ML
greenha01,TSN All-Star,1940,ML
greenha01,TSN Guide MVP,1935,AL
greenha01,TSN Guide MVP,1940,AL
greenhu01,Player of the Week,2022,NL
greenkh01,Rookie of the Month,2004,NL
greenkh01,Rookie of the Month,2004,NL
greenmi01,Player of the Month,1988,AL
greenmi01,Player of the Week,1988,AL
greenmi01,Player of the Week,1996,AL
greenmi01,Silver Slugger,1988,AL
greenmi01,TSN All-Star,1988,AL
greenri02,Player of the Week,2025,AL
greenri02,Silver Slugger,2025,AL
greensh01,Gold Glove,1999,AL
greensh01,Player of the Week,2002,NL
greensh01,Player of the Week,2005,NL
greensh01,Silver Slugger,1999,AL
greensh01,TSN All-Star,1999,AL
greensh02,Reliever of the Month,2019,AL
greento01,Pitcher of the Month,1993,NL
greento01,Player of the Week,1991,NL
greento01,Player of the Week,1993,NL
greenwi01,Player of the Week,1996,NL
greerru01,Player of the Week,1997,AL
greggve01,Baseball Magazine All-Star,1911,AL
greggve01,Baseball Magazine All-Star,1911,ML
gregodi01,Player of the Month,2018,AL
gregodi01,Player of the Week,2018,AL
greinza01,All-MLB Team - Second Team,2019,ML
greinza01,Cy Young Award,2009,AL
greinza01,Gold Glove,2014,NL
greinza01,Gold Glove,2015,NL
greinza01,Gold Glove,2016,NL
greinza01,Gold Glove,2017,NL
greinza01,Gold Glove,2018,NL
greinza01,Gold Glove,2019,NL
greinza01,MLB Players Choice Outstanding Pitcher,2009,AL
greinza01,MLB Players Choice Outstanding Pitcher,2015,NL
greinza01,Pitcher of the Month,2009,AL
greinza01,Pitcher of the Month,2013,NL
greinza01,Pitcher of the Month,2018,NL
greinza01,Player of the Week,2009,AL
greinza01,Player of the Week,2009,AL
greinza01,Player of the Week,2015,NL
greinza01,Silver Slugger,2013,NL
greinza01,Silver Slugger,2019,NL
greinza01,This Year in Baseball Starter of the Year,2009,ML
greinza01,TSN Pitcher of the Year,2009,AL
grichbo01,Gold Glove,1973,AL
grichbo01,Gold Glove,1974,AL
grichbo01,Gold Glove,1975,AL
grichbo01,Gold Glove,1976,AL
grichbo01,Player of the Week,1984,AL
grichbo01,Silver Slugger,1981,AL
grichbo01,TSN All-Star,1976,AL
grichbo01,TSN All-Star,1979,AL
grichbo01,TSN All-Star,1981,AL
grievbe01,MLB Players Choice Outstanding Rookie,1998,AL
grievbe01,Rookie of the Year,1998,AL
grievbe01,TSN Rookie Player of the Year,1998,AL
griffal01,Gold Glove,1985,AL
griffal01,Player of the Month,1979,AL
griffal01,Rookie of the Year,1979,AL
griffdo01,Gold Glove,1972,AL
griffke01,All-Star Game MVP,1980,ML
griffke01,Player of the Week,1990,AL
griffke01,TSN All-Star,1976,NL
griffke02,All-Star Game MVP,1992,ML
griffke02,Comeback Player of the Year,2005,NL
griffke02,Gold Glove,1990,AL
griffke02,Gold Glove,1991,AL
griffke02,Gold Glove,1992,AL
griffke02,Gold Glove,1993,AL
griffke02,Gold Glove,1994,AL
griffke02,Gold Glove,1995,AL
griffke02,Gold Glove,1996,AL
griffke02,Gold Glove,1997,AL
griffke02,Gold Glove,1998,AL
griffke02,Gold Glove,1999,AL
griffke02,MLB Players Choice Comeback Player,2005,NL
griffke02,MLB Players Choice Outstanding Player,1997,AL
griffke02,Most Valuable Player,1997,AL
griffke02,Player of the Month,1990,AL
griffke02,Player of the Month,1997,AL
griffke02,Player of the Week,1989,AL
griffke02,Player of the Week,1990,AL
griffke02,Player of the Week,1991,AL
griffke02,Player of the Week,1993,AL
griffke02,Player of the Week,1996,AL
griffke02,Player of the Week,1997,AL
griffke02,Player of the Week,1997,AL
griffke02,Player of the Week,1998,AL
griffke02,Player of the Week,1998,AL
griffke02,Player of the Week,2007,NL
griffke02,Silver Slugger,1991,AL
griffke02,Silver Slugger,1993,AL
griffke02,Silver Slugger,1994,AL
griffke02,Silver Slugger,1996,AL
griffke02,Silver Slugger,1997,AL
griffke02,Silver Slugger,1998,AL
griffke02,Silver Slugger,1999,AL
griffke02,TSN All-Star,1991,AL
griffke02,TSN All-Star,1993,AL
griffke02,TSN All-Star,1994,AL
griffke02,TSN All-Star,1996,AL
griffke02,TSN All-Star,1997,AL
griffke02,TSN All-Star,1998,AL
griffke02,TSN All-Star,1999,AL
griffke02,TSN All-Star,2005,NL
griffke02,TSN Comeback Player of the Year,2005,NL
griffke02,TSN Major League Player of the Year,1997,ML
griffto02,TSN Rookie Pitcher of the Year,1969,NL
grillja01,Reliever of the Month,2013,ML
grillja01,Reliever of the Month,2013,ML
grimbo01,Rookie of the Year,1954,AL
grimbo01,TSN Rookie of the Year,1954,AL
grimebu01,Baseball Magazine All-Star,1918,NL
grimebu01,Baseball Magazine All-Star,1920,ML
grimebu01,Baseball Magazine All-Star,1920,NL
grimebu01,Baseball Magazine All-Star,1921,ML
grimebu01,Baseball Magazine All-Star,1921,NL
grimebu01,Baseball Magazine All-Star,1924,ML
grimebu01,Baseball Magazine All-Star,1924,NL
grimebu01,Baseball Magazine All-Star,1928,ML
grimebu01,Baseball Magazine All-Star,1928,NL
grimebu01,Baseball Magazine All-Star,1929,NL
grimebu01,TSN All-Star,1929,ML
grimmch01,Baseball Magazine All-Star,1923,ML
grimmch01,Baseball Magazine All-Star,1923,NL
grimmju01,Rookie of the Month,2013,AL
grimsro02,Pitcher of the Month,1978,NL
grishtr01,Gold Glove,2020,NL
grishtr01,Gold Glove,2022,NL
grissma02,ALCS MVP,1997,AL
grissma02,Gold Glove,1993,NL
grissma02,Gold Glove,1994,NL
grissma02,Gold Glove,1995,NL
grissma02,Gold Glove,1996,NL
groatdi01,Lou Gehrig Memorial Award,1960,ML
groatdi01,Most Valuable Player,1960,NL
groatdi01,TSN All-Star,1963,NL
groatdi01,TSN All-Star,1964,NL
groatdi01,TSN Player of the Year,1960,NL
grohhe01,Baseball Magazine All-Star,1915,ML
grohhe01,Baseball Magazine All-Star,1915,NL
grohhe01,Baseball Magazine All-Star,1918,ML
grohhe01,Baseball Magazine All-Star,1918,NL
grohhe01,Baseball Magazine All-Star,1919,ML
grohhe01,Baseball Magazine All-Star,1919,NL
grohhe01,Baseball Magazine All-Star,1920,ML
grohhe01,Baseball Magazine All-Star,1920,NL
gromest01,Baseball Magazine All-Star,1945,AL
grossgr01,TSN Rookie Player of the Year,1974,NL
grosske01,Player of the Week,1992,NL
grovele01,Baseball Magazine All-Star,1926,AL
grovele01,Baseball Magazine All-Star,1927,AL
grovele01,Baseball Magazine All-Star,1927,ML
grovele01,Baseball Magazine All-Star,1928,AL
grovele01,Baseball Magazine All-Star,1928,ML
grovele01,Baseball Magazine All-Star,1929,AL
grovele01,Baseball Magazine All-Star,1929,ML
grovele01,Baseball Magazine All-Star,1930,AL
grovele01,Baseball Magazine All-Star,1930,ML
grovele01,Baseball Magazine All-Star,1931,AL
grovele01,Baseball Magazine All-Star,1931,ML
grovele01,Baseball Magazine All-Star,1932,AL
grovele01,Baseball Magazine All-Star,1932,ML
grovele01,Baseball Magazine All-Star,1933,AL
grovele01,Baseball Magazine All-Star,1933,ML
grovele01,Baseball Magazine All-Star,1935,AL
grovele01,Baseball Magazine All-Star,1937,AL
grovele01,Baseball Magazine All-Star,1938,AL
grovele01,Most Valuable Player,1931,AL
grovele01,Pitching Triple Crown,1930,AL
grovele01,Pitching Triple Crown,1931,AL
grovele01,TSN All-Star,1928,ML
grovele01,TSN All-Star,1929,ML
grovele01,TSN All-Star,1930,ML
grovele01,TSN All-Star,1931,ML
grovele01,TSN All-Star,1932,ML
grubbjo01,Player of the Week,1986,AL
grubeke01,Gold Glove,1990,AL
grubeke01,Player of the Month,1990,AL
grubeke01,Player of the Week,1990,AL
grubeke01,Player of the Week,1990,AL
grubeke01,Silver Slugger,1990,AL
grubeke01,TSN All-Star,1990,AL
grudzma01,Gold Glove,2006,AL
gubicma01,Pitcher of the Month,1988,AL
gubicma01,Pitcher of the Month,1989,AL
gubicma01,Player of the Week,1992,AL
guerral01,Rookie of the Month,2015,NL
guerrpe01,Player of the Month,1985,NL
guerrpe01,Player of the Month,1989,NL
guerrpe01,Player of the Week,1982,NL
guerrpe01,Player of the Week,1985,NL
guerrpe01,Player of the Week,1985,NL
guerrpe01,Player of the Week,1988,NL
guerrpe01,Player of the Week,1991,NL
guerrpe01,Silver Slugger,1982,NL
guerrpe01,TSN All-Star,1981,NL
guerrpe01,TSN All-Star,1982,NL
guerrpe01,World Series MVP,1981,ML
guerrvl01,MLB Players Choice Comeback Player,2010,AL
guerrvl01,Most Valuable Player,2004,AL
guerrvl01,Outstanding DH Award,2010,AL
guerrvl01,Player of the Month,1998,NL
guerrvl01,Player of the Month,1999,NL
guerrvl01,Player of the Month,2000,NL
guerrvl01,Player of the Month,2002,NL
guerrvl01,Player of the Month,2003,NL
guerrvl01,Player of the Month,2004,AL
guerrvl01,Player of the Week,1998,NL
guerrvl01,Player of the Week,1999,NL
guerrvl01,Player of the Week,1999,NL
guerrvl01,Player of the Week,2000,NL
guerrvl01,Player of the Week,2001,NL
guerrvl01,Player of the Week,2002,NL
guerrvl01,Player of the Week,2003,NL
guerrvl01,Player of the Week,2004,AL
guerrvl01,Player of the Week,2005,AL
guerrvl01,Player of the Week,2007,AL
guerrvl01,Silver Slugger,1999,NL
guerrvl01,Silver Slugger,2000,NL
guerrvl01,Silver Slugger,2002,NL
guerrvl01,Silver Slugger,2004,AL
guerrvl01,Silver Slugger,2005,AL
guerrvl01,Silver Slugger,2006,AL
guerrvl01,Silver Slugger,2007,AL
guerrvl01,Silver Slugger,2010,AL
guerrvl01,TSN All-Star,1999,NL
guerrvl01,TSN All-Star,2000,NL
guerrvl01,TSN All-Star,2002,NL
guerrvl01,TSN All-Star,2004,AL
guerrvl01,TSN All-Star,2005,AL
guerrvl01,TSN All-Star,2007,AL
guerrvl01,TSN Comeback Player of the Year,2010,AL
guerrvl02,ALCS MVP,2025,AL
guerrvl02,All-MLB Team - First Team,2021,ML
guerrvl02,All-MLB Team - First Team,2024,ML
guerrvl02,All-MLB Team - First Team,2025,ML
guerrvl02,All-Star Game MVP,2021,AL
guerrvl02,Gold Glove,2022,AL
guerrvl02,Hank Aaron Award,2021,AL
guerrvl02,Player of the Week,2019,AL
guerrvl02,Player of the Week,2019,AL
guerrvl02,Player of the Week,2021,AL
guerrvl02,Player of the Week,2022,AL
guerrvl02,Player of the Week,2024,AL
guerrvl02,Player of the Week,2024,AL
guerrvl02,Silver Slugger,2021,AL
guerrvl02,Silver Slugger,2024,AL
guerrvl02,TSN All-Star,2021,AL
guerrvl02,TSN All-Star,2024,AL
guerrvl02,TSN All-Star,2025,AL
guerrvl02,TSN Comeback Player of the Year,2024,AL
guidrro01,Cy Young Award,1978,AL
guidrro01,Gold Glove,1982,AL
guidrro01,Gold Glove,1983,AL
guidrro01,Gold Glove,1984,AL
guidrro01,Gold Glove,1985,AL
guidrro01,Gold Glove,1986,AL
guidrro01,Pitcher of the Month,1981,AL
guidrro01,Player of the Month,1978,AL
guidrro01,Player of the Month,1978,AL
guidrro01,Player of the Week,1978,AL
guidrro01,Player of the Week,1978,AL
guidrro01,Player of the Week,1985,AL
guidrro01,Roberto Clemente Award,1984,ML
guidrro01,TSN All-Star,1978,AL
guidrro01,TSN All-Star,1981,AL
guidrro01,TSN All-Star,1983,AL
guidrro01,TSN All-Star,1985,AL
guidrro01,TSN Major League Player of the Year,1978,ML
guidrro01,TSN Pitcher of the Year,1978,AL
guillca01,Player of the Week,2007,AL
guilljo01,Player of the Week,2004,AL
guilljo01,Player of the Week,2008,AL
guilloz01,Gold Glove,1990,AL
guilloz01,Rookie of the Year,1985,AL
guilloz01,TSN Rookie Player of the Year,1985,AL
gulledo01,Player of the Month,1974,NL
gulledo01,Player of the Week,1975,NL
gulledo01,TSN All-Star,1974,NL
gullibi01,Pitcher of the Month,1986,NL
gullibi01,Pitcher of the Month,1993,AL
gullibi01,Player of the Week,1980,NL
gullibi01,TSN Rookie Pitcher of the Year,1980,NL
gurala01,Pitcher of the Month,1980,AL
gurala01,Pitcher of the Month,1981,AL
gurrilo01,Player of the Week,2020,AL
gurrilo01,Player of the Week,2024,NL
gurrilo01,Rookie of the Month,2018,AL
gutiefr01,Gold Glove,2010,AL
guzmacr01,Player of the Week,2008,NL
guzmajo01,TSN Comeback Player of the Year,1991,AL
guzmaju01,Pitcher of the Month,1996,AL
guzmaju01,TSN Rookie Pitcher of the Year,1991,AL
gwynnto01,Branch Rickey Award,1995,ML
gwynnto01,Gold Glove,1986,NL
gwynnto01,Gold Glove,1987,NL
gwynnto01,Gold Glove,1989,NL
gwynnto01,Gold Glove,1990,NL
gwynnto01,Gold Glove,1991,NL
gwynnto01,Lou Gehrig Memorial Award,1998,ML
gwynnto01,Player of the Month,1984,NL
gwynnto01,Player of the Month,1987,NL
gwynnto01,Player of the Month,1988,NL
gwynnto01,Player of the Month,1993,NL
gwynnto01,Player of the Month,1997,NL
gwynnto01,Player of the Week,1984,NL
gwynnto01,Player of the Week,1987,NL
gwynnto01,Player of the Week,1987,NL
gwynnto01,Player of the Week,1988,NL
gwynnto01,Player of the Week,1988,NL
gwynnto01,Player of the Week,1989,NL
gwynnto01,Player of the Week,1991,NL
gwynnto01,Player of the Week,1993,NL
gwynnto01,Player of the Week,1994,NL
gwynnto01,Player of the Week,1999,NL
gwynnto01,Roberto Clemente Award,1999,ML
gwynnto01,Silver Slugger,1984,NL
gwynnto01,Silver Slugger,1986,NL
gwynnto01,Silver Slugger,1987,NL
gwynnto01,Silver Slugger,1989,NL
gwynnto01,Silver Slugger,1994,NL
gwynnto01,Silver Slugger,1995,NL
gwynnto01,Silver Slugger,1997,NL
gwynnto01,TSN All-Star,1984,NL
gwynnto01,TSN All-Star,1986,NL
gwynnto01,TSN All-Star,1987,NL
gwynnto01,TSN All-Star,1989,NL
gwynnto01,TSN All-Star,1994,NL
gwynnto01,TSN All-Star,1997,NL
haaseer01,Rookie of the Month,2021,AL
haasmo01,Player of the Week,1980,AL
haasmo01,Player of the Week,1983,AL
hackst01,Baseball Magazine All-Star,1936,ML
hackst01,Baseball Magazine All-Star,1936,NL
hackst01,Baseball Magazine All-Star,1938,NL
hackst01,TSN All-Star,1940,ML
hackst01,TSN All-Star,1941,ML
hackst01,TSN All-Star,1942,ML
haddiha01,Gold Glove,1958,NL
haddiha01,Gold Glove,1959,NL
haddiha01,Gold Glove,1960,NL
haderjo01,All-MLB Team - First Team,2019,ML
haderjo01,All-MLB Team - First Team,2021,ML
haderjo01,All-MLB Team - First Team,2023,ML
haderjo01,Reliever of the Month,2018,NL
haderjo01,Reliever of the Month,2019,NL
haderjo01,Reliever of the Month,2019,NL
haderjo01,Reliever of the Month,2021,NL
haderjo01,Reliever of the Month,2022,NL
haderjo01,Reliever of the Month,2023,NL
haderjo01,Reliever of the Month,2024,AL
haderjo01,Reliever of the Month,2025,AL
haderjo01,Reliever of the Year Award,2018,NL
haderjo01,Reliever of the Year Award,2019,NL
haderjo01,Reliever of the Year Award,2021,NL
haderjo01,TSN All-Star,2018,NL
haderjo01,TSN All-Star,2021,NL
haderjo01,TSN Reliever of the Year,2018,NL
haderjo01,TSN Reliever of the Year,2021,NL
hafeych01,Baseball Magazine All-Star,1928,NL
hafeych01,Baseball Magazine All-Star,1929,NL
hafeych01,Baseball Magazine All-Star,1930,NL
hafeych01,Baseball Magazine All-Star,1931,NL
hafnetr01,Player of the Month,2005,AL
hafnetr01,Player of the Month,2006,AL
hafnetr01,Player of the Week,2005,AL
hafnetr01,Player of the Week,2005,AL
hafnetr01,Player of the Week,2006,AL
haineje01,Baseball Magazine All-Star,1927,ML
haineje01,Baseball Magazine All-Star,1927,NL
haliced01,Player of the Week,1975,NL
hallabi01,Baseball Magazine All-Star,1930,NL
hallabi01,Baseball Magazine All-Star,1931,NL
hallaro01,Cy Young Award,2003,AL
hallaro01,Cy Young Award,2010,NL
hallaro01,MLB Players Choice Outstanding Pitcher,2003,AL
hallaro01,MLB Players Choice Outstanding Pitcher,2010,NL
hallaro01,Pitcher of the Month,2003,AL
hallaro01,Pitcher of the Month,2003,AL
hallaro01,Pitcher of the Month,2007,AL
hallaro01,Pitcher of the Month,2010,NL
hallaro01,Player of the Week,2003,AL
hallaro01,Player of the Week,2006,AL
hallaro01,Player of the Week,2009,AL
hallaro01,Player of the Week,2010,NL
hallaro01,Player of the Week,2010,NL
hallaro01,This Year in Baseball Postseason Moment of the Year,2010,ML
hallaro01,This Year in Baseball Starter of the Year,2010,ML
hallaro01,TSN All-Star,2003,AL
hallaro01,TSN Pitcher of the Year,2003,AL
hallaro01,TSN Pitcher of the Year,2010,NL
hallji02,TSN All-Star,1965,AL
hallme01,Player of the Month,1983,NL
hallme01,Player of the Week,1987,AL
hallme01,Player of the Week,1992,AL
hamelbo01,MLB Players Choice Outstanding Rookie,1994,AL
hamelbo01,Player of the Week,1994,AL
hamelbo01,Rookie of the Year,1994,AL
hamelbo01,TSN Rookie Player of the Year,1994,AL
hamelco01,Babe Ruth Award,2008,NL
hamelco01,NLCS MVP,2008,NL
hamelco01,Pitcher of the Month,2018,NL
hamelco01,Player of the Week,2012,NL
hamelco01,Player of the Week,2015,NL
hamelco01,World Series MVP,2008,ML
hamilbi02,Rookie of the Month,2014,NL
hamiljo03,ALCS MVP,2010,AL
hamiljo03,Lou Gehrig Memorial Award,2013,ML
hamiljo03,MLB Players Choice Outstanding Player,2008,AL
hamiljo03,MLB Players Choice Outstanding Player,2010,AL
hamiljo03,Most Valuable Player,2010,AL
hamiljo03,Player of the Month,2008,AL
hamiljo03,Player of the Month,2008,AL
hamiljo03,Player of the Month,2010,AL
hamiljo03,Player of the Month,2012,AL
hamiljo03,Player of the Month,2012,AL
hamiljo03,Player of the Week,2010,AL
hamiljo03,Player of the Week,2012,AL
hamiljo03,Player of the Week,2014,AL
hamiljo03,Rookie of the Month,2007,NL
hamiljo03,Silver Slugger,2008,AL
hamiljo03,Silver Slugger,2010,AL
hamiljo03,Silver Slugger,2012,AL
hamiljo03,This Year in Baseball Hitting Performance of the Year,2012,ML
hamiljo03,This Year in Baseball Player of the Year,2010,ML
hamiljo03,TSN Major League Player of the Year,2010,ML
hammaat01,Player of the Week,1983,NL
hammoch01,Pitcher of the Month,1993,NL
hammoch01,This Year in Baseball Setup Man of the Year,2002,ML
hammoje01,Player of the Week,2000,NL
hamnegr01,Baseball Magazine All-Star,1950,NL
hamptmi01,Gold Glove,2003,NL
hamptmi01,MLB Players Choice Outstanding Pitcher,1999,NL
hamptmi01,NLCS MVP,2000,NL
hamptmi01,Silver Slugger,1999,NL
hamptmi01,Silver Slugger,2000,NL
hamptmi01,Silver Slugger,2001,NL
hamptmi01,Silver Slugger,2002,NL
hamptmi01,Silver Slugger,2003,NL
hamptmi01,TSN All-Star,1999,NL
hamptmi01,TSN Pitcher of the Year,1999,NL
handbr01,All-MLB Team - Second Team,2020,ML
handbr01,Reliever of the Month,2017,NL
handbr01,Reliever of the Month,2018,NL
hanigmi01,Player of the Week,2021,AL
hanrajo01,Reliever of the Month,2011,ML
hansero02,Rookie of the Year,1960,AL
hansero02,TSN Rookie of the Year,1960,AL
hansoer01,Pitcher of the Month,1995,AL
hansoto01,Rookie of the Month,2009,NL
happia01,Gold Glove,2022,NL
happia01,Gold Glove,2023,NL
happia01,Gold Glove,2024,NL
happia01,Gold Glove,2025,NL
happia01,Player of the Week,2019,NL
happja01,MLB Players Choice Outstanding Rookie,2009,NL
happja01,This Year in Baseball Rookie of the Year,2009,ML
happja01,TSN Rookie of the Year,2009,NL
hardeme01,Baseball Magazine All-Star,1934,AL
hardeme01,Baseball Magazine All-Star,1935,AL
hardyjj01,Gold Glove,2012,AL
hardyjj01,Gold Glove,2013,AL
hardyjj01,Gold Glove,2014,AL
hardyjj01,Player of the Week,2008,NL
hardyjj01,Player of the Week,2011,AL
hardyjj01,Silver Slugger,2013,AL
harenda01,Pitcher of the Month,2007,AL
harenda01,Pitcher of the Month,2008,NL
harenda01,Player of the Week,2011,AL
hargrmi01,Rookie of the Year,1974,AL
hargrmi01,TSN Rookie Player of the Year,1974,AL
harkemi01,TSN Rookie Pitcher of the Year,1990,NL
harpebr01,Player of the Week,1992,AL
harpebr03,All-MLB Team - First Team,2021,ML
harpebr03,All-MLB Team - Second Team,2024,ML
harpebr03,Hank Aaron Award,2015,ML
harpebr03,Hank Aaron Award,2021,NL
harpebr03,MLB Players Choice Outstanding Player,2015,NL
harpebr03,MLB Players Choice Outstanding Player,2021,NL
harpebr03,Most Valuable Player,2015,NL
harpebr03,Most Valuable Player,2021,NL
harpebr03,NLCS MVP,2022,NL
harpebr03,Player of the Month,2015,NL
harpebr03,Player of the Month,2016,NL
harpebr03,Player of the Month,2024,NL
harpebr03,Player of the Month,2024,NL
harpebr03,Player of the Week,2015,NL
harpebr03,Player of the Week,2015,NL
harpebr03,Player of the Week,2015,NL
harpebr03,Player of the Week,2016,NL
harpebr03,Player of the Week,2017,NL
harpebr03,Player of the Week,2018,NL
harpebr03,Player of the Week,2022,NL
harpebr03,Rookie of the Month,2012,NL
harpebr03,Rookie of the Month,2012,NL
harpebr03,Rookie of the Year,2012,NL
harpebr03,Silver Slugger,2015,NL
harpebr03,Silver Slugger,2021,NL
harpebr03,Silver Slugger,2023,NL
harpebr03,Silver Slugger,2024,NL
harpebr03,This Year in Baseball Best Major Leaguer,2015,ML
harpebr03,This Year in Baseball Best Player,2015,ML
harpebr03,TSN All-Star,2021,NL
harpebr03,TSN All-Star,2022,NL
harpebr03,TSN All-Star,2023,NL
harpebr03,TSN All-Star,2024,NL
harrato01,Player of the Week,1980,AL
harrato01,TSN All-Star,1975,AL
harrebu01,Gold Glove,1971,NL
harrebu01,TSN All-Star,1971,NL
harreke01,TSN All-Star,1968,AL
harreke01,TSN Comeback Player of the Year,1968,AL
harreke01,TSN Player of the Year,1968,AL
harrijo05,Player of the Month,2014,NL
harrima01,Pitcher of the Month,2012,AL
harrimi04,Player of the Week,2023,NL
harrimi04,Player of the Week,2025,NL
harrimi04,Rookie of the Month,2022,NL
harrimi04,Rookie of the Month,2022,NL
harrimi04,Rookie of the Month,2022,NL
harrimi04,Rookie of the Year,2022,NL
harrimi04,TSN All-Star,2022,NL
harrivi01,Player of the Week,1976,NL
harriwi01,Player of the Week,2008,NL
hartnga01,Baseball Magazine All-Star,1924,NL
hartnga01,Baseball Magazine All-Star,1925,NL
hartnga01,Baseball Magazine All-Star,1927,ML
hartnga01,Baseball Magazine All-Star,1927,NL
hartnga01,Baseball Magazine All-Star,1928,ML
hartnga01,Baseball Magazine All-Star,1928,NL
hartnga01,Baseball Magazine All-Star,1930,NL
hartnga01,Baseball Magazine All-Star,1931,NL
hartnga01,Baseball Magazine All-Star,1932,NL
hartnga01,Baseball Magazine All-Star,1934,NL
hartnga01,Baseball Magazine All-Star,1935,NL
hartnga01,Baseball Magazine All-Star,1936,NL
hartnga01,Baseball Magazine All-Star,1937,NL
hartnga01,Most Valuable Player,1935,NL
hartnga01,TSN All-Star,1927,ML
hartnga01,TSN All-Star,1937,ML
harvebr01,Reliever of the Year Award,1991,AL
harvebr01,TSN Fireman of the Year,1991,AL
harvebr01,TSN Rookie Pitcher of the Year,1988,AL
harvema01,Comeback Player of the Year,2015,NL
harvema01,MLB Players Choice Comeback Player,2015,NL
harvema01,Pitcher of the Month,2013,NL
harvema01,Player of the Week,2013,NL
harvema01,This Year in Baseball Breakout Pitcher of the Year,2013,ML
harvema01,TSN Comeback Player of the Year,2015,NL
hassebu01,Baseball Magazine All-Star,1942,AL
hatchbi01,Babe Ruth Award,1990,NL
hatchbi01,Player of the Week,1988,NL
hatchmi01,Player of the Week,1984,AL
hattesc01,Player of the Week,2003,AL
hattesc01,Player of the Week,2004,AL
hawkian01,Pitcher of the Month,1985,NL
hawpebr01,Player of the Week,2007,NL
hawpebr01,Player of the Week,2007,NL
hayesch01,Player of the Week,1993,NL
hayesfr01,Baseball Magazine All-Star,1940,AL
hayesfr01,Baseball Magazine All-Star,1944,AL
hayeske01,Gold Glove,2023,NL
hayeske01,Gold Glove,2025,NL
hayeske01,Rookie of the Month,2020,NL
hayesvo01,Player of the Month,1989,NL
hayesvo01,Player of the Week,1984,NL
hayesvo01,Player of the Week,1986,NL
hayesvo01,Player of the Week,1986,NL
hayesvo01,Player of the Week,1986,NL
hayesvo01,Player of the Week,1987,NL
headlch01,Gold Glove,2012,NL
headlch01,Player of the Month,2012,NL
headlch01,Player of the Month,2012,NL
headlch01,Player of the Week,2012,NL
headlch01,Silver Slugger,2012,NL
headlch01,This Year in Baseball Breakout Hitter of the Year,2012,ML
healyfr02,Player of the Week,1974,AL
healyry01,Rookie of the Month,2016,AL
heanean01,Rookie of the Month,2015,AL
heathje01,Baseball Magazine All-Star,1938,AL
heathje01,Baseball Magazine All-Star,1941,AL
heathje01,Baseball Magazine All-Star,1941,ML
heathje01,Baseball Magazine All-Star,1945,AL
hechaad01,Player of the Week,2015,NL
heckegu01,Pitching Triple Crown,1884,AA
heilmha01,Baseball Magazine All-Star,1923,AL
heilmha01,Baseball Magazine All-Star,1925,AL
heimjo01,All-MLB Team - Second Team,2023,ML
heimjo01,Gold Glove,2023,AL
hellije01,Gold Glove,2012,AL
hellije01,Pitcher of the Month,2011,AL
hellije01,Rookie of the Month,2011,AL
hellije01,Rookie of the Year,2011,AL
helliri01,Pitcher of the Month,1998,AL
helmsto01,Gold Glove,1970,NL
helmsto01,Gold Glove,1971,NL
helmsto01,Rookie of the Year,1966,NL
helmsto01,TSN All-Star,1968,NL
helmsto01,TSN Rookie Player of the Year,1966,NL
helslry01,All-MLB Team - First Team,2024,ML
helslry01,All-MLB Team - Second Team,2022,ML
helslry01,Reliever of the Month,2024,NL
helslry01,Reliever of the Month,2024,NL
helslry01,Reliever of the Month,2024,NL
helslry01,Reliever of the Year,2024,NL
helslry01,TSN All-Star,2024,NL
helslry01,TSN Reliever of the Year,2024,NL
heltoto01,Gold Glove,2001,NL
heltoto01,Gold Glove,2002,NL
heltoto01,Gold Glove,2004,NL
heltoto01,Hank Aaron Award,2000,NL
heltoto01,MLB Players Choice Outstanding Player,2000,NL
heltoto01,Player of the Month,2000,NL
heltoto01,Player of the Month,2000,NL
heltoto01,Player of the Month,2002,NL
heltoto01,Player of the Month,2003,NL
heltoto01,Player of the Week,1999,NL
heltoto01,Player of the Week,2000,NL
heltoto01,Player of the Week,2000,NL
heltoto01,Player of the Week,2000,NL
heltoto01,Player of the Week,2005,NL
heltoto01,Player of the Week,2005,NL
heltoto01,Silver Slugger,2000,NL
heltoto01,Silver Slugger,2001,NL
heltoto01,Silver Slugger,2002,NL
heltoto01,Silver Slugger,2003,NL
heltoto01,This Year in Baseball Oddity of the Year,2013,ML
heltoto01,TSN All-Star,2000,NL
heltoto01,TSN All-Star,2001,NL
heltoto01,TSN All-Star,2002,NL
heltoto01,TSN All-Star,2003,NL
heltoto01,TSN Rookie Player of the Year,1998,NL
hemonro99,Branch Rickey Award,2003,ML
hemslro01,Baseball Magazine All-Star,1938,AL
hendeda01,Player of the Month,1991,AL
hendeda01,Player of the Week,1986,AL
hendeda01,Player of the Week,1991,AL
hendegu01,MLB Players Choice Outstanding Rookie,2023,AL
hendegu01,Player of the Month,2024,AL
hendegu01,Player of the Week,2023,AL
hendegu01,Player of the Week,2024,AL
hendegu01,Rookie of the Month,2023,AL
hendegu01,Rookie of the Year,2023,AL
hendegu01,Silver Slugger,2023,AL
hendegu01,TSN Rookie of the Year,2023,AL
henderi01,ALCS MVP,1989,AL
henderi01,Gold Glove,1981,AL
henderi01,Most Valuable Player,1990,AL
henderi01,Player of the Month,1985,AL
henderi01,Player of the Week,1982,AL
henderi01,Player of the Week,1985,AL
henderi01,Player of the Week,1990,AL
henderi01,Player of the Week,1990,AL
henderi01,Player of the Week,1991,AL
henderi01,Silver Slugger,1981,AL
henderi01,Silver Slugger,1985,AL
henderi01,Silver Slugger,1990,AL
henderi01,TSN All-Star,1981,AL
henderi01,TSN All-Star,1985,AL
henderi01,TSN All-Star,1990,AL
henderi01,TSN Comeback Player of the Year,1999,NL
hendest01,Player of the Week,1977,NL
hendest01,Player of the Week,1980,NL
hendrge01,Player of the Week,1974,AL
hendrge01,Player of the Week,1978,NL
hendrge01,Player of the Week,1980,NL
hendrge01,Silver Slugger,1980,NL
hendrge01,Silver Slugger,1983,NL
hendrge01,TSN All-Star,1980,NL
hendrge01,TSN All-Star,1983,NL
hendrky01,MLB Players Choice Outstanding Pitcher,2016,NL
hendrky01,Pitcher of the Month,2016,NL
hendrky01,Player of the Week,2016,NL
hendrky01,Player of the Week,2020,NL
hendrky01,Rookie of the Month,2014,NL
hendrli01,All-MLB Team - First Team,2020,ML
hendrli01,All-MLB Team - First Team,2021,ML
hendrli01,All-MLB Team - Second Team,2019,ML
hendrli01,Comeback Player of the Year,2023,AL
hendrli01,MLB Players Choice Comeback Player,2023,AL
hendrli01,Reliever of the Month,2019,AL
hendrli01,Reliever of the Month,2020,AL
hendrli01,Reliever of the Month,2021,AL
hendrli01,Reliever of the Month,2021,AL
hendrli01,Reliever of the Year Award,2020,AL
hendrli01,Reliever of the Year Award,2021,AL
hendrli01,TSN All-Star,2019,AL
hendrli01,TSN All-Star,2020,AL
hendrli01,TSN All-Star,2021,AL
hendrli01,TSN Reliever of the Year,2019,AL
hendrli01,TSN Reliever of the Year,2020,AL
hendrli01,TSN Reliever of the Year,2021,AL
henketo01,Reliever of the Year Award,1995,NL
hennemi01,TSN Rookie Pitcher of the Year,1987,AL
henrito01,Baseball Magazine All-Star,1947,AL
henrito01,Baseball Magazine All-Star,1948,AL
henrito01,Baseball Magazine All-Star,1949,AL
henrito01,Baseball Magazine All-Star,1949,ML
henrito01,TSN All-Star,1949,ML
hentgpa01,Cy Young Award,1996,AL
hentgpa01,MLB Players Choice Outstanding Pitcher,1996,AL
hentgpa01,Pitcher of the Month,1996,AL
hentgpa01,Pitcher of the Month,1996,AL
hentgpa01,Player of the Week,1994,AL
hentgpa01,TSN All-Star,1996,AL
hentgpa01,TSN Pitcher of the Year,1996,AL
hermabi01,Baseball Magazine All-Star,1932,NL
hermabi01,Baseball Magazine All-Star,1935,NL
hermabi01,Baseball Magazine All-Star,1936,NL
hermabi01,Baseball Magazine All-Star,1937,NL
hermabi01,Baseball Magazine All-Star,1938,NL
hermabi01,Baseball Magazine All-Star,1940,NL
hermabi01,Baseball Magazine All-Star,1943,ML
hermabi01,Baseball Magazine All-Star,1943,NL
hermabi01,TSN All-Star,1943,ML
hernace02,Gold Glove,2020,AL
hernaen01,Player of the Week,1974,NL
hernaen02,Player of the Week,2021,AL
hernafe02,Cy Young Award,2010,AL
hernafe02,MLB Players Choice Outstanding Pitcher,2014,AL
hernafe02,Pitcher of the Month,2009,AL
hernafe02,Pitcher of the Month,2009,AL
hernafe02,Pitcher of the Month,2012,AL
hernafe02,Pitcher of the Month,2014,AL
hernafe02,Player of the Week,2012,AL
hernafe02,Player of the Week,2014,AL
hernafe02,TSN Pitcher of the Year,2010,AL
hernake01,Gold Glove,1978,NL
hernake01,Gold Glove,1979,NL
hernake01,Gold Glove,1980,NL
hernake01,Gold Glove,1981,NL
hernake01,Gold Glove,1982,NL
hernake01,Gold Glove,1983,NL
hernake01,Gold Glove,1984,NL
hernake01,Gold Glove,1985,NL
hernake01,Gold Glove,1986,NL
hernake01,Gold Glove,1987,NL
hernake01,Gold Glove,1988,NL
hernake01,Most Valuable Player,1979,NL
hernake01,Player of the Month,1979,NL
hernake01,Player of the Month,1985,NL
hernake01,Player of the Week,1982,NL
hernake01,Player of the Week,1985,NL
hernake01,Player of the Week,1986,NL
hernake01,Player of the Week,1988,NL
hernake01,Silver Slugger,1980,NL
hernake01,Silver Slugger,1984,NL
hernake01,TSN All-Star,1979,NL
hernake01,TSN All-Star,1980,NL
hernake01,TSN All-Star,1984,NL
hernake01,TSN All-Star,1985,NL
hernake01,TSN All-Star,1986,NL
hernake01,TSN Player of the Year,1979,NL
hernali01,NLCS MVP,1997,NL
hernali01,Pitcher of the Month,2003,NL
hernali01,Player of the Week,2003,NL
hernali01,Silver Slugger,2004,NL
hernali01,World Series MVP,1997,ML
hernaor01,ALCS MVP,1999,AL
hernaor01,MLB Players Choice Comeback Player,2004,AL
hernate01,All-MLB Team - Second Team,2021,ML
hernate01,All-MLB Team - Second Team,2024,ML
hernate01,Player of the Week,2021,AL
hernate01,Player of the Week,2024,NL
hernate01,Silver Slugger,2020,AL
hernate01,Silver Slugger,2021,AL
hernate01,Silver Slugger,2024,NL
hernate01,TSN All-Star,2020,AL
hernawi01,Cy Young Award,1984,AL
hernawi01,Most Valuable Player,1984,AL
hernawi01,Pitcher of the Month,1984,AL
hernawi01,TSN All-Star,1984,AL
hernawi01,TSN Pitcher of the Year,1984,AL
herndla01,Player of the Week,1982,AL
herndla01,TSN Rookie Player of the Year,1976,NL
herrto01,Player of the Week,1989,NL
herrto01,TSN All-Star,1985,NL
hershor01,ALCS MVP,1995,AL
hershor01,Babe Ruth Award,1988,NL
hershor01,Cy Young Award,1988,NL
hershor01,Gold Glove,1988,NL
hershor01,NLCS MVP,1988,NL
hershor01,Pitcher of the Month,1984,NL
hershor01,Pitcher of the Month,1987,NL
hershor01,Pitcher of the Month,1988,NL
hershor01,Pitcher of the Month,1988,NL
hershor01,Pitcher of the Month,1996,AL
hershor01,Pitcher of the Month,1998,NL
hershor01,Player of the Week,1984,NL
hershor01,Player of the Week,1986,NL
hershor01,Player of the Week,1987,NL
hershor01,Player of the Week,1988,NL
hershor01,Silver Slugger,1993,NL
hershor01,TSN All-Star,1988,NL
hershor01,TSN Major League Player of the Year,1988,ML
hershor01,TSN Pitcher of the Year,1988,NL
hershor01,World Series MVP,1988,ML
herzobu01,Baseball Magazine All-Star,1916,NL
herzobu01,Baseball Magazine All-Star,1917,NL
hestoch01,Player of the Week,2015,NL
heywaja01,Gold Glove,2012,NL
heywaja01,Gold Glove,2014,NL
heywaja01,Gold Glove,2015,NL
heywaja01,Gold Glove,2016,NL
heywaja01,Gold Glove,2017,NL
heywaja01,Player of the Week,2012,NL
heywaja01,Rookie of the Month,2010,NL
heywaja01,Rookie of the Month,2010,NL
heywaja01,TSN Rookie of the Year,2010,NL
hickmji02,TSN Comeback Player of the Year,1970,NL
hidalri01,Player of the Month,2000,NL
hidalri01,Player of the Week,2000,NL
hidalri01,Player of the Week,2004,NL
higbeki01,Baseball Magazine All-Star,1941,NL
higgibo02,Player of the Week,2000,AL
higgibo02,Player of the Week,2000,AL
higgibo02,Player of the Week,2001,AL
higgibo02,Player of the Week,2004,AL
higgipi01,Baseball Magazine All-Star,1933,AL
higgipi01,Baseball Magazine All-Star,1935,AL
higgipi01,Baseball Magazine All-Star,1937,AL
higgipi01,TSN All-Star,1934,ML
higgipi01,TSN All-Star,1936,ML
higuete01,Player of the Week,1987,AL
higuete01,TSN All-Star,1986,AL
higuete01,TSN Rookie Pitcher of the Year,1985,AL
hillaa01,Comeback Player of the Year,2009,AL
hillaa01,MLB Players Choice Comeback Player,2009,AL
hillaa01,Silver Slugger,2009,AL
hillaa01,Silver Slugger,2012,NL
hillaa01,TSN Comeback Player of the Year,2009,AL
hillejo01,Hutch Award,1973,ML
hillejo01,TSN Comeback Player of the Year,1973,AL
hillejo01,TSN Fireman of the Year,1973,AL
hillgl01,Player of the Month,2000,AL
hillke01,Pitcher of the Month,1993,NL
hillri01,Pitcher of the Month,2016,AL
hillri01,Pitcher of the Month,2017,NL
hillri01,Pitcher of the Month,2021,AL
hindsre01,Player of the Week,2024,NL
hinespa01,Triple Crown,1878,NL
hinsker01,MLB Players Choice Outstanding Rookie,2002,AL
hinsker01,Rookie of the Month,2002,AL
hinsker01,Rookie of the Year,2002,AL
hinsker01,TSN Rookie Player of the Year,2002,AL
hislela01,Player of the Week,1978,AL
hislela01,Player of the Week,1978,AL
hislela01,TSN All-Star,1977,AL
hislela01,TSN All-Star,1978,AL
hitchst01,NLCS MVP,1998,NL
hiurake01,Player of the Week,2019,NL
hiurake01,Rookie of the Month,2019,NL
hobsobu01,Player of the Week,1977,AL
hobsobu01,Player of the Week,1978,AL
hodgegi01,Baseball Magazine All-Star,1949,NL
hodgegi01,Gold Glove,1957,ML
hodgegi01,Gold Glove,1958,NL
hodgegi01,Gold Glove,1959,NL
hodgegi01,Lou Gehrig Memorial Award,1959,ML
hoernni01,Gold Glove,2023,NL
hoernni01,Gold Glove,2025,NL
hoffmtr01,Bob Feller Act of Valor Award - HOF Player,2022,ML
hoffmtr01,Branch Rickey Award,2008,ML
hoffmtr01,Hutch Award,2004,ML
hoffmtr01,Lou Gehrig Memorial Award,2006,ML
hoffmtr01,Pitcher of the Month,2005,NL
hoffmtr01,Pitcher of the Month,2009,NL
hoffmtr01,Reliever of the Month,2005,ML
hoffmtr01,Reliever of the Month,2006,ML
hoffmtr01,Reliever of the Month,2007,ML
hoffmtr01,Reliever of the Month,2009,ML
hoffmtr01,Reliever of the Year Award,1998,NL
hoffmtr01,Reliever of the Year Award,2006,NL
hoffmtr01,TSN Fireman of the Year,1996,NL
hoffmtr01,TSN Fireman of the Year,1998,NL
hoffmtr01,TSN Reliever of the Year,2006,NL
hofmaso01,Baseball Magazine All-Star,1909,NL
hoilech01,Player of the Month,1993,AL
hoilech01,Player of the Week,1993,AL
hoilech01,Player of the Week,1993,AL
hollaal01,Player of the Week,1982,NL
hollaal01,Reliever of the Year Award,1983,NL
hollaal01,TSN Fireman of the Year,1983,NL
hollagr01,Reliever of the Month,2013,ML
hollagr01,Reliever of the Month,2013,ML
hollagr01,Reliever of the Month,2017,NL
hollagr01,Reliever of the Month,2017,NL
hollagr01,Reliever of the Year Award,2014,AL
hollagr01,This Year in Baseball Closer of the Year,2014,ML
hollagr01,TSN Comeback Player of the Year,2017,NL
hollato01,MLB Players Choice Outstanding Rookie,1996,NL
hollato01,Rookie of the Year,1996,NL
hollida01,Player of the Week,1992,NL
hollida01,Player of the Week,1996,AL
hollida02,Rookie of the Month,2005,AL
hollima01,NLCS MVP,2007,NL
hollima01,Player of the Month,2007,NL
hollima01,Player of the Week,2005,NL
hollima01,Player of the Week,2006,NL
hollima01,Player of the Week,2007,NL
hollima01,Player of the Week,2007,NL
hollima01,Player of the Week,2008,NL
hollima01,Player of the Week,2010,NL
hollima01,Player of the Week,2014,NL
hollima01,Silver Slugger,2006,NL
hollima01,Silver Slugger,2007,NL
hollima01,Silver Slugger,2008,NL
hollima01,Silver Slugger,2010,NL
hollima01,TSN All-Star,2007,NL
holloch01,Baseball Magazine All-Star,1918,ML
holloch01,Baseball Magazine All-Star,1918,NL
holloch01,Baseball Magazine All-Star,1922,ML
holloch01,Baseball Magazine All-Star,1922,NL
holmabr01,Player of the Week,1990,AL
holmecl01,Reliever of the Month,2022,AL
holmecl01,Reliever of the Month,2023,AL
holmeto01,Baseball Magazine All-Star,1945,NL
holmeto01,TSN All-Star,1945,ML
holmeto01,TSN Guide MVP,1945,NL
holmeto01,TSN Player of the Year,1945,NL
holtzke01,TSN All-Star,1973,AL
honeyri01,Pitcher of the Month,1983,AL
honeyri01,Pitcher of the Month,1984,NL
honeyri01,Player of the Week,1983,AL
hoopeha01,Baseball Magazine All-Star,1918,AL
hootobu01,NLCS MVP,1981,NL
hootobu01,Pitcher of the Month,1975,NL
hootobu01,Pitcher of the Month,1975,NL
hootobu01,Pitcher of the Month,1983,NL
hootobu01,Player of the Week,1975,NL
hornebo01,Player of the Month,1980,NL
hornebo01,Player of the Week,1980,NL
hornebo01,Player of the Week,1981,NL
hornebo01,Player of the Week,1983,NL
hornebo01,Player of the Week,1986,NL
hornebo01,Rookie of the Year,1978,NL
hornebo01,TSN Rookie Player of the Year,1978,NL
hornsro01,Baseball Magazine All-Star,1916,NL
hornsro01,Baseball Magazine All-Star,1919,NL
hornsro01,Baseball Magazine All-Star,1920,NL
hornsro01,Baseball Magazine All-Star,1921,ML
hornsro01,Baseball Magazine All-Star,1921,NL
hornsro01,Baseball Magazine All-Star,1922,ML
hornsro01,Baseball Magazine All-Star,1922,NL
hornsro01,Baseball Magazine All-Star,1923,NL
hornsro01,Baseball Magazine All-Star,1924,ML
hornsro01,Baseball Magazine All-Star,1924,NL
hornsro01,Baseball Magazine All-Star,1925,ML
hornsro01,Baseball Magazine All-Star,1925,NL
hornsro01,Baseball Magazine All-Star,1926,ML
hornsro01,Baseball Magazine All-Star,1926,NL
hornsro01,Baseball Magazine All-Star,1928,ML
hornsro01,Baseball Magazine All-Star,1928,NL
hornsro01,Baseball Magazine All-Star,1929,ML
hornsro01,Baseball Magazine All-Star,1929,NL
hornsro01,Most Valuable Player,1925,NL
hornsro01,Most Valuable Player,1929,NL
hornsro01,Triple Crown,1922,NL
hornsro01,Triple Crown,1925,NL
hornsro01,TSN All-Star,1925,ML
hornsro01,TSN All-Star,1926,ML
hornsro01,TSN All-Star,1927,ML
hornsro01,TSN All-Star,1928,ML
hornsro01,TSN All-Star,1929,ML
hortoca01,TSN Rookie of the Year,2025,NL
hortowi01,Outstanding DH Award,1975,AL
hortowi01,Outstanding DH Award,1979,AL
hortowi01,Player of the Month,1976,AL
hortowi01,Player of the Week,1975,AL
hortowi01,Player of the Week,1976,AL
hortowi01,TSN All-Star,1968,AL
hortowi01,TSN All-Star,1975,AL
hortowi01,TSN Comeback Player of the Year,1979,AL
hoskirh01,MLB Players Choice Man of the Year,2024,ML
hoskirh01,Player of the Week,2022,NL
hoskirh01,Rookie of the Month,2017,NL
hosmeer01,All-Star Game MVP,2016,AL
hosmeer01,Gold Glove,2013,AL
hosmeer01,Gold Glove,2014,AL
hosmeer01,Gold Glove,2015,AL
hosmeer01,Gold Glove,2017,AL
hosmeer01,Player of the Week,2017,AL
hosmeer01,Player of the Week,2021,NL
hosmeer01,Rookie of the Month,2011,AL
hosmeer01,Rookie of the Month,2011,AL
hosmeer01,Silver Slugger,2017,AL
hosmeer01,This Year in Baseball Best Moment,2015,ML
hosmeer01,TSN All-Star,2017,AL
houghch01,Pitcher of the Month,1983,AL
houghch01,Pitcher of the Month,1984,AL
houttar01,Baseball Magazine All-Star,1950,AL
howarel01,Babe Ruth Award,1958,AL
howarel01,Gold Glove,1963,AL
howarel01,Gold Glove,1964,AL
howarel01,Most Valuable Player,1963,AL
howarel01,TSN All-Star,1961,AL
howarel01,TSN All-Star,1963,AL
howarel01,TSN All-Star,1964,AL
howarfr01,Rookie of the Year,1960,NL
howarfr01,TSN All-Star,1968,AL
howarfr01,TSN All-Star,1969,AL
howarfr01,TSN All-Star,1970,AL
howarfr01,TSN Rookie of the Year,1960,NL
howarry01,Hank Aaron Award,2006,NL
howarry01,MLB Players Choice Outstanding Player,2006,NL
howarry01,MLB Players Choice Player of the Year,2006,ML
howarry01,Most Valuable Player,2006,NL
howarry01,NLCS MVP,2009,NL
howarry01,Player of the Month,2006,NL
howarry01,Player of the Month,2006,NL
howarry01,Player of the Month,2008,NL
howarry01,Player of the Month,2009,NL
howarry01,Player of the Week,2006,NL
howarry01,Player of the Week,2007,NL
howarry01,Player of the Week,2007,NL
howarry01,Player of the Week,2009,NL
howarry01,Player of the Week,2009,NL
howarry01,Player of the Week,2010,NL
howarry01,Rookie of the Month,2005,NL
howarry01,Rookie of the Year,2005,NL
howarry01,Silver Slugger,2006,NL
howarry01,TSN All-Star,2006,NL
howarry01,TSN Major League Player of the Year,2006,ML
howear01,Player of the Month,1981,NL
howelja01,Pitcher of the Month,1985,AL
howelja01,Player of the Week,1989,NL
howest01,Pitcher of the Month,1982,NL
howest01,Rookie of the Year,1980,NL
howsedi01,TSN Rookie of the Year,1961,AL
hoytla01,All-Star Game MVP,1985,ML
hoytla01,Cy Young Award,1983,AL
hoytla01,Pitcher of the Month,1982,AL
hoytla01,Player of the Week,1983,AL
hoytla01,TSN All-Star,1983,AL
hoytla01,TSN Pitcher of the Year,1983,AL
hoytwa01,Baseball Magazine All-Star,1927,AL
hoytwa01,Baseball Magazine All-Star,1928,AL
hoytwa01,TSN All-Star,1928,ML
hraboal01,Pitcher of the Month,1975,NL
hraboal01,Player of the Week,1975,NL
hraboal01,TSN Fireman of the Year,1975,NL
hrbekke01,Lou Gehrig Memorial Award,1991,ML
hrbekke01,Player of the Month,1984,AL
hrbekke01,Player of the Month,1986,AL
hrbekke01,Player of the Month,1988,AL
hrbekke01,Player of the Week,1986,AL
hrbekke01,Player of the Week,1988,AL
hrbekke01,Player of the Week,1989,AL
hrbekke01,Player of the Week,1990,AL
hubbagl01,TSN All-Star,1983,NL
hubbeca01,Baseball Magazine All-Star,1929,NL
hubbeca01,Baseball Magazine All-Star,1932,NL
hubbeca01,Baseball Magazine All-Star,1933,ML
hubbeca01,Baseball Magazine All-Star,1933,NL
hubbeca01,Baseball Magazine All-Star,1934,ML
hubbeca01,Baseball Magazine All-Star,1934,NL
hubbeca01,Baseball Magazine All-Star,1935,ML
hubbeca01,Baseball Magazine All-Star,1935,NL
hubbeca01,Baseball Magazine All-Star,1936,ML
hubbeca01,Baseball Magazine All-Star,1936,NL
hubbeca01,Baseball Magazine All-Star,1937,ML
hubbeca01,Baseball Magazine All-Star,1937,NL
hubbeca01,Baseball Magazine All-Star,1938,NL
hubbeca01,Most Valuable Player,1933,NL
hubbeca01,Most Valuable Player,1936,NL
hubbeca01,TSN All-Star,1933,ML
hubbeca01,TSN All-Star,1935,ML
hubbeca01,TSN All-Star,1936,ML
hubbeca01,TSN All-Star,1937,ML
hubbeca01,TSN Guide MVP,1933,NL
hubbeca01,TSN Guide MVP,1936,NL
hubbeca01,TSN Major League Player of the Year,1936,ML
hubbske01,Gold Glove,1962,NL
hubbske01,Rookie of the Year,1962,NL
hubbske01,TSN Rookie of the Year,1962,NL
hudsoda01,Player of the Week,2011,NL
hudsoda01,Rookie of the Month,2010,NL
hudsoda01,Silver Slugger,2011,NL
hudsoor01,Gold Glove,2005,AL
hudsoor01,Gold Glove,2006,NL
hudsoor01,Gold Glove,2007,NL
hudsoor01,Gold Glove,2009,NL
hudsoor01,Player of the Week,2006,NL
hudsoti01,Comeback Player of the Year,2010,NL
hudsoti01,Hutch Award,2010,ML
hudsoti01,MLB Players Choice Comeback Player,2010,NL
hudsoti01,Pitcher of the Month,2000,AL
hudsoti01,Pitcher of the Month,2010,NL
hudsoti01,Player of the Week,2002,AL
hudsoti01,Player of the Week,2007,NL
hudsoti01,Player of the Week,2013,NL
hudsoti01,TSN Comeback Player of the Year,2010,NL
hudsoti01,TSN Rookie Pitcher of the Year,1999,AL
huffau01,Outstanding DH Award,2008,AL
huffau01,Player of the Week,2005,AL
huffau01,Player of the Week,2008,AL
huffau01,Player of the Week,2008,AL
huffau01,Silver Slugger,2008,AL
hughedi01,TSN Rookie Pitcher of the Year,1967,NL
hugheji03,Player of the Month,1975,AL
hugheto04,Baseball Magazine All-Star,1942,NL
hughste01,Baseball Magazine All-Star,1942,AL
hughste01,Baseball Magazine All-Star,1942,ML
hughste01,Baseball Magazine All-Star,1944,AL
hughste01,TSN All-Star,1942,ML
humbeph01,Player of the Week,2012,AL
humeto01,Player of the Week,1980,NL
humeto01,TSN Fireman of the Year,1980,NL
hundlni01,Player of the Week,2011,NL
hundlra01,Gold Glove,1967,NL
hundlto01,Player of the Week,1997,NL
huntebr02,Player of the Week,1997,AL
hunteca01,Cy Young Award,1974,AL
hunteca01,Player of the Week,1975,AL
hunteca01,Player of the Week,1978,AL
hunteca01,TSN All-Star,1974,AL
hunteca01,TSN Pitcher of the Year,1974,AL
hunteto01,Branch Rickey Award,2009,ML
hunteto01,Gold Glove,2001,AL
hunteto01,Gold Glove,2002,AL
hunteto01,Gold Glove,2003,AL
hunteto01,Gold Glove,2004,AL
hunteto01,Gold Glove,2005,AL
hunteto01,Gold Glove,2006,AL
hunteto01,Gold Glove,2007,AL
hunteto01,Gold Glove,2008,AL
hunteto01,Gold Glove,2009,AL
hunteto01,MLB Players Choice Man of the Year,2007,ML
hunteto01,Player of the Month,2002,AL
hunteto01,Player of the Week,2005,AL
hunteto01,Player of the Week,2006,AL
hunteto01,Player of the Week,2012,AL
hunteto01,Silver Slugger,2009,AL
hunteto01,Silver Slugger,2013,AL
hunteto01,This Year in Baseball Defensive Player of the Year,2002,ML
hunteto01,This Year in Baseball Play of the Year,2002,ML
hunteto01,TSN All-Star,2002,AL
huntke02,TSN Rookie of the Year,1961,NL
huntro01,TSN All-Star,1964,NL
hurdlcl01,Player of the Week,1978,AL
hurstbr01,Pitcher of the Month,1986,AL
hurstbr01,Pitcher of the Month,1988,AL
hurstbr01,Player of the Week,1984,AL
hurstbr01,Player of the Week,1986,AL
hurstbr01,Player of the Week,1987,AL
hyzduad01,Player of the Week,2002,NL
iannech01,Player of the Week,2013,AL
ibanera01,Hutch Award,2013,ML
ibanera01,Player of the Week,2002,AL
ibanera01,Player of the Week,2006,AL
ibanera01,Player of the Week,2007,AL
ibanera01,Player of the Week,2008,AL
ibanera01,Player of the Week,2009,NL
ibanera01,Player of the Week,2011,NL
ibanera01,This Year in Baseball Postseason Moment of the Year,2012,ML
iglesjo01,Rookie of the Month,2013,AL
iglesra01,All-MLB Team - Second Team,2021,ML
iglesra01,Reliever of the Month,2021,AL
iglesra01,Reliever of the Month,2023,NL
iglesra01,Reliever of the Month,2024,NL
iglesra01,Reliever of the Month,2025,NL
iglesra01,TSN All-Star,2024,NL
iglesra01,TSN Reliever of the Year,2024,NL
imanash01,All-MLB Team - Second Team,2024,ML
imanash01,Rookie of the Month,2024,NL
inciaen01,Gold Glove,2016,NL
inciaen01,Gold Glove,2017,NL
inciaen01,Gold Glove,2018,NL
indiajo01,MLB Players Choice Outstanding Rookie,2021,NL
indiajo01,Player of the Week,2024,NL
indiajo01,Rookie of the Month,2021,NL
indiajo01,Rookie of the Year,2021,NL
indiajo01,TSN Rookie of the Year,2021,NL
infanom01,Player of the Week,2010,NL
ingebr01,MLB Players Choice Man of the Year,2010,ML
irabuhi01,Pitcher of the Month,1998,AL
irabuhi01,Pitcher of the Month,1999,AL
ishiika01,Rookie of the Month,2002,NL
isrinja01,Player of the Week,2007,NL
isrinja01,Reliever of the Month,2006,ML
iviemi01,Player of the Week,1976,NL
iwakuhi01,Player of the Week,2015,AL
izturce01,Gold Glove,2004,NL
jacksau01,MLB Players Choice Outstanding Rookie,2010,AL
jacksau01,Player of the Week,2011,AL
jacksau01,Player of the Week,2013,AL
jacksau01,Rookie of the Month,2010,AL
jacksau01,This Year in Baseball Best Play - Defense,2017,ML
jacksau01,TSN Rookie of the Year,2010,AL
jacksbo01,All-Star Game MVP,1989,ML
jacksbo01,Player of the Week,1989,AL
jacksbo01,TSN Comeback Player of the Year,1993,AL
jacksco01,Player of the Week,2008,NL
jacksco01,Player of the Week,2008,NL
jacksda02,Pitcher of the Month,1988,NL
jacksda02,Player of the Week,1988,NL
jacksda02,Player of the Week,1994,NL
jacksda02,TSN All-Star,1988,NL
jacksda02,TSN All-Star,1994,NL
jacksed01,Player of the Week,2010,NL
jacksjo01,Baseball Magazine All-Star,1911,AL
jacksjo01,Baseball Magazine All-Star,1911,ML
jacksjo01,Baseball Magazine All-Star,1912,AL
jacksjo01,Baseball Magazine All-Star,1912,ML
jacksjo01,Baseball Magazine All-Star,1913,AL
jacksjo01,Baseball Magazine All-Star,1913,ML
jacksjo01,Baseball Magazine All-Star,1914,AL
jacksjo01,Baseball Magazine All-Star,1914,ML
jacksjo01,Baseball Magazine All-Star,1916,AL
jacksjo01,Baseball Magazine All-Star,1916,ML
jacksjo01,Baseball Magazine All-Star,1919,AL
jacksre01,Babe Ruth Award,1977,AL
jacksre01,Most Valuable Player,1973,AL
jacksre01,Player of the Month,1976,AL
jacksre01,Player of the Month,1980,AL
jacksre01,Player of the Week,1974,AL
jacksre01,Player of the Week,1975,AL
jacksre01,Player of the Week,1977,AL
jacksre01,Player of the Week,1979,AL
jacksre01,Player of the Week,1980,AL
jacksre01,Player of the Week,1980,AL
jacksre01,Player of the Week,1980,AL
jacksre01,Silver Slugger,1980,AL
jacksre01,Silver Slugger,1982,AL
jacksre01,TSN All-Star,1969,AL
jacksre01,TSN All-Star,1973,AL
jacksre01,TSN All-Star,1975,AL
jacksre01,TSN All-Star,1976,AL
jacksre01,TSN All-Star,1980,AL
jacksre01,TSN Major League Player of the Year,1973,ML
jacksre01,TSN Player of the Year,1973,AL
jacksre01,World Series MVP,1973,ML
jacksre01,World Series MVP,1977,ML
jackstr01,Baseball Magazine All-Star,1924,ML
jackstr01,Baseball Magazine All-Star,1924,NL
jackstr01,Baseball Magazine All-Star,1927,ML
jackstr01,Baseball Magazine All-Star,1927,NL
jackstr01,Baseball Magazine All-Star,1928,NL
jackstr01,Baseball Magazine All-Star,1929,ML
jackstr01,Baseball Magazine All-Star,1929,NL
jackstr01,Baseball Magazine All-Star,1930,NL
jackstr01,Baseball Magazine All-Star,1931,NL
jackstr01,TSN All-Star,1927,ML
jackstr01,TSN All-Star,1928,ML
jackstr01,TSN All-Star,1929,ML
jacobbr01,Player of the Month,1990,AL
jacobbr01,Player of the Week,1986,AL
jahajo01,MLB Players Choice Comeback Player,1999,AL
jahajo01,TSN Comeback Player of the Year,1999,AL
jamesbi02,Baseball Magazine All-Star,1914,NL
jamesbo01,Player of the Week,1983,NL
jamesdi01,Player of the Week,1987,NL
jamiech01,Baseball Magazine All-Star,1924,AL
janseke01,All-MLB Team - Second Team,2021,ML
janseke01,Reliever of the Month,2017,NL
janseke01,Reliever of the Month,2020,NL
janseke01,Reliever of the Month,2025,AL
janseke01,Reliever of the Year Award,2016,NL
janseke01,Reliever of the Year Award,2017,NL
janseke01,TSN All-Star,2016,NL
janseke01,TSN All-Star,2017,NL
janseke01,TSN Reliever of the Year,2016,NL
janseke01,TSN Reliever of the Year,2017,NL
jansela01,Baseball Magazine All-Star,1950,NL
jaxgr01,Bob Feller Act of Valor Award - MLB Player,2021,ML
jayjo01,TSN All-Star,1961,NL
jeffegr01,Player of the Week,1988,NL
jeffegr01,Player of the Week,1992,AL
jeffere01,Player of the Week,1996,AL
jenkife01,Cy Young Award,1971,NL
jenkife01,Player of the Week,1974,AL
jenkife01,Player of the Week,1978,AL
jenkife01,TSN All-Star,1967,NL
jenkife01,TSN All-Star,1971,NL
jenkife01,TSN All-Star,1972,NL
jenkife01,TSN Comeback Player of the Year,1974,AL
jenkife01,TSN Pitcher of the Year,1971,NL
jenkige01,Player of the Week,2001,NL
jenksbo01,Reliever of the Month,2006,ML
jenksbo01,Reliever of the Month,2010,ML
jennide01,Player of the Week,2014,AL
jennija01,MLB Players Choice Outstanding Rookie,2002,NL
jennija01,Rookie of the Month,2002,NL
jennija01,Rookie of the Year,2002,NL
jennija01,TSN Rookie Pitcher of the Year,2002,NL
jenseja01,Gold Glove,1959,AL
jenseja01,Most Valuable Player,1958,AL
jenseja01,TSN Player of the Year,1958,AL
jeterde01,All-Star Game MVP,2000,ML
jeterde01,Babe Ruth Award,2000,AL
jeterde01,Gold Glove,2004,AL
jeterde01,Gold Glove,2005,AL
jeterde01,Gold Glove,2006,AL
jeterde01,Gold Glove,2009,AL
jeterde01,Gold Glove,2010,AL
jeterde01,Hank Aaron Award,2006,AL
jeterde01,Hank Aaron Award,2009,AL
jeterde01,Lou Gehrig Memorial Award,2010,ML
jeterde01,MLB Players Choice Outstanding Rookie,1996,AL
jeterde01,Player of the Month,1998,AL
jeterde01,Player of the Week,2001,AL
jeterde01,Player of the Week,2004,AL
jeterde01,Player of the Week,2011,AL
jeterde01,Roberto Clemente Award,2009,ML
jeterde01,Rookie of the Year,1996,AL
jeterde01,Silver Slugger,2006,AL
jeterde01,Silver Slugger,2007,AL
jeterde01,Silver Slugger,2008,AL
jeterde01,Silver Slugger,2009,AL
jeterde01,Silver Slugger,2012,AL
jeterde01,This Year in Baseball Hitter of the Year,2006,ML
jeterde01,This Year in Baseball Moment of the Year,2008,ML
jeterde01,This Year in Baseball Moment of the Year,2009,ML
jeterde01,This Year in Baseball Moment of the Year,2014,ML
jeterde01,This Year in Baseball Performance of the Year,2011,ML
jeterde01,This Year in Baseball Play of the Year,2004,ML
jeterde01,TSN All-Star,2006,AL
jeterde01,TSN All-Star,2007,AL
jeterde01,TSN Rookie Player of the Year,1996,AL
jeterde01,World Series MVP,2000,ML
jethrsa01,Rookie of the Year,1950,NL
jimenel02,Player of the Week,2019,AL
jimenel02,Rookie of the Month,2019,AL
jimenel02,Silver Slugger,2020,AL
jimenjo01,Player of the Week,1999,NL
jimenub01,Pitcher of the Month,2010,NL
jimenub01,Pitcher of the Month,2010,NL
jimenub01,Pitcher of the Month,2013,AL
jimenub01,Player of the Week,2010,NL
johnsal01,TSN Comeback Player of the Year,1968,NL
johnsbi03,Baseball Magazine All-Star,1943,AL
johnsbi03,Baseball Magazine All-Star,1943,ML
johnsbi03,TSN All-Star,1943,ML
johnsbo01,Baseball Magazine All-Star,1939,AL
johnsch04,Gold Glove,1995,NL
johnsch04,Gold Glove,1996,NL
johnsch04,Gold Glove,1997,NL
johnsch04,Gold Glove,1998,NL
johnscl01,Player of the Week,1983,AL
johnsda02,Gold Glove,1969,AL
johnsda02,Gold Glove,1970,AL
johnsda02,Gold Glove,1971,AL
johnsda02,Player of the Month,1973,NL
johnsda02,TSN All-Star,1970,AL
johnsda02,TSN All-Star,1973,NL
johnsda02,TSN Comeback Player of the Year,1973,NL
johnsda04,Player of the Week,1989,AL
johnsda06,Player of the Week,2007,AL
johnsda06,This Year in Baseball Moment of the Year,2011,ML
johnsde01,TSN All-Star,1965,NL
johnsho01,Player of the Month,1989,NL
johnsho01,Player of the Month,1991,NL
johnsho01,Player of the Week,1989,NL
johnsho01,Silver Slugger,1989,NL
johnsho01,Silver Slugger,1991,NL
johnsho01,TSN All-Star,1989,NL
johnsja01,Player of the Week,1976,NL
johnsja02,Player of the Week,2004,AL
johnsji04,Comeback Player of the Year,2006,AL
johnsji04,Player of the Week,2016,NL
johnsji04,Reliever of the Month,2012,ML
johnsji04,Reliever of the Year Award,2012,AL
johnsjo09,Pitcher of the Month,2010,NL
johnsjo09,Pitcher of the Month,2011,NL
johnsjo09,Player of the Week,2009,NL
johnsjo09,Rookie of the Month,2006,NL
johnsjo09,Rookie of the Month,2006,NL
johnske05,Player of the Month,2010,NL
johnske05,Player of the Week,2005,NL
johnsla02,Player of the Month,1980,AL
johnsla02,Player of the Week,1980,AL
johnsni01,Player of the Week,2004,NL
johnsni01,Player of the Week,2005,NL
johnsra05,Babe Ruth Award,2001,NL
johnsra05,Bob Feller Act of Valor Award - HOF Player,2019,ML
johnsra05,Cy Young Award,1995,AL
johnsra05,Cy Young Award,1999,NL
johnsra05,Cy Young Award,2000,NL
johnsra05,Cy Young Award,2001,NL
johnsra05,Cy Young Award,2002,NL
johnsra05,MLB Players Choice Outstanding Pitcher,1995,AL
johnsra05,MLB Players Choice Outstanding Pitcher,2000,NL
johnsra05,Pitcher of the Month,1990,AL
johnsra05,Pitcher of the Month,1997,AL
johnsra05,Pitcher of the Month,1998,NL
johnsra05,Pitcher of the Month,1998,NL
johnsra05,Pitcher of the Month,1999,NL
johnsra05,Pitcher of the Month,2000,NL
johnsra05,Pitcher of the Month,2002,NL
johnsra05,Pitcher of the Month,2002,NL
johnsra05,Pitching Triple Crown,2002,NL
johnsra05,Player of the Week,1990,AL
johnsra05,Player of the Week,1994,AL
johnsra05,Player of the Week,1995,AL
johnsra05,Player of the Week,1997,AL
johnsra05,Player of the Week,1999,NL
johnsra05,Player of the Week,1999,NL
johnsra05,Player of the Week,2000,NL
johnsra05,Player of the Week,2001,NL
johnsra05,Player of the Week,2002,NL
johnsra05,Player of the Week,2004,NL
johnsra05,This Year in Baseball Performance of the Year,2004,ML
johnsra05,TSN All-Star,1995,AL
johnsra05,TSN All-Star,1997,AL
johnsra05,TSN All-Star,2001,NL
johnsra05,TSN All-Star,2002,NL
johnsra05,TSN Pitcher of the Year,1995,AL
johnsra05,World Series MVP,2001,ML
johnsre02,Rookie of the Month,2003,AL
johnswa01,Baseball Magazine All-Star,1909,AL
johnswa01,Baseball Magazine All-Star,1909,ML
johnswa01,Baseball Magazine All-Star,1910,ML
johnswa01,Baseball Magazine All-Star,1911,AL
johnswa01,Baseball Magazine All-Star,1911,ML
johnswa01,Baseball Magazine All-Star,1912,AL
johnswa01,Baseball Magazine All-Star,1912,ML
johnswa01,Baseball Magazine All-Star,1913,AL
johnswa01,Baseball Magazine All-Star,1913,ML
johnswa01,Baseball Magazine All-Star,1914,AL
johnswa01,Baseball Magazine All-Star,1914,ML
johnswa01,Baseball Magazine All-Star,1915,AL
johnswa01,Baseball Magazine All-Star,1915,ML
johnswa01,Baseball Magazine All-Star,1916,AL
johnswa01,Baseball Magazine All-Star,1916,ML
johnswa01,Baseball Magazine All-Star,1917,AL
johnswa01,Baseball Magazine All-Star,1917,ML
johnswa01,Baseball Magazine All-Star,1918,AL
johnswa01,Baseball Magazine All-Star,1918,ML
johnswa01,Baseball Magazine All-Star,1919,AL
johnswa01,Baseball Magazine All-Star,1919,ML
johnswa01,Baseball Magazine All-Star,1923,AL
johnswa01,Baseball Magazine All-Star,1923,ML
johnswa01,Baseball Magazine All-Star,1924,AL
johnswa01,Baseball Magazine All-Star,1924,ML
johnswa01,Baseball Magazine All-Star,1925,AL
johnswa01,Baseball Magazine All-Star,1925,ML
johnswa01,Most Valuable Player,1913,AL
johnswa01,Most Valuable Player,1924,AL
johnswa01,Pitching Triple Crown,1913,AL
johnswa01,Pitching Triple Crown,1918,AL
johnswa01,Pitching Triple Crown,1924,AL
johnswa01,TSN All-Star,1925,ML
johnto01,Hutch Award,1976,ML
johnto01,Lou Gehrig Memorial Award,1981,ML
johnto01,Pitcher of the Month,1979,AL
johnto01,Player of the Month,1974,NL
johnto01,Player of the Week,1974,NL
johnto01,Player of the Week,1977,NL
johnto01,Player of the Week,1979,AL
johnto01,Player of the Week,1980,AL
johnto01,TSN All-Star,1980,AL
johnto01,TSN Comeback Player of the Year,1976,NL
jonesad01,Gold Glove,2009,AL
jonesad01,Gold Glove,2012,AL
jonesad01,Gold Glove,2013,AL
jonesad01,Gold Glove,2014,AL
jonesad01,MLB Players Choice Man of the Year,2015,ML
jonesad01,Player of the Week,2014,AL
jonesad01,Silver Slugger,2013,AL
jonesan01,Gold Glove,1998,NL
jonesan01,Gold Glove,1999,NL
jonesan01,Gold Glove,2000,NL
jonesan01,Gold Glove,2001,NL
jonesan01,Gold Glove,2002,NL
jonesan01,Gold Glove,2003,NL
jonesan01,Gold Glove,2004,NL
jonesan01,Gold Glove,2005,NL
jonesan01,Gold Glove,2006,NL
jonesan01,Gold Glove,2007,NL
jonesan01,Hank Aaron Award,2005,NL
jonesan01,MLB Players Choice Outstanding Player,2005,NL
jonesan01,MLB Players Choice Player of the Year,2005,ML
jonesan01,Player of the Month,2005,NL
jonesan01,Player of the Month,2005,NL
jonesan01,Player of the Week,2002,NL
jonesan01,Player of the Week,2005,NL
jonesan01,Player of the Week,2005,NL
jonesan01,Player of the Week,2006,NL
jonesan01,Silver Slugger,2005,NL
jonesan01,TSN All-Star,2005,NL
jonesan01,TSN All-Star,2006,NL
jonesan01,TSN Major League Player of the Year,2005,ML
jonesbo04,Pitcher of the Month,1997,NL
jonesch06,MLB Players Choice Man of the Year,2012,ML
jonesch06,MLB Players Choice Outstanding Player,1999,NL
jonesch06,MLB Players Choice Outstanding Rookie,1995,NL
jonesch06,Most Valuable Player,1999,NL
jonesch06,Player of the Week,1998,NL
jonesch06,Player of the Week,2002,NL
jonesch06,Player of the Week,2006,NL
jonesch06,Player of the Week,2008,NL
jonesch06,Silver Slugger,1999,NL
jonesch06,Silver Slugger,2000,NL
jonesch06,TSN All-Star,1999,NL
jonesch06,TSN All-Star,2000,NL
jonesch06,TSN All-Star,2001,NL
jonesch06,TSN Rookie Player of the Year,1995,NL
jonescl01,TSN All-Star,1969,NL
jonesdo01,Player of the Week,1997,AL
jonesdo01,TSN Fireman of the Year,1992,NL
jonesga02,Rookie of the Month,2009,NL
jonesja04,Player of the Week,2002,AL
jonesja04,Player of the Week,2003,AL
jonesno01,Player of the Week,2023,NL
jonesno01,Rookie of the Month,2023,NL
jonesra01,Cy Young Award,1976,NL
jonesra01,Pitcher of the Month,1976,NL
jonesra01,Pitcher of the Month,1976,NL
jonesra01,Player of the Week,1975,NL
jonesra01,Player of the Week,1976,NL
jonesra01,Player of the Week,1980,NL
jonesra01,Player of the Week,1982,NL
jonesra01,TSN All-Star,1975,NL
jonesra01,TSN All-Star,1976,NL
jonesra01,TSN Comeback Player of the Year,1975,NL
jonesra01,TSN Pitcher of the Year,1976,NL
jonessa02,TSN All-Star,1959,ML
jonessa02,TSN Pitcher of the Year,1959,NL
jonesto02,Reliever of the Month,2005,ML
jonesto02,Reliever of the Year Award,2000,AL
jonesto02,TSN Fireman of the Year,2000,AL
jordabr01,Player of the Month,2002,NL
jordabr01,Player of the Week,1996,NL
jordabr01,Player of the Week,1996,NL
jordabr01,Player of the Week,1996,NL
jordabr01,Player of the Week,1998,NL
jorgemi01,Gold Glove,1973,NL
jorgemi01,Player of the Week,1975,NL
josefe01,Player of the Month,1991,NL
josefe01,Player of the Month,1992,NL
josefe01,Player of the Week,1991,NL
josefe01,Player of the Week,1992,NL
jossad01,Baseball Magazine All-Star,1908,AL
joycema01,Player of the Week,2008,AL
joynewa01,Player of the Week,1987,AL
joynewa01,Player of the Week,1988,AL
joynewa01,Player of the Week,1991,AL
joynewa01,Player of the Week,1993,AL
joynewa01,Player of the Week,1994,AL
judenje01,Player of the Week,1997,NL
judgeaa01,All-MLB Team - First Team,2021,ML
judgeaa01,All-MLB Team - First Team,2022,ML
judgeaa01,All-MLB Team - First Team,2024,ML
judgeaa01,All-MLB Team - First Team,2025,ML
judgeaa01,All-MLB Team - Second Team,2023,ML
judgeaa01,Hank Aaron Award,2022,AL
judgeaa01,Hank Aaron Award,2024,AL
judgeaa01,Hank Aaron Award,2025,AL
judgeaa01,MLB Players Choice Outstanding Player,2022,AL
judgeaa01,MLB Players Choice Outstanding Player,2024,AL
judgeaa01,MLB Players Choice Outstanding Rookie,2017,AL
judgeaa01,MLB Players Choice Player of the Year,2022,ML
judgeaa01,MLB Players Choice Player of the Year,2024,ML
judgeaa01,Most Valuable Player,2022,AL
judgeaa01,Most Valuable Player,2024,AL
judgeaa01,Most Valuable Player,2025,AL
judgeaa01,Player of the Month,2017,AL
judgeaa01,Player of the Month,2017,AL
judgeaa01,Player of the Month,2022,AL
judgeaa01,Player of the Month,2022,AL
judgeaa01,Player of the Month,2022,AL
judgeaa01,Player of the Month,2023,AL
judgeaa01,Player of the Month,2024,AL
judgeaa01,Player of the Month,2024,AL
judgeaa01,Player of the Month,2024,AL
judgeaa01,Player of the Month,2025,AL
judgeaa01,Player of the Month,2025,AL
judgeaa01,Player of the Month,2025,AL
judgeaa01,Player of the Week,2017,AL
judgeaa01,Player of the Week,2017,AL
judgeaa01,Player of the Week,2020,AL
judgeaa01,Player of the Week,2021,AL
judgeaa01,Player of the Week,2022,AL
judgeaa01,Player of the Week,2022,AL
judgeaa01,Player of the Week,2022,AL
judgeaa01,Player of the Week,2023,AL
judgeaa01,Player of the Week,2023,AL
judgeaa01,Player of the Week,2024,AL
judgeaa01,Player of the Week,2024,AL
judgeaa01,Player of the Week,2024,AL
judgeaa01,Player of the Week,2025,AL
judgeaa01,Player of the Week,2025,AL
judgeaa01,Player of the Week,2025,AL
judgeaa01,Roberto Clemente Award,2023,ML
judgeaa01,Rookie of the Month,2017,AL
judgeaa01,Rookie of the Month,2017,AL
judgeaa01,Rookie of the Month,2017,AL
judgeaa01,Rookie of the Month,2017,AL
judgeaa01,Rookie of the Year,2017,AL
judgeaa01,Silver Slugger,2017,AL
judgeaa01,Silver Slugger,2021,AL
judgeaa01,Silver Slugger,2022,AL
judgeaa01,Silver Slugger,2024,AL
judgeaa01,Silver Slugger,2025,AL
judgeaa01,This Year in Baseball Best Rookie,2017,ML
judgeaa01,TSN All-Star,2017,AL
judgeaa01,TSN All-Star,2018,AL
judgeaa01,TSN All-Star,2021,AL
judgeaa01,TSN All-Star,2022,AL
judgeaa01,TSN All-Star,2024,AL
judgeaa01,TSN All-Star,2025,AL
judgeaa01,TSN Major League Player of the Year,2022,ML
judgeaa01,TSN Rookie of the Year,2017,AL
judgejo01,Baseball Magazine All-Star,1924,AL
jungjo01,Rookie of the Month,2023,AL
jungjo01,Rookie of the Month,2023,AL
jurgebi01,Baseball Magazine All-Star,1941,NL
jurrjja01,Pitcher of the Month,2009,NL
jurrjja01,Pitcher of the Month,2011,NL
jurrjja01,Rookie of the Month,2008,NL
justida01,ALCS MVP,2000,AL
justida01,MLB Players Choice Comeback Player,1997,AL
justida01,Player of the Month,1990,NL
justida01,Player of the Month,1991,NL
justida01,Player of the Week,1990,NL
justida01,Player of the Week,1997,AL
justida01,Player of the Week,1998,AL
justida01,Player of the Week,2002,AL
justida01,Rookie of the Year,1990,NL
justida01,Silver Slugger,1993,NL
justida01,Silver Slugger,1997,AL
justida01,TSN All-Star,1993,NL
justida01,TSN All-Star,1997,AL
justida01,TSN Comeback Player of the Year,1997,AL
justida01,TSN Rookie Player of the Year,1990,NL
kaatji01,Gold Glove,1962,AL
kaatji01,Gold Glove,1963,AL
kaatji01,Gold Glove,1964,AL
kaatji01,Gold Glove,1965,AL
kaatji01,Gold Glove,1966,AL
kaatji01,Gold Glove,1967,AL
kaatji01,Gold Glove,1968,AL
kaatji01,Gold Glove,1969,AL
kaatji01,Gold Glove,1970,AL
kaatji01,Gold Glove,1971,AL
kaatji01,Gold Glove,1972,AL
kaatji01,Gold Glove,1973,AL
kaatji01,Gold Glove,1974,AL
kaatji01,Gold Glove,1975,AL
kaatji01,Gold Glove,1976,NL
kaatji01,Gold Glove,1977,NL
kaatji01,Player of the Week,1974,AL
kaatji01,Player of the Week,1975,AL
kaatji01,TSN All-Star,1966,AL
kaatji01,TSN All-Star,1975,AL
kaatji01,TSN Pitcher of the Year,1966,AL
kahnlto01,Reliever of the Month,2019,AL
kalinal01,Gold Glove,1957,ML
kalinal01,Gold Glove,1958,AL
kalinal01,Gold Glove,1959,AL
kalinal01,Gold Glove,1961,AL
kalinal01,Gold Glove,1962,AL
kalinal01,Gold Glove,1963,AL
kalinal01,Gold Glove,1964,AL
kalinal01,Gold Glove,1965,AL
kalinal01,Gold Glove,1966,AL
kalinal01,Gold Glove,1967,AL
kalinal01,Hutch Award,1969,ML
kalinal01,Lou Gehrig Memorial Award,1968,ML
kalinal01,Player of the Month,1974,AL
kalinal01,Roberto Clemente Award,1973,ML
kalinal01,TSN All-Star,1955,ML
kalinal01,TSN All-Star,1962,AL
kalinal01,TSN All-Star,1963,AL
kalinal01,TSN All-Star,1966,AL
kalinal01,TSN All-Star,1967,AL
kalinal01,TSN Player of the Year,1955,AL
kalinal01,TSN Player of the Year,1963,AL
kammwi01,Baseball Magazine All-Star,1926,AL
kammwi01,Baseball Magazine All-Star,1928,AL
kammwi01,Baseball Magazine All-Star,1931,AL
kammwi01,Baseball Magazine All-Star,1932,AL
kangju01,Player of the Week,2016,NL
kangju01,Rookie of the Month,2015,NL
kaplega01,Player of the Week,2000,AL
kaplega01,This Year in Baseball Play of the Year,2008,ML
karroer01,Player of the Week,1992,NL
karroer01,Player of the Week,1995,NL
karroer01,Player of the Week,1995,NL
karroer01,Player of the Week,1999,NL
karroer01,Rookie of the Year,1992,NL
karroer01,Silver Slugger,1995,NL
karroer01,TSN All-Star,1995,NL
karroer01,TSN Rookie Player of the Year,1992,NL
karstje01,Player of the Week,2011,NL
kazmisc01,Pitcher of the Month,2008,AL
kazmisc01,Pitcher of the Month,2015,AL
kazmisc01,Player of the Week,2006,AL
kazmisc01,Player of the Week,2007,AL
kearnau01,Rookie of the Month,2002,NL
keasclu01,Player of the Week,2025,AL
keefeti01,Pitching Triple Crown,1888,NL
keithco01,Rookie of the Month,2024,AL
kellech01,Baseball Magazine All-Star,1940,AL
kellech01,Baseball Magazine All-Star,1943,AL
kellech01,Baseball Magazine All-Star,1943,ML
kellemi03,Player of the Week,2023,NL
kellge01,Baseball Magazine All-Star,1946,AL
kellge01,Baseball Magazine All-Star,1947,AL
kellge01,Baseball Magazine All-Star,1948,AL
kellge01,Baseball Magazine All-Star,1949,AL
kellge01,Baseball Magazine All-Star,1949,ML
kellge01,Baseball Magazine All-Star,1950,AL
kellge01,Baseball Magazine All-Star,1950,ML
kellge01,TSN All-Star,1946,ML
kellge01,TSN All-Star,1947,ML
kellge01,TSN All-Star,1949,ML
kellge01,TSN All-Star,1950,ML
kellge01,TSN All-Star,1951,ML
kellge01,TSN All-Star,1952,ML
kellyge01,Baseball Magazine All-Star,1921,NL
kellyge01,Baseball Magazine All-Star,1922,NL
kellyge01,Baseball Magazine All-Star,1924,ML
kellyge01,Baseball Magazine All-Star,1924,NL
kellyge01,Baseball Magazine All-Star,1926,NL
kellyme01,Pitcher of the Month,2022,NL
kellyme01,Player of the Week,2022,NL
kellyro01,Player of the Week,1990,AL
keltnke01,Baseball Magazine All-Star,1942,AL
keltnke01,Baseball Magazine All-Star,1942,ML
keltnke01,Baseball Magazine All-Star,1944,AL
kempma01,Gold Glove,2009,NL
kempma01,Gold Glove,2011,NL
kempma01,Hank Aaron Award,2011,NL
kempma01,MLB Players Choice Comeback Player,2018,NL
kempma01,MLB Players Choice Outstanding Player,2011,NL
kempma01,Player of the Month,2012,NL
kempma01,Player of the Month,2014,NL
kempma01,Player of the Week,2008,NL
kempma01,Player of the Week,2011,NL
kempma01,Player of the Week,2012,NL
kempma01,Player of the Week,2012,NL
kempma01,Player of the Week,2014,NL
kempma01,Player of the Week,2018,NL
kempma01,Silver Slugger,2009,NL
kempma01,Silver Slugger,2011,NL
kempma01,This Year in Baseball Player of the Year,2011,ML
kempma01,TSN Comeback Player of the Year,2018,NL
kempst01,Player of the Week,1980,AL
kempst01,Player of the Week,1984,AL
kendaja01,Player of the Week,1998,NL
kendaja01,TSN Rookie Player of the Year,1996,NL
kendrho01,NLCS MVP,2019,NL
kennead01,ALCS MVP,2002,AL
kennead01,Player of the Week,2004,AL
kenneia01,Bob Feller Act of Valor Award - MLB Player,2019,ML
kenneia01,This Year in Baseball Breakout Player of the Year,2011,ML
kennete02,Player of the Month,1983,NL
kennete02,Silver Slugger,1983,NL
kenneve01,Baseball Magazine All-Star,1936,AL
kenneve01,Baseball Magazine All-Star,1936,ML
kentje01,Most Valuable Player,2000,NL
kentje01,Player of the Month,1998,NL
kentje01,Player of the Month,2000,NL
kentje01,Player of the Month,2002,NL
kentje01,Player of the Week,1994,NL
kentje01,Player of the Week,2002,NL
kentje01,Silver Slugger,2000,NL
kentje01,Silver Slugger,2001,NL
kentje01,Silver Slugger,2002,NL
kentje01,Silver Slugger,2005,NL
kentje01,TSN All-Star,2000,NL
kentje01,TSN All-Star,2002,NL
kentje01,TSN All-Star,2005,NL
keougma02,Pitcher of the Month,1981,AL
keougma02,TSN Comeback Player of the Year,1980,AL
keplema01,Player of the Week,2016,AL
keplema01,Player of the Week,2019,AL
kernji01,Pitcher of the Month,1979,AL
kernji01,Reliever of the Year Award,1979,AL
kernji01,TSN All-Star,1979,AL
kernji01,TSN Fireman of the Year,1979,AL
kershcl01,All-MLB Team - Second Team,2020,ML
kershcl01,Branch Rickey Award,2013,ML
kershcl01,Cy Young Award,2011,NL
kershcl01,Cy Young Award,2013,NL
kershcl01,Cy Young Award,2014,NL
kershcl01,Gold Glove,2011,NL
kershcl01,MLB Players Choice Man of the Year,2014,ML
kershcl01,MLB Players Choice Outstanding Pitcher,2011,NL
kershcl01,MLB Players Choice Outstanding Pitcher,2013,NL
kershcl01,MLB Players Choice Outstanding Pitcher,2014,NL
kershcl01,MLB Players Choice Player of the Year,2014,ML
kershcl01,Most Valuable Player,2014,NL
kershcl01,Pitcher of the Month,2011,NL
kershcl01,Pitcher of the Month,2013,NL
kershcl01,Pitcher of the Month,2014,NL
kershcl01,Pitcher of the Month,2014,NL
kershcl01,Pitcher of the Month,2015,NL
kershcl01,Pitcher of the Month,2016,NL
kershcl01,Pitcher of the Month,2023,NL
kershcl01,Pitching Triple Crown,2011,NL
kershcl01,Player of the Week,2011,NL
kershcl01,Player of the Week,2012,NL
kershcl01,Player of the Week,2013,NL
kershcl01,Player of the Week,2014,NL
kershcl01,Player of the Week,2014,NL
kershcl01,Player of the Week,2015,NL
kershcl01,Player of the Week,2015,NL
kershcl01,Player of the Week,2017,NL
kershcl01,Roberto Clemente Award,2012,ML
kershcl01,This Year in Baseball Pitching Performance of the Year,2014,ML
kershcl01,This Year in Baseball Starter of the Year,2013,ML
kershcl01,This Year in Baseball Starter of the Year,2014,ML
kershcl01,TSN Major League Player of the Year,2014,ML
kershcl01,TSN Pitcher of the Year,2011,NL
kessido01,Gold Glove,1969,NL
kessido01,Gold Glove,1970,NL
kessido01,Lou Gehrig Memorial Award,1978,ML
kessido01,TSN All-Star,1968,NL
kessido01,TSN All-Star,1969,NL
kessido01,TSN All-Star,1970,NL
keuchda01,Cy Young Award,2015,AL
keuchda01,Gold Glove,2014,AL
keuchda01,Gold Glove,2015,AL
keuchda01,Gold Glove,2016,AL
keuchda01,Gold Glove,2018,AL
keuchda01,Gold Glove,2021,AL
keuchda01,MLB Players Choice Outstanding Pitcher,2015,AL
keuchda01,Pitcher of the Month,2015,AL
keuchda01,Pitcher of the Month,2015,AL
keuchda01,Pitcher of the Month,2015,AL
keuchda01,Pitcher of the Month,2017,AL
keuchda01,Player of the Week,2014,AL
keuchda01,Player of the Week,2015,AL
keyji01,MLB Players Choice Outstanding Pitcher,1994,AL
keyji01,Pitcher of the Month,1993,AL
keyji01,TSN All-Star,1987,AL
keyji01,TSN All-Star,1993,AL
keyji01,TSN All-Star,1994,AL
keyji01,TSN Pitcher of the Year,1987,AL
keyji01,TSN Pitcher of the Year,1994,AL
kiermke01,Gold Glove,2015,AL
kiermke01,Gold Glove,2016,AL
kiermke01,Gold Glove,2019,AL
kiermke01,Gold Glove,2023,AL
kiermke01,Platinum Glove,2015,AL
kiermke01,This Year in Baseball Best Defensive Player,2015,ML
kileda01,Pitcher of the Month,1993,NL
kileda01,Pitcher of the Month,1997,NL
kileda01,Player of the Week,1993,NL
kileda01,Player of the Week,1997,NL
killebi01,Baseball Magazine All-Star,1917,ML
killebi01,Baseball Magazine All-Star,1917,NL
killebi01,Baseball Magazine All-Star,1918,ML
killebi01,Baseball Magazine All-Star,1918,NL
killeha01,Lou Gehrig Memorial Award,1971,ML
killeha01,Most Valuable Player,1969,AL
killeha01,TSN All-Star,1964,AL
killeha01,TSN All-Star,1967,AL
killeha01,TSN All-Star,1969,AL
killeha01,TSN All-Star,1970,AL
killeha01,TSN Player of the Year,1969,AL
killeha01,TSN Player of the Year,1970,AL
kimbrcr01,MLB Players Choice Outstanding Rookie,2011,NL
kimbrcr01,Reliever of the Month,2011,ML
kimbrcr01,Reliever of the Month,2012,ML
kimbrcr01,Reliever of the Month,2013,ML
kimbrcr01,Reliever of the Month,2017,AL
kimbrcr01,Reliever of the Month,2023,NL
kimbrcr01,Reliever of the Year Award,2012,NL
kimbrcr01,Reliever of the Year Award,2014,NL
kimbrcr01,Reliever of the Year Award,2017,AL
kimbrcr01,Rookie of the Month,2011,NL
kimbrcr01,Rookie of the Month,2011,NL
kimbrcr01,Rookie of the Year,2011,NL
kimbrcr01,This Year in Baseball Closer of the Year,2013,ML
kimbrcr01,This Year in Baseball Rookie of the Year,2011,ML
kimbrcr01,TSN All-Star,2017,AL
kimbrcr01,TSN Reliever of the Year,2017,AL
kimbrcr01,TSN Rookie of the Year,2011,NL
kimby01,Player of the Week,2002,NL
kimha01,Gold Glove,2023,NL
kindeel01,TSN All-Star,1949,ML
kindeel01,TSN Pitcher of the Year,1949,AL
kineris01,Gold Glove,2020,AL
kinerra01,Baseball Magazine All-Star,1947,NL
kinerra01,Baseball Magazine All-Star,1948,NL
kinerra01,Baseball Magazine All-Star,1949,NL
kinerra01,Baseball Magazine All-Star,1950,ML
kinerra01,Baseball Magazine All-Star,1950,NL
kinerra01,TSN All-Star,1947,ML
kinerra01,TSN All-Star,1949,ML
kinerra01,TSN All-Star,1950,ML
kinerra01,TSN All-Star,1951,ML
kinerra01,TSN Player of the Year,1950,NL
kingje01,Player of the Month,1997,AL
kingje01,Player of the Week,1996,NL
kingje01,Player of the Week,1997,AL
kingmda01,Outstanding DH Award,1984,AL
kingmda01,Player of the Month,1975,NL
kingmda01,Player of the Month,1980,NL
kingmda01,Player of the Week,1973,NL
kingmda01,Player of the Week,1975,NL
kingmda01,Player of the Week,1979,NL
kingmda01,Player of the Week,1979,NL
kingmda01,Player of the Week,1981,NL
kingmda01,Player of the Week,1982,NL
kingmda01,Player of the Week,1984,AL
kingmda01,TSN All-Star,1979,NL
kingmda01,TSN All-Star,1984,AL
kingmda01,TSN Comeback Player of the Year,1984,AL
kingmi01,All-MLB Team - Second Team,2024,ML
kinslia01,Gold Glove,2016,AL
kinslia01,Gold Glove,2018,AL
kinslia01,Player of the Week,2007,AL
kinslia01,Player of the Week,2009,AL
kipnija01,Player of the Month,2013,AL
kipnija01,Player of the Month,2015,AL
kipnija01,Player of the Week,2013,AL
kipnija01,Player of the Week,2013,AL
kipnija01,Player of the Week,2014,AL
kirbyge01,Rookie of the Month,2022,AL
kirilal01,Player of the Week,2023,AL
kirkal01,Silver Slugger,2022,AL
kirkal01,TSN All-Star,2022,AL
kittlro01,Player of the Month,1989,AL
kittlro01,Player of the Week,1984,AL
kittlro01,Player of the Week,1985,AL
kittlro01,Player of the Week,1989,AL
kittlro01,Rookie of the Year,1983,AL
kittlro01,TSN Rookie Player of the Year,1983,AL
kleinch01,Baseball Magazine All-Star,1931,NL
kleinch01,Baseball Magazine All-Star,1932,ML
kleinch01,Baseball Magazine All-Star,1932,NL
kleinch01,Baseball Magazine All-Star,1933,ML
kleinch01,Baseball Magazine All-Star,1933,NL
kleinch01,Most Valuable Player,1932,NL
kleinch01,Triple Crown,1933,NL
kleinch01,TSN All-Star,1932,ML
kleinch01,TSN All-Star,1933,ML
kleinch01,TSN Guide MVP,1931,NL
kleinch01,TSN Guide MVP,1932,NL
kleskry01,Player of the Week,1996,NL
kleskry01,Player of the Week,2000,NL
kleskry01,Player of the Week,2001,NL
klingjo01,Baseball Magazine All-Star,1908,ML
klingjo01,Baseball Magazine All-Star,1908,NL
klingjo01,Baseball Magazine All-Star,1909,ML
klingjo01,Baseball Magazine All-Star,1909,NL
klubeco01,Cy Young Award,2014,AL
klubeco01,Cy Young Award,2017,AL
klubeco01,Lou Gehrig Memorial Award,2018,ML
klubeco01,MLB Players Choice Outstanding Pitcher,2017,AL
klubeco01,Pitcher of the Month,2014,AL
klubeco01,Pitcher of the Month,2016,AL
klubeco01,Pitcher of the Month,2017,AL
klubeco01,Pitcher of the Month,2017,AL
klubeco01,Pitcher of the Month,2017,AL
klubeco01,Player of the Week,2013,AL
klubeco01,Player of the Week,2014,AL
klubeco01,Player of the Week,2017,AL
klubeco01,Player of the Week,2017,AL
klubeco01,Player of the Week,2021,AL
klubeco01,Player of the Week,2021,AL
klubeco01,This Year in Baseball Best Pitcher,2017,ML
klubeco01,This Year in Baseball Breakout Pitcher of the Year,2014,ML
klubeco01,TSN All-Star,2016,AL
klubeco01,TSN Pitcher of the Year,2016,AL
kluszte01,TSN All-Star,1954,ML
kluszte01,TSN All-Star,1955,ML
kluszte01,TSN All-Star,1956,ML
knebeco01,Reliever of the Month,2017,NL
knebeco01,Reliever of the Month,2018,NL
kneppbo01,Pitcher of the Month,1978,NL
kneppbo01,Player of the Week,1981,NL
kneppbo01,TSN Comeback Player of the Year,1981,NL
knickbi01,Baseball Magazine All-Star,1934,AL
knighra01,Babe Ruth Award,1986,NL
knighra01,Hutch Award,1983,ML
knighra01,Player of the Week,1987,AL
knighra01,TSN Comeback Player of the Year,1986,NL
knighra01,World Series MVP,1986,ML
knoblch01,Gold Glove,1997,AL
knoblch01,Player of the Week,1995,AL
knoblch01,Player of the Week,1996,AL
knoblch01,Rookie of the Year,1991,AL
knoblch01,Silver Slugger,1995,AL
knoblch01,Silver Slugger,1997,AL
knoblch01,TSN All-Star,1994,AL
knoblch01,TSN All-Star,1997,AL
knoblch01,TSN Rookie Player of the Year,1991,AL
knoopbo01,Gold Glove,1966,AL
knoopbo01,Gold Glove,1967,AL
knoopbo01,Gold Glove,1968,AL
kochbi01,Reliever of the Year Award,2002,AL
kochbi01,TSN Reliever of the Year,2002,AL
kommibr01,Player of the Week,1989,AL
konerpa01,ALCS MVP,2005,AL
konerpa01,Player of the Month,2002,AL
konerpa01,Player of the Week,2003,AL
konerpa01,Player of the Week,2006,AL
konerpa01,Player of the Week,2010,AL
konerpa01,Player of the Week,2011,AL
konerpa01,Player of the Week,2012,AL
konerpa01,Player of the Week,2012,AL
konerpa01,Roberto Clemente Award,2014,AL
konerpa01,TSN All-Star,2004,AL
konerpa01,TSN Comeback Player of the Year,2004,AL
konstji01,Baseball Magazine All-Star,1950,ML
konstji01,Baseball Magazine All-Star,1950,NL
konstji01,Most Valuable Player,1950,NL
konstji01,TSN All-Star,1950,ML
konstji01,TSN Pitcher of the Year,1950,NL
koosmje01,Pitcher of the Month,1976,NL
koosmje01,Player of the Month,1973,NL
koosmje01,Player of the Week,1973,NL
koosmje01,TSN Rookie Pitcher of the Year,1968,NL
koskico01,Player of the Week,2003,AL
kotsama01,Player of the Week,2006,AL
koufasa01,Babe Ruth Award,1963,NL
koufasa01,Babe Ruth Award,1965,NL
koufasa01,Cy Young Award,1963,ML
koufasa01,Cy Young Award,1965,ML
koufasa01,Cy Young Award,1966,ML
koufasa01,Hutch Award,1966,ML
koufasa01,Most Valuable Player,1963,NL
koufasa01,Pitching Triple Crown,1963,NL
koufasa01,Pitching Triple Crown,1965,NL
koufasa01,Pitching Triple Crown,1966,NL
koufasa01,TSN All-Star,1963,NL
koufasa01,TSN All-Star,1964,NL
koufasa01,TSN All-Star,1965,NL
koufasa01,TSN All-Star,1966,NL
koufasa01,TSN Major League Player of the Year,1963,ML
koufasa01,TSN Major League Player of the Year,1965,ML
koufasa01,TSN Pitcher of the Year,1963,NL
koufasa01,TSN Pitcher of the Year,1964,NL
koufasa01,TSN Pitcher of the Year,1965,NL
koufasa01,TSN Pitcher of the Year,1966,NL
koufasa01,World Series MVP,1963,ML
koufasa01,World Series MVP,1965,ML
kouzmke01,Player of the Week,2014,AL
kremera01,Baseball Magazine All-Star,1926,ML
kremera01,Baseball Magazine All-Star,1926,NL
kremera01,Baseball Magazine All-Star,1930,NL
kressre01,Baseball Magazine All-Star,1929,AL
kruegbi01,Pitcher of the Month,1991,AL
kruegbi01,Pitcher of the Month,1992,AL
krukjo01,Player of the Week,1986,NL
krukjo01,Player of the Week,1991,NL
krukjo01,Player of the Week,1993,NL
krukomi01,Pitcher of the Month,1986,NL
krukomi01,Player of the Week,1986,NL
kubekto01,Rookie of the Year,1957,AL
kubekto01,TSN All-Star,1961,AL
kubekto01,TSN Rookie of the Year,1957,AL
kubelja01,Player of the Week,2009,AL
kubelja01,Player of the Week,2012,NL
kuennha01,Rookie of the Year,1953,AL
kuennha01,TSN All-Star,1956,ML
kuennha01,TSN Rookie of the Year,1953,AL
kuipedu01,Player of the Week,1976,AL
kuoho01,This Year in Baseball Setup Man of the Year,2008,ML
kurowwh01,Baseball Magazine All-Star,1945,ML
kurowwh01,Baseball Magazine All-Star,1945,NL
kurowwh01,Baseball Magazine All-Star,1946,ML
kurowwh01,Baseball Magazine All-Star,1946,NL
kurowwh01,TSN All-Star,1945,ML
kurtzni01,All-MLB Team - Second Team,2025,ML
kurtzni01,Player of the Month,2025,AL
kurtzni01,Player of the Week,2025,AL
kurtzni01,Player of the Week,2025,AL
kurtzni01,Rookie of the Year,2025,AL
kurtzni01,Silver Slugger,2025,AL
kurtzni01,TSN Rookie of the Year,2025,AL
kwanst01,Gold Glove,2022,AL
kwanst01,Gold Glove,2023,AL
kwanst01,Gold Glove,2024,AL
kwanst01,Gold Glove,2025,AL
kwanst01,Player of the Week,2022,AL
kwanst01,Rookie of the Month,2022,AL
kwanst01,Rookie of the Month,2022,AL
laboyco01,TSN Rookie Player of the Year,1969,NL
lackejo01,Pitcher of the Month,2006,AL
lackejo01,Pitcher of the Month,2008,AL
laffeaa01,Rookie of the Month,2008,AL
lagarju01,Gold Glove,2014,NL
lagarju01,Player of the Week,2013,NL
lairdge01,Rookie of the Month,2004,AL
lajoina01,Baseball Magazine All-Star,1908,AL
lajoina01,Baseball Magazine All-Star,1908,ML
lajoina01,Baseball Magazine All-Star,1910,AL
lajoina01,Baseball Magazine All-Star,1910,ML
lajoina01,Triple Crown,1901,AL
lambja01,Player of the Week,2016,NL
lambja01,Player of the Week,2017,NL
lametdi01,All-MLB Team - Second Team,2020,ML
landera01,Player of the Week,1979,NL
landiji01,Gold Glove,1960,AL
landiji01,Gold Glove,1961,AL
landiji01,Gold Glove,1962,AL
landiji01,Gold Glove,1963,AL
landiji01,Gold Glove,1964,AL
langeal01,Reliever of the Month,2023,AL
langesh01,Player of the Month,2025,AL
langfri01,Pitcher of the Month,1979,AL
langfwy01,Player of the Month,2024,AL
langfwy01,Rookie of the Month,2024,AL
langfwy01,Rookie of the Month,2024,AL
langsma01,Gold Glove,1987,AL
langsma01,Gold Glove,1988,AL
langsma01,Gold Glove,1991,AL
langsma01,Gold Glove,1992,AL
langsma01,Gold Glove,1993,AL
langsma01,Gold Glove,1994,AL
langsma01,Gold Glove,1995,AL
langsma01,Pitcher of the Month,1987,AL
langsma01,Pitcher of the Month,1988,AL
langsma01,Pitcher of the Month,1989,NL
langsma01,Player of the Week,1984,AL
langsma01,Player of the Week,1988,AL
langsma01,Player of the Week,1989,NL
langsma01,TSN Rookie Pitcher of the Year,1984,AL
lankfra01,Player of the Week,1995,NL
lankfra01,Player of the Week,1996,NL
lansfca01,Hutch Award,1992,ML
lansfca01,Player of the Month,1988,AL
lansfca01,Player of the Week,1987,AL
lansfca01,Player of the Week,1992,AL
lansfca01,Silver Slugger,1981,AL
lansfca01,TSN All-Star,1989,AL
larkiba01,Gold Glove,1994,NL
larkiba01,Gold Glove,1995,NL
larkiba01,Gold Glove,1996,NL
larkiba01,Lou Gehrig Memorial Award,1994,ML
larkiba01,Most Valuable Player,1995,NL
larkiba01,Player of the Month,1991,NL
larkiba01,Player of the Week,1990,NL
larkiba01,Player of the Week,1991,NL
larkiba01,Player of the Week,1997,NL
larkiba01,Player of the Week,1998,NL
larkiba01,Roberto Clemente Award,1993,ML
larkiba01,Silver Slugger,1988,NL
larkiba01,Silver Slugger,1989,NL
larkiba01,Silver Slugger,1990,NL
larkiba01,Silver Slugger,1991,NL
larkiba01,Silver Slugger,1992,NL
larkiba01,Silver Slugger,1995,NL
larkiba01,Silver Slugger,1996,NL
larkiba01,Silver Slugger,1998,NL
larkiba01,Silver Slugger,1999,NL
larkiba01,TSN All-Star,1988,NL
larkiba01,TSN All-Star,1990,NL
larkiba01,TSN All-Star,1991,NL
larkiba01,TSN All-Star,1992,NL
larkiba01,TSN All-Star,1994,NL
larkiba01,TSN All-Star,1995,NL
larkiba01,TSN All-Star,1996,NL
larkiba01,TSN All-Star,1998,NL
larkiba01,TSN All-Star,1999,NL
larocad01,Gold Glove,2012,NL
larocad01,Player of the Week,2014,NL
larocad01,Silver Slugger,2012,NL
larsedo01,Babe Ruth Award,1956,AL
larsedo01,World Series MVP,1956,ML
laryfr01,Gold Glove,1961,AL
laryfr01,TSN All-Star,1961,AL
laskebi01,Pitcher of the Month,1983,NL
lasorto01,Bob Feller Act of Valor Award - HOF Player,2014,ML
lasorto01,Branch Rickey Award,2006,ML
latosma01,Player of the Week,2012,NL
laurera01,Player of the Week,2019,AL
lavagco01,Baseball Magazine All-Star,1939,NL
lavalmi01,Gold Glove,1987,NL
lavalmi01,Player of the Week,1988,NL
lavalmi01,TSN All-Star,1988,NL
lawrebr02,Player of the Week,2002,NL
lawsoro01,Baseball Magazine All-Star,1937,AL
lawtoma02,Player of the Week,2001,AL
lawve01,Cy Young Award,1960,ML
lawve01,Lou Gehrig Memorial Award,1965,ML
lawve01,TSN All-Star,1960,ML
lawve01,TSN Comeback Player of the Year,1965,NL
lawve01,TSN Pitcher of the Year,1960,NL
lazzeto01,Baseball Magazine All-Star,1927,AL
lazzeto01,Baseball Magazine All-Star,1928,AL
lazzeto01,Baseball Magazine All-Star,1930,AL
lazzeto01,TSN All-Star,1932,ML
leach01,Pitcher of the Month,1981,NL
leach01,Player of the Week,1981,NL
leachto01,Baseball Magazine All-Star,1909,NL
leachto01,Baseball Magazine All-Star,1910,NL
leachto01,Baseball Magazine All-Star,1913,NL
leakemi01,Gold Glove,2019,AL
leallu01,Player of the Week,1983,AL
learyti01,Player of the Week,1988,NL
learyti01,Silver Slugger,1988,NL
learyti01,TSN Comeback Player of the Year,1988,NL
leebi02,Baseball Magazine All-Star,1938,NL
leebi03,Player of the Week,1975,AL
leebi03,Player of the Week,1975,AL
leeca01,Player of the Week,1999,AL
leeca01,Player of the Week,2000,AL
leeca01,Player of the Week,2005,NL
leeca01,Player of the Week,2008,NL
leeca01,Silver Slugger,2005,NL
leeca01,Silver Slugger,2007,NL
leeca01,TSN All-Star,2007,NL
leecl02,Comeback Player of the Year,2008,AL
leecl02,Cy Young Award,2008,AL
leecl02,MLB Players Choice Comeback Player,2008,AL
leecl02,MLB Players Choice Outstanding Pitcher,2008,AL
leecl02,Pitcher of the Month,2008,AL
leecl02,Pitcher of the Month,2008,AL
leecl02,Pitcher of the Month,2010,AL
leecl02,Pitcher of the Month,2011,NL
leecl02,Pitcher of the Month,2011,NL
leecl02,TSN Comeback Player of the Year,2008,AL
leecl02,TSN Pitcher of the Year,2008,AL
leede02,Gold Glove,2003,NL
leede02,Gold Glove,2005,NL
leede02,Gold Glove,2007,NL
leede02,Player of the Month,2005,NL
leede02,Player of the Month,2009,NL
leede02,Player of the Week,2005,NL
leede02,Player of the Week,2005,NL
leede02,Silver Slugger,2005,NL
leeth01,Baseball Magazine All-Star,1941,AL
leeth01,Baseball Magazine All-Star,1941,ML
leeth01,TSN All-Star,1941,ML
lefebji01,Rookie of the Year,1965,NL
lefloro01,Player of the Month,1976,AL
lefloro01,Player of the Week,1976,AL
leibeha01,Baseball Magazine All-Star,1939,NL
leibeha01,Baseball Magazine All-Star,1940,NL
leibrch01,Pitcher of the Month,1985,AL
leibrch01,Pitcher of the Month,1985,AL
leibrch01,Player of the Week,1990,NL
leiteal01,Branch Rickey Award,1999,ML
leiteal01,Pitcher of the Month,1999,NL
leiteal01,Pitcher of the Month,2000,NL
leiteal01,Player of the Week,1996,NL
leiteal01,Roberto Clemente Award,2000,ML
leiteal01,TSN All-Star,1996,NL
lemahdj01,All-MLB Team - First Team,2019,ML
lemahdj01,All-MLB Team - First Team,2020,ML
lemahdj01,Gold Glove,2014,NL
lemahdj01,Gold Glove,2017,NL
lemahdj01,Gold Glove,2018,NL
lemahdj01,Gold Glove,2022,AL
lemahdj01,Player of the Month,2019,AL
lemahdj01,Player of the Week,2019,AL
lemahdj01,Player of the Week,2020,AL
lemahdj01,Silver Slugger,2019,AL
lemahdj01,Silver Slugger,2020,AL
lemahdj01,TSN All-Star,2019,AL
lemahdj01,TSN All-Star,2020,AL
lemonbo01,Baseball Magazine All-Star,1948,AL
lemonbo01,Baseball Magazine All-Star,1948,ML
lemonbo01,Baseball Magazine All-Star,1950,AL
lemonbo01,TSN All-Star,1948,ML
lemonbo01,TSN All-Star,1950,ML
lemonbo01,TSN All-Star,1954,ML
lemonbo01,TSN Pitcher of the Year,1948,AL
lemonbo01,TSN Pitcher of the Year,1950,AL
lemonbo01,TSN Pitcher of the Year,1954,AL
lemonch01,Player of the Week,1979,AL
lemonch01,Player of the Week,1988,AL
leonade01,Hutch Award,1986,ML
leonade01,Player of the Week,1975,AL
leonadu01,Baseball Magazine All-Star,1914,AL
leonadu02,Baseball Magazine All-Star,1939,AL
leonadu02,Baseball Magazine All-Star,1941,AL
leonaje01,NLCS MVP,1987,NL
leonaje01,Player of the Week,1983,NL
leonaje01,Player of the Week,1983,NL
leonaje01,TSN Rookie Player of the Year,1979,NL
lestejo01,Babe Ruth Award,2016,ML
lestejo01,Hutch Award,2008,ML
lestejo01,NLCS MVP,2016,NL
lestejo01,Pitcher of the Month,2008,AL
lestejo01,Pitcher of the Month,2008,AL
lestejo01,Pitcher of the Month,2010,AL
lestejo01,Pitcher of the Month,2016,NL
lestejo01,Pitcher of the Month,2016,NL
lestejo01,Pitcher of the Month,2018,NL
lestejo01,Player of the Week,2008,AL
lestejo01,Player of the Week,2014,AL
lestejo01,Player of the Week,2016,NL
lestejo01,This Year in Baseball Performance of the Year,2008,ML
lewisco01,Player of the Week,2010,AL
lewisda01,Gold Glove,1994,NL
lewisky01,MLB Players Choice Outstanding Rookie,2020,AL
lewisky01,Rookie of the Year,2020,AL
lewisky01,TSN Rookie of the Year,2020,AL
lewisro02,Rookie of the Month,2023,AL
lewissc02,Rookie of the Month,2008,AL
lezcasi01,Gold Glove,1979,AL
lezcasi01,Player of the Week,1982,NL
lezcasi01,Player of the Week,1982,NL
lidgebr01,Comeback Player of the Year,2008,NL
lidgebr01,Reliever of the Month,2005,ML
lidgebr01,Reliever of the Year Award,2008,NL
lidgebr01,This Year in Baseball Closer of the Year,2008,ML
lidgebr01,TSN Reliever of the Year,2008,NL
lidleco01,Pitcher of the Month,2002,AL
liebejo01,Player of the Week,2000,NL
liebemi01,Gold Glove,1999,NL
liebemi01,MLB Players Choice Comeback Player,2002,NL
liebemi01,Player of the Week,1999,NL
liebemi01,TSN Comeback Player of the Year,2002,NL
limajo01,Pitcher of the Month,2003,AL
limajo01,Player of the Week,1998,NL
limajo01,TSN All-Star,1999,NL
linceti01,Babe Ruth Award,2010,NL
linceti01,Cy Young Award,2008,NL
linceti01,Cy Young Award,2009,NL
linceti01,MLB Players Choice Outstanding Pitcher,2008,NL
linceti01,Pitcher of the Month,2009,NL
linceti01,Player of the Week,2009,NL
linceti01,Player of the Week,2013,NL
linceti01,Player of the Week,2014,NL
linceti01,This Year in Baseball Pitching Performance of the Year,2013,ML
linceti01,This Year in Baseball Postseason MVP,2010,ML
linceti01,This Year in Baseball Starter of the Year,2008,ML
linceti01,TSN Pitcher of the Year,2008,NL
linceti01,TSN Pitcher of the Year,2009,NL
lindad01,Outstanding DH Award,2009,AL
lindad01,Player of the Week,2009,AL
lindad01,Silver Slugger,2009,AL
lindjo01,Gold Glove,1992,NL
lindjo01,Player of the Week,1989,NL
lindofr01,All-MLB Team - Second Team,2022,ML
lindofr01,All-MLB Team - Second Team,2023,ML
lindofr01,All-MLB Team - Second Team,2024,ML
lindofr01,Gold Glove,2016,AL
lindofr01,Gold Glove,2019,AL
lindofr01,MLB Players Choice Man of the Year,2022,ML
lindofr01,Platinum Glove,2016,AL
lindofr01,Player of the Month,2018,AL
lindofr01,Player of the Week,2018,AL
lindofr01,Player of the Week,2018,AL
lindofr01,Player of the Week,2022,NL
lindofr01,Player of the Week,2024,NL
lindofr01,Player of the Week,2025,NL
lindofr01,Rookie of the Month,2015,AL
lindofr01,Silver Slugger,2017,AL
lindofr01,Silver Slugger,2018,AL
lindofr01,Silver Slugger,2023,NL
lindofr01,Silver Slugger,2024,NL
lindofr01,This Year in Baseball Best Defensive Player,2016,ML
lindofr01,TSN All-Star,2016,AL
lindofr01,TSN All-Star,2017,AL
lindofr01,TSN All-Star,2018,AL
lindofr01,TSN All-Star,2024,NL
lindsfr01,Baseball Magazine All-Star,1930,ML
lindsfr01,Baseball Magazine All-Star,1930,NL
lindsfr01,TSN All-Star,1928,ML
lindsfr01,TSN All-Star,1930,ML
linzyfr01,TSN Rookie Pitcher of the Year,1965,NL
liriafr01,Comeback Player of the Year,2010,AL
liriafr01,Comeback Player of the Year,2013,NL
liriafr01,MLB Players Choice Comeback Player,2013,NL
liriafr01,Pitcher of the Month,2010,AL
liriafr01,Player of the Week,2011,AL
liriafr01,Player of the Week,2013,NL
liriafr01,Rookie of the Month,2006,AL
liriafr01,Rookie of the Month,2006,AL
liriafr01,This Year in Baseball Rookie of the Year,2006,ML
liriafr01,TSN Comeback Player of the Year,2013,NL
liriane01,Player of the Week,1989,AL
listapa01,Rookie of the Year,1992,AL
listapa01,TSN Rookie Player of the Year,1992,AL
loaizes01,MLB Players Choice Comeback Player,2003,AL
loaizes01,Pitcher of the Month,2003,AL
loaizes01,Pitcher of the Month,2006,AL
loaizes01,Player of the Week,2003,AL
loberha01,Baseball Magazine All-Star,1911,NL
loberha01,Baseball Magazine All-Star,1914,NL
loducpa01,TSN All-Star,2005,NL
loftoke01,Gold Glove,1993,AL
loftoke01,Gold Glove,1994,AL
loftoke01,Gold Glove,1995,AL
loftoke01,Gold Glove,1996,AL
loftoke01,Player of the Week,1994,AL
loftoke01,Player of the Week,1997,NL
loftoke01,Player of the Week,2000,AL
lolicmi01,Babe Ruth Award,1968,AL
lolicmi01,World Series MVP,1968,ML
lollash01,Gold Glove,1957,ML
lollash01,Gold Glove,1958,AL
lollash01,Gold Glove,1959,AL
lollash01,TSN All-Star,1959,ML
lombaer01,Baseball Magazine All-Star,1938,NL
lombaer01,Baseball Magazine All-Star,1942,NL
lombaer01,Most Valuable Player,1938,NL
lombaer01,TSN Guide MVP,1938,NL
lonboji01,Cy Young Award,1967,AL
lonboji01,TSN All-Star,1967,AL
lonboji01,TSN Pitcher of the Year,1967,AL
loneyja01,Player of the Week,2013,AL
loneyja01,Rookie of the Month,2007,NL
longoev01,Gold Glove,2009,AL
longoev01,Gold Glove,2010,AL
longoev01,Gold Glove,2017,AL
longoev01,MLB Players Choice Outstanding Rookie,2008,AL
longoev01,Player of the Month,2009,AL
longoev01,Player of the Week,2008,AL
longoev01,Player of the Week,2009,AL
longoev01,Player of the Week,2009,AL
longoev01,Player of the Week,2009,AL
longoev01,Player of the Week,2010,AL
longoev01,Player of the Week,2013,AL
longoev01,Player of the Week,2016,AL
longoev01,Rookie of the Month,2008,AL
longoev01,Rookie of the Year,2008,AL
longoev01,Silver Slugger,2009,AL
longoev01,This Year in Baseball Oddity of the Year,2013,ML
longoev01,This Year in Baseball Rookie of the Year,2008,ML
longoev01,TSN Rookie of the Year,2008,AL
longte01,MLB Players Choice Outstanding Rookie,2000,AL
lopesda01,Gold Glove,1978,NL
lopesda01,Player of the Week,1974,NL
lopesda01,TSN All-Star,1978,NL
lopesda01,TSN All-Star,1979,NL
lopezal01,Baseball Magazine All-Star,1933,NL
lopezal01,Baseball Magazine All-Star,1941,NL
lopezal01,Baseball Magazine All-Star,1945,NL
lopezal02,Player of the Week,2000,AL
lopezfe01,Player of the Week,2005,NL
lopezfe01,Silver Slugger,2005,NL
lopezfe01,TSN All-Star,2005,NL
lopezja01,NLCS MVP,1996,NL
lopezja01,Player of the Week,2003,NL
lopezja01,Silver Slugger,2003,NL
lopezja01,TSN All-Star,2003,NL
lopezja01,TSN Comeback Player of the Year,2003,NL
lopezma01,TSN Rookie Pitcher of the Year,1965,AL
lopezpa01,Pitcher of the Month,2022,NL
lopezro01,Rookie of the Month,2002,AL
lopezro01,TSN Rookie Pitcher of the Year,2002,AL
lordha01,Baseball Magazine All-Star,1908,AL
lordha01,Baseball Magazine All-Star,1909,AL
lordha01,Baseball Magazine All-Star,1909,ML
lordha01,Baseball Magazine All-Star,1910,AL
lorenmi01,Player of the Week,2023,NL
loretma01,Hutch Award,2006,ML
loretma01,Silver Slugger,2004,NL
loretma01,TSN All-Star,2004,NL
lowebr01,All-MLB Team - Second Team,2020,ML
lowebr01,Player of the Week,2020,AL
lowebr01,Rookie of the Month,2019,AL
lowede01,Pitcher of the Month,2002,AL
lowede01,Pitcher of the Month,2006,NL
lowede01,Pitcher of the Month,2010,NL
lowede01,Player of the Week,2002,AL
lowede01,TSN All-Star,2002,AL
lowelmi01,Gold Glove,2005,NL
lowelmi01,Player of the Week,2000,NL
lowelmi01,Player of the Week,2002,NL
lowelmi01,Player of the Week,2007,AL
lowelmi01,Player of the Week,2009,AL
lowelmi01,Silver Slugger,2003,NL
lowelmi01,This Year in Baseball Defensive Player of the Year,2006,ML
lowelmi01,World Series MVP,2007,ML
lowena01,Gold Glove,2023,AL
lowena01,Player of the Week,2019,AL
lowena01,Player of the Week,2022,AL
lowena01,Silver Slugger,2022,AL
lowenjo01,Player of the Week,1982,AL
lowryno01,Pitcher of the Month,2005,NL
lowryno01,Player of the Week,2004,NL
lowryno01,Player of the Week,2006,NL
lucasre01,Baseball Magazine All-Star,1929,ML
lucasre01,Baseball Magazine All-Star,1929,NL
lucrojo01,Bob Feller Act of Valor Award - MLB Player,2015,ML
ludwiry01,Player of the Month,2009,NL
ludwiry01,Player of the Week,2008,NL
ludwiry01,Player of the Week,2009,NL
ludwiry01,Silver Slugger,2008,NL
lugoju01,Player of the Week,2000,NL
lugose01,All-MLB Team - Second Team,2024,ML
lugose01,Gold Glove,2024,AL
lugose01,Reliever of the Month,2019,NL
luquedo01,Baseball Magazine All-Star,1923,ML
luquedo01,Baseball Magazine All-Star,1923,NL
luxga01,Player of the Week,2024,NL
luzingr01,Outstanding DH Award,1981,AL
luzingr01,Outstanding DH Award,1983,AL
luzingr01,Player of the Month,1973,NL
luzingr01,Player of the Month,1977,NL
luzingr01,Player of the Week,1977,NL
luzingr01,Player of the Week,1977,NL
luzingr01,Player of the Week,1981,AL
luzingr01,Roberto Clemente Award,1978,ML
luzingr01,TSN All-Star,1975,NL
luzingr01,TSN All-Star,1977,NL
luzingr01,TSN All-Star,1983,AL
lylesp01,Cy Young Award,1977,AL
lylesp01,Player of the Week,1976,AL
lylesp01,TSN Fireman of the Year,1972,AL
lynnfr01,ALCS MVP,1982,AL
lynnfr01,All-Star Game MVP,1983,ML
lynnfr01,Gold Glove,1975,AL
lynnfr01,Gold Glove,1978,AL
lynnfr01,Gold Glove,1979,AL
lynnfr01,Gold Glove,1980,AL
lynnfr01,Most Valuable Player,1975,AL
lynnfr01,Player of the Month,1975,AL
lynnfr01,Player of the Month,1979,AL
lynnfr01,Player of the Week,1975,AL
lynnfr01,Player of the Week,1978,AL
lynnfr01,Player of the Week,1979,AL
lynnfr01,Player of the Week,1979,AL
lynnfr01,Player of the Week,1986,AL
lynnfr01,Player of the Week,1986,AL
lynnfr01,Rookie of the Year,1975,AL
lynnfr01,TSN All-Star,1975,AL
lynnfr01,TSN All-Star,1978,AL
lynnfr01,TSN All-Star,1979,AL
lynnfr01,TSN Player of the Year,1975,AL
lynnfr01,TSN Rookie Player of the Year,1975,AL
lyonste01,Baseball Magazine All-Star,1925,AL
lyonste01,Baseball Magazine All-Star,1926,AL
lyonste01,Baseball Magazine All-Star,1926,ML
lyonste01,Baseball Magazine All-Star,1927,AL
lyonste01,Baseball Magazine All-Star,1927,ML
lyonste01,Baseball Magazine All-Star,1930,AL
lyonste01,Baseball Magazine All-Star,1930,ML
lyonste01,TSN All-Star,1927,ML
macfada01,Baseball Magazine All-Star,1936,NL
machama01,All-MLB Team - First Team,2020,ML
machama01,All-MLB Team - First Team,2022,ML
machama01,All-MLB Team - Second Team,2024,ML
machama01,Gold Glove,2013,AL
machama01,Gold Glove,2015,AL
machama01,Platinum Glove,2013,AL
machama01,Player of the Month,2016,AL
machama01,Player of the Month,2017,AL
machama01,Player of the Week,2012,AL
machama01,Player of the Week,2015,AL
machama01,Player of the Week,2017,AL
machama01,Player of the Week,2018,AL
machama01,Player of the Week,2020,NL
machama01,Player of the Week,2020,NL
machama01,Player of the Week,2022,NL
machama01,Player of the Week,2023,NL
machama01,Silver Slugger,2020,NL
machama01,Silver Slugger,2024,NL
machama01,Silver Slugger,2025,NL
machama01,This Year in Baseball Play of the Year,2013,ML
machama01,TSN All-Star,2020,NL
machama01,TSN All-Star,2021,NL
machama01,TSN All-Star,2025,NL
mackoro01,Player of the Week,2004,NL
macksh01,Player of the Week,1993,AL
maddoga01,Gold Glove,1975,NL
maddoga01,Gold Glove,1976,NL
maddoga01,Gold Glove,1977,NL
maddoga01,Gold Glove,1978,NL
maddoga01,Gold Glove,1979,NL
maddoga01,Gold Glove,1980,NL
maddoga01,Gold Glove,1981,NL
maddoga01,Gold Glove,1982,NL
maddoga01,Player of the Week,1973,NL
maddoga01,Player of the Week,1978,NL
maddoga01,Roberto Clemente Award,1986,ML
maddugr01,Cy Young Award,1992,NL
maddugr01,Cy Young Award,1993,NL
maddugr01,Cy Young Award,1994,NL
maddugr01,Cy Young Award,1995,NL
maddugr01,Gold Glove,1990,NL
maddugr01,Gold Glove,1991,NL
maddugr01,Gold Glove,1992,NL
maddugr01,Gold Glove,1993,NL
maddugr01,Gold Glove,1994,NL
maddugr01,Gold Glove,1995,NL
maddugr01,Gold Glove,1996,NL
maddugr01,Gold Glove,1997,NL
maddugr01,Gold Glove,1998,NL
maddugr01,Gold Glove,1999,NL
maddugr01,Gold Glove,2000,NL
maddugr01,Gold Glove,2001,NL
maddugr01,Gold Glove,2002,NL
maddugr01,Gold Glove,2004,NL
maddugr01,Gold Glove,2005,NL
maddugr01,Gold Glove,2006,NL
maddugr01,Gold Glove,2007,NL
maddugr01,Gold Glove,2008,NL
maddugr01,MLB Players Choice Outstanding Pitcher,1994,NL
maddugr01,MLB Players Choice Outstanding Pitcher,1995,NL
maddugr01,MLB Players Choice Outstanding Pitcher,1998,NL
maddugr01,Pitcher of the Month,1988,NL
maddugr01,Pitcher of the Month,1993,NL
maddugr01,Pitcher of the Month,1995,NL
maddugr01,Pitcher of the Month,1995,NL
maddugr01,Pitcher of the Month,1998,NL
maddugr01,Pitcher of the Month,1999,NL
maddugr01,Pitcher of the Month,2000,NL
maddugr01,Pitcher of the Month,2001,NL
maddugr01,Pitcher of the Month,2001,NL
maddugr01,Pitcher of the Month,2006,NL
maddugr01,Player of the Week,1990,NL
maddugr01,Player of the Week,1991,NL
maddugr01,Player of the Week,1993,NL
maddugr01,Player of the Week,1993,NL
maddugr01,Player of the Week,1994,NL
maddugr01,Player of the Week,1995,NL
maddugr01,Player of the Week,1998,NL
maddugr01,Player of the Week,2001,NL
maddugr01,TSN All-Star,1992,NL
maddugr01,TSN All-Star,1993,NL
maddugr01,TSN All-Star,1994,NL
maddugr01,TSN All-Star,1995,NL
maddugr01,TSN All-Star,2000,NL
maddugr01,TSN Pitcher of the Year,1992,NL
maddugr01,TSN Pitcher of the Year,1993,NL
maddugr01,TSN Pitcher of the Year,1994,NL
maddugr01,TSN Pitcher of the Year,1995,NL
madlobi01,All-Star Game MVP,1975,ML
madlobi01,Player of the Week,1975,NL
madlobi01,Player of the Week,1976,NL
madlobi01,Player of the Week,1985,NL
madlobi01,TSN All-Star,1975,NL
maedake01,All-MLB Team - Second Team,2020,ML
mageesh01,Baseball Magazine All-Star,1910,ML
mageesh01,Baseball Magazine All-Star,1910,NL
mageesh01,Baseball Magazine All-Star,1912,NL
mageesh01,Baseball Magazine All-Star,1914,NL
maglisa01,TSN All-Star,1951,ML
mahleri01,Player of the Week,1982,NL
mainejo01,Pitcher of the Month,2007,NL
maisefr01,Baseball Magazine All-Star,1915,AL
maldoca01,Player of the Week,1984,NL
maldoca01,Player of the Week,1987,NL
maldoma01,Gold Glove,2017,AL
malonpa02,Baseball Magazine All-Star,1929,ML
malonpa02,Baseball Magazine All-Star,1929,NL
malonpa02,Baseball Magazine All-Star,1930,ML
malonpa02,Baseball Magazine All-Star,1930,NL
malzofr01,Gold Glove,1957,ML
malzofr01,Gold Glove,1958,AL
malzofr01,Gold Glove,1959,AL
malzofr01,TSN All-Star,1963,AL
mamaual01,Baseball Magazine All-Star,1915,NL
mamaual01,Baseball Magazine All-Star,1916,NL
manaese01,Pitcher of the Month,2018,AL
manaese01,Pitcher of the Month,2021,AL
manaese01,Player of the Week,2018,AL
mancitr01,Comeback Player of the Year,2021,AL
mancitr01,MLB Players Choice Comeback Player,2021,AL
mancitr01,Player of the Week,2019,AL
mancitr01,TSN Comeback Player of the Year,2021,AL
manniri01,Gold Glove,1976,AL
manniri01,Player of the Week,1976,AL
manniri01,Player of the Week,1982,AL
manoaal01,All-MLB Team - First Team,2022,ML
manoaal01,Pitcher of the Month,2022,AL
manoaal01,Rookie of the Month,2021,AL
mantlmi01,Gold Glove,1962,AL
mantlmi01,Hutch Award,1965,ML
mantlmi01,Most Valuable Player,1956,AL
mantlmi01,Most Valuable Player,1957,AL
mantlmi01,Most Valuable Player,1962,AL
mantlmi01,Triple Crown,1956,AL
mantlmi01,TSN All-Star,1952,ML
mantlmi01,TSN All-Star,1956,ML
mantlmi01,TSN All-Star,1957,ML
mantlmi01,TSN All-Star,1961,AL
mantlmi01,TSN All-Star,1962,AL
mantlmi01,TSN All-Star,1964,AL
mantlmi01,TSN Major League Player of the Year,1956,ML
mantlmi01,TSN Player of the Year,1956,AL
mantlmi01,TSN Player of the Year,1962,AL
manushe01,Baseball Magazine All-Star,1926,AL
manushe01,Baseball Magazine All-Star,1928,AL
manushe01,Baseball Magazine All-Star,1928,ML
manushe01,Baseball Magazine All-Star,1934,AL
manushe01,TSN All-Star,1928,ML
manwaki01,Gold Glove,1993,NL
maranra01,Baseball Magazine All-Star,1914,ML
maranra01,Baseball Magazine All-Star,1914,NL
maranra01,Baseball Magazine All-Star,1916,ML
maranra01,Baseball Magazine All-Star,1916,NL
maranra01,Baseball Magazine All-Star,1917,NL
maranra01,Baseball Magazine All-Star,1920,ML
maranra01,Baseball Magazine All-Star,1920,NL
marchph01,Baseball Magazine All-Star,1942,AL
marcush01,Player of the Week,2011,NL
margoma01,Player of the Week,2017,NL
margoma01,Player of the Week,2022,AL
maricju01,All-Star Game MVP,1965,ML
maricju01,TSN All-Star,1963,NL
maricju01,TSN All-Star,1965,NL
maricju01,TSN All-Star,1966,NL
maricju01,TSN All-Star,1968,NL
marioma01,Baseball Magazine All-Star,1942,NL
marioma01,Baseball Magazine All-Star,1943,ML
marioma01,Baseball Magazine All-Star,1943,NL
marioma01,Baseball Magazine All-Star,1944,ML
marioma01,Baseball Magazine All-Star,1944,NL
marioma01,Baseball Magazine All-Star,1945,NL
marioma01,Most Valuable Player,1944,NL
marioma01,TSN All-Star,1944,ML
marioma01,TSN All-Star,1945,ML
marioma01,TSN Guide MVP,1944,NL
marioma01,TSN Major League Player of the Year,1944,ML
marioma01,TSN Player of the Year,1944,NL
marisro01,Gold Glove,1960,AL
marisro01,Most Valuable Player,1960,AL
marisro01,Most Valuable Player,1961,AL
marisro01,TSN All-Star,1960,ML
marisro01,TSN All-Star,1961,AL
marisro01,TSN Major League Player of the Year,1961,ML
marisro01,TSN Player of the Year,1960,AL
marisro01,TSN Player of the Year,1961,AL
markani01,Gold Glove,2011,AL
markani01,Gold Glove,2014,AL
markani01,Gold Glove,2018,NL
markani01,Player of the Week,2011,AL
markani01,Rookie of the Month,2006,AL
markani01,Silver Slugger,2018,NL
marmoca01,Reliever of the Month,2010,ML
marquge01,Pitcher of the Month,2018,NL
marquge01,Silver Slugger,2018,NL
marquja01,Silver Slugger,2005,NL
marquru01,Baseball Magazine All-Star,1911,NL
marshmi01,Cy Young Award,1974,NL
marshmi01,Player of the Week,1974,NL
marshmi01,Player of the Week,1979,AL
marshmi01,Player of the Week,1990,NL
marshmi01,TSN Fireman of the Year,1973,NL
marshmi01,TSN Fireman of the Year,1974,NL
marshmi01,TSN Fireman of the Year,1979,AL
marshmi01,TSN Pitcher of the Year,1974,NL
marshmi02,Player of the Week,1983,NL
marshmi02,Player of the Week,1985,NL
marshwi01,Baseball Magazine All-Star,1947,NL
marteke01,All-MLB Team - First Team,2024,ML
marteke01,All-MLB Team - First Team,2025,ML
marteke01,NLCS MVP,2023,NL
marteke01,Player of the Week,2019,NL
marteke01,Silver Slugger,2024,NL
marteke01,Silver Slugger,2025,NL
marteke01,TSN All-Star,2019,NL
marteke01,TSN All-Star,2024,NL
martest01,Gold Glove,2015,NL
martest01,Gold Glove,2016,NL
martest01,Player of the Week,2021,NL
martest01,TSN All-Star,2016,NL
martibi02,Babe Ruth Award,1953,AL
martica01,Player of the Week,1985,NL
martica02,Player of the Week,1991,AL
martica02,Player of the Week,1992,AL
martide01,Pitcher of the Month,1981,AL
martide01,Pitcher of the Month,1991,NL
martide01,Pitcher of the Month,1992,NL
martide01,Player of the Week,1991,NL
martide01,Player of the Week,1991,NL
martied01,Outstanding DH Award,1995,AL
martied01,Outstanding DH Award,1997,AL
martied01,Outstanding DH Award,1998,AL
martied01,Outstanding DH Award,2000,AL
martied01,Outstanding DH Award,2001,AL
martied01,Player of the Month,1992,AL
martied01,Player of the Month,1992,AL
martied01,Player of the Month,1995,AL
martied01,Player of the Month,2000,AL
martied01,Player of the Month,2003,AL
martied01,Player of the Week,1991,AL
martied01,Player of the Week,1992,AL
martied01,Player of the Week,1995,AL
martied01,Player of the Week,1996,AL
martied01,Player of the Week,1999,AL
martied01,Player of the Week,2000,AL
martied01,Player of the Week,2002,AL
martied01,Roberto Clemente Award,2004,ML
martied01,Silver Slugger,1992,AL
martied01,Silver Slugger,1995,AL
martied01,Silver Slugger,1997,AL
martied01,Silver Slugger,2001,AL
martied01,Silver Slugger,2003,AL
martied01,TSN All-Star,1992,AL
martied01,TSN All-Star,1995,AL
martied01,TSN All-Star,1997,AL
martied01,TSN All-Star,2001,AL
martijd02,Hank Aaron Award,2018,AL
martijd02,MLB Players Choice Player of the Year,2018,ML
martijd02,Player of the Month,2017,NL
martijd02,Player of the Month,2018,AL
martijd02,Player of the Week,2014,AL
martijd02,Player of the Week,2015,AL
martijd02,Player of the Week,2017,AL
martijd02,Player of the Week,2017,AL
martijd02,Player of the Week,2017,NL
martijd02,Player of the Week,2017,NL
martijd02,Player of the Week,2018,AL
martijd02,Player of the Week,2018,AL
martijd02,Player of the Week,2021,AL
martijd02,Player of the Week,2022,AL
martijd02,Player of the Week,2023,NL
martijd02,Player of the Week,2024,NL
martijd02,Silver Slugger,2015,AL
martijd02,Silver Slugger,2018,AL
martijd02,Silver Slugger,2018,AL
martijd02,TSN All-Star,2018,AL
martijo08,Rookie of the Month,2017,NL
martini01,Pitcher of the Month,2024,NL
martipe01,Baseball Magazine All-Star,1935,ML
martipe01,Baseball Magazine All-Star,1935,NL
martipe01,TSN All-Star,1935,ML
martipe02,All-Star Game MVP,1999,ML
martipe02,Cy Young Award,1997,NL
martipe02,Cy Young Award,1999,AL
martipe02,Cy Young Award,2000,AL
martipe02,Pitching Triple Crown,1999,AL
martipe02,TSN All-Star,1997,NL
martipe02,TSN All-Star,1998,AL
martipe02,TSN All-Star,1999,AL
martipe02,TSN All-Star,2000,AL
martipe02,TSN Pitcher of the Year,1997,NL
martipe02,TSN Pitcher of the Year,1999,AL
martipe02,TSN Pitcher of the Year,2000,AL
martipe03,Bob Feller Act of Valor Award - HOF Player,2024,ML
martipe03,MLB Players Choice Outstanding Pitcher,1997,NL
martipe03,MLB Players Choice Outstanding Pitcher,1998,AL
martipe03,MLB Players Choice Outstanding Pitcher,1999,AL
martipe03,MLB Players Choice Outstanding Pitcher,2000,AL
martipe03,MLB Players Choice Player of the Year,1999,ML
martipe03,Pitcher of the Month,1997,NL
martipe03,Pitcher of the Month,1999,AL
martipe03,Pitcher of the Month,1999,AL
martipe03,Pitcher of the Month,1999,AL
martipe03,Pitcher of the Month,1999,AL
martipe03,Pitcher of the Month,2000,AL
martipe03,Pitcher of the Month,2001,AL
martipe03,Pitcher of the Month,2002,AL
martipe03,Player of the Week,1997,NL
martipe03,Player of the Week,1998,AL
martipe03,Player of the Week,1999,AL
martipe03,Player of the Week,2000,AL
martipe03,Player of the Week,2002,AL
martipe03,This Year in Baseball Oddity of the Year,2005,ML
martira02,Pitcher of the Month,1990,NL
martira02,Player of the Week,1995,NL
martiru01,Gold Glove,2007,NL
martiru01,Player of the Week,2013,NL
martiru01,Silver Slugger,2007,NL
martiru01,TSN All-Star,2007,NL
martiti01,Pitcher of the Month,1982,AL
martiti02,Player of the Week,1995,AL
martiti02,Player of the Week,1997,AL
martiti02,Player of the Week,1997,AL
martiti02,Player of the Week,1999,AL
martiti02,Player of the Week,2005,AL
martiti02,Silver Slugger,1997,AL
martiti02,TSN All-Star,1997,AL
martivi01,Outstanding DH Award,2014,AL
martivi01,Player of the Month,2014,AL
martivi01,Player of the Week,2004,AL
martivi01,Player of the Week,2004,AL
martivi01,Player of the Week,2005,AL
martivi01,Player of the Week,2011,AL
martivi01,Player of the Week,2016,AL
martivi01,Silver Slugger,2004,AL
martivi01,Silver Slugger,2014,AL
masiph01,Baseball Magazine All-Star,1948,NL
masteju01,Player of the Week,2013,AL
mathech01,Baseball Magazine All-Star,1908,ML
mathech01,Baseball Magazine All-Star,1908,NL
mathech01,Baseball Magazine All-Star,1909,ML
mathech01,Baseball Magazine All-Star,1909,NL
mathech01,Baseball Magazine All-Star,1910,ML
mathech01,Baseball Magazine All-Star,1910,NL
mathech01,Baseball Magazine All-Star,1911,ML
mathech01,Baseball Magazine All-Star,1911,NL
mathech01,Baseball Magazine All-Star,1912,NL
mathech01,Baseball Magazine All-Star,1913,ML
mathech01,Baseball Magazine All-Star,1913,NL
mathech01,Baseball Magazine All-Star,1914,ML
mathech01,Baseball Magazine All-Star,1914,NL
mathech01,Pitching Triple Crown,1905,NL
mathech01,Pitching Triple Crown,1908,NL
matheed01,TSN All-Star,1955,ML
matheed01,TSN All-Star,1957,ML
matheed01,TSN All-Star,1959,ML
matheed01,TSN All-Star,1960,ML
mathemi01,Gold Glove,2000,NL
mathemi01,Gold Glove,2003,NL
mathemi01,Gold Glove,2004,NL
mathemi01,Gold Glove,2005,NL
matlajo01,All-Star Game MVP,1975,ML
matlajo01,Rookie of the Year,1972,NL
matlajo01,TSN Rookie Pitcher of the Year,1972,NL
matoslu01,Player of the Week,2003,AL
matoslu02,Player of the Week,2024,NL
matsuda01,Player of the Week,2007,AL
matsuhi01,Player of the Month,2007,AL
matsuhi01,Player of the Week,2003,AL
matsuhi01,Player of the Week,2004,AL
matsuhi01,Player of the Week,2005,AL
matsuhi01,Player of the Week,2011,AL
matsuhi01,Rookie of the Month,2003,AL
matsuhi01,World Series MVP,2009,ML
matthga01,NLCS MVP,1983,NL
matthga01,Player of the Month,1981,NL
matthga01,Player of the Week,1974,NL
matthga01,Player of the Week,1976,NL
matthga01,Player of the Week,1979,NL
matthga01,Player of the Week,1982,NL
matthga01,Player of the Week,2006,AL
matthga01,Rookie of the Year,1973,NL
matthga01,TSN Rookie Player of the Year,1973,NL
mattido01,Gold Glove,1985,AL
mattido01,Gold Glove,1986,AL
mattido01,Gold Glove,1987,AL
mattido01,Gold Glove,1988,AL
mattido01,Gold Glove,1989,AL
mattido01,Gold Glove,1991,AL
mattido01,Gold Glove,1992,AL
mattido01,Gold Glove,1993,AL
mattido01,Gold Glove,1994,AL
mattido01,Lou Gehrig Memorial Award,1993,ML
mattido01,Most Valuable Player,1985,AL
mattido01,Player of the Month,1985,AL
mattido01,Player of the Month,1985,AL
mattido01,Player of the Month,1986,AL
mattido01,Player of the Month,1987,AL
mattido01,Player of the Week,1984,AL
mattido01,Player of the Week,1985,AL
mattido01,Player of the Week,1987,AL
mattido01,Player of the Week,1987,AL
mattido01,Player of the Week,1988,AL
mattido01,Player of the Week,1993,AL
mattido01,Silver Slugger,1985,AL
mattido01,Silver Slugger,1986,AL
mattido01,Silver Slugger,1987,AL
mattido01,TSN All-Star,1984,AL
mattido01,TSN All-Star,1985,AL
mattido01,TSN All-Star,1986,AL
mattido01,TSN All-Star,1987,AL
mattido01,TSN Major League Player of the Year,1985,ML
mattido01,TSN Player of the Year,1984,AL
mattido01,TSN Player of the Year,1985,AL
mattido01,TSN Player of the Year,1986,AL
matusbr01,Rookie of the Month,2010,AL
matzst01,Rookie of the Month,2016,NL
mauerjo01,Gold Glove,2008,AL
mauerjo01,Gold Glove,2009,AL
mauerjo01,Gold Glove,2010,AL
mauerjo01,MLB Players Choice Outstanding Player,2009,AL
mauerjo01,Most Valuable Player,2009,AL
mauerjo01,Player of the Month,2006,AL
mauerjo01,Player of the Month,2009,AL
mauerjo01,Player of the Week,2006,AL
mauerjo01,Player of the Week,2009,AL
mauerjo01,Player of the Week,2016,AL
mauerjo01,Player of the Week,2016,AL
mauerjo01,Silver Slugger,2006,AL
mauerjo01,Silver Slugger,2008,AL
mauerjo01,Silver Slugger,2009,AL
mauerjo01,Silver Slugger,2010,AL
mauerjo01,Silver Slugger,2013,AL
mauerjo01,This Year in Baseball Hitter of the Year,2009,ML
mauerjo01,TSN All-Star,2006,AL
maxvida01,Gold Glove,1968,NL
maybejo01,Player of the Month,1975,AL
maybejo01,Player of the Week,1974,AL
maybejo01,Player of the Week,1975,AL
maybejo01,TSN All-Star,1973,AL
maybejo01,TSN All-Star,1975,AL
maybica01,Player of the Week,2011,NL
maybica01,Player of the Week,2016,AL
mayca01,TSN Rookie Player of the Year,1969,AL
mayermi01,Reliever of the Month,2020,AL
mayle01,Player of the Week,1974,NL
mayle01,Player of the Week,1975,AL
mayle01,TSN All-Star,1971,NL
mayle01,TSN Rookie Player of the Year,1967,NL
mayoed01,TSN Guide MVP,1945,AL
mayoed01,TSN Player of the Year,1945,AL
maysca01,Baseball Magazine All-Star,1921,AL
maysca01,Baseball Magazine All-Star,1921,ML
maysca01,Baseball Magazine All-Star,1926,NL
mayswi01,All-Star Game MVP,1963,ML
mayswi01,All-Star Game MVP,1968,ML
mayswi01,Gold Glove,1957,ML
mayswi01,Gold Glove,1958,NL
mayswi01,Gold Glove,1959,NL
mayswi01,Gold Glove,1960,NL
mayswi01,Gold Glove,1961,NL
mayswi01,Gold Glove,1962,NL
mayswi01,Gold Glove,1963,NL
mayswi01,Gold Glove,1964,NL
mayswi01,Gold Glove,1965,NL
mayswi01,Gold Glove,1966,NL
mayswi01,Gold Glove,1967,NL
mayswi01,Gold Glove,1968,NL
mayswi01,Most Valuable Player,1954,NL
mayswi01,Most Valuable Player,1965,NL
mayswi01,Roberto Clemente Award,1971,ML
mayswi01,Rookie of the Year,1951,NL
mayswi01,TSN All-Star,1954,ML
mayswi01,TSN All-Star,1957,ML
mayswi01,TSN All-Star,1958,ML
mayswi01,TSN All-Star,1959,ML
mayswi01,TSN All-Star,1960,ML
mayswi01,TSN All-Star,1961,NL
mayswi01,TSN All-Star,1962,NL
mayswi01,TSN All-Star,1963,NL
mayswi01,TSN All-Star,1964,NL
mayswi01,TSN All-Star,1965,NL
mayswi01,TSN All-Star,1966,NL
mayswi01,TSN Major League Player of the Year,1954,ML
mayswi01,TSN Player of the Year,1954,NL
mayswi01,TSN Player of the Year,1965,NL
mayswi01,TSN Rookie of the Year,1951,NL
mazarno01,Player of the Week,2017,AL
mazarno01,Rookie of the Month,2016,AL
mazarno01,Rookie of the Month,2016,AL
mazerbi01,Babe Ruth Award,1960,NL
mazerbi01,Gold Glove,1958,NL
mazerbi01,Gold Glove,1960,NL
mazerbi01,Gold Glove,1961,NL
mazerbi01,Gold Glove,1963,NL
mazerbi01,Gold Glove,1964,NL
mazerbi01,Gold Glove,1965,NL
mazerbi01,Gold Glove,1966,NL
mazerbi01,Gold Glove,1967,NL
mazerbi01,TSN All-Star,1960,ML
mazerbi01,TSN All-Star,1962,NL
mazerbi01,TSN All-Star,1967,NL
mazerbi01,TSN Major League Player of the Year,1960,ML
mcbeaal01,TSN Fireman of the Year,1964,NL
mcbriba01,Player of the Week,1980,NL
mcbriba01,Rookie of the Year,1974,NL
mccanbr01,All-Star Game MVP,2010,NL
mccanbr01,Player of the Week,2013,NL
mccanbr01,Silver Slugger,2006,NL
mccanbr01,Silver Slugger,2008,NL
mccanbr01,Silver Slugger,2009,NL
mccanbr01,Silver Slugger,2010,NL
mccanbr01,Silver Slugger,2011,NL
mccanbr01,Silver Slugger,2015,AL
mccanbr01,TSN All-Star,2006,NL
mccarti01,TSN All-Star,1967,NL
mccoobi01,TSN Rookie Pitcher of the Year,1964,NL
mccorch01,Player of the Week,2023,AL
mccorfr01,Baseball Magazine All-Star,1938,NL
mccorfr01,Baseball Magazine All-Star,1939,NL
mccorfr01,Baseball Magazine All-Star,1943,NL
mccorfr01,Most Valuable Player,1940,NL
mccorfr01,TSN All-Star,1940,ML
mccorfr01,TSN Guide MVP,1940,NL
mccormi03,Cy Young Award,1967,NL
mccormi03,TSN All-Star,1967,NL
mccormi03,TSN Comeback Player of the Year,1967,NL
mccormi03,TSN Pitcher of the Year,1967,NL
mccovwi01,All-Star Game MVP,1969,ML
mccovwi01,Hutch Award,1977,ML
mccovwi01,Most Valuable Player,1969,NL
mccovwi01,Player of the Week,1977,NL
mccovwi01,Player of the Week,1979,NL
mccovwi01,Rookie of the Year,1959,NL
mccovwi01,TSN All-Star,1965,NL
mccovwi01,TSN All-Star,1968,NL
mccovwi01,TSN All-Star,1969,NL
mccovwi01,TSN All-Star,1970,NL
mccovwi01,TSN Comeback Player of the Year,1977,NL
mccovwi01,TSN Major League Player of the Year,1969,ML
mccovwi01,TSN Player of the Year,1969,NL
mccovwi01,TSN Rookie of the Year,1959,NL
mccraqu01,Player of the Week,1998,AL
mcculcl01,Baseball Magazine All-Star,1946,NL
mcculla02,Pitcher of the Month,2017,AL
mccutan01,Gold Glove,2012,NL
mccutan01,MLB Players Choice Outstanding Player,2012,NL
mccutan01,MLB Players Choice Outstanding Player,2013,NL
mccutan01,Most Valuable Player,2013,NL
mccutan01,Player of the Month,2012,NL
mccutan01,Player of the Month,2012,NL
mccutan01,Player of the Month,2014,NL
mccutan01,Player of the Month,2015,NL
mccutan01,Player of the Month,2017,NL
mccutan01,Player of the Week,2012,NL
mccutan01,Player of the Week,2012,NL
mccutan01,Player of the Week,2014,NL
mccutan01,Player of the Week,2014,NL
mccutan01,Player of the Week,2015,NL
mccutan01,Player of the Week,2015,NL
mccutan01,Player of the Week,2017,NL
mccutan01,Roberto Clemente Award,2015,ML
mccutan01,Silver Slugger,2012,NL
mccutan01,Silver Slugger,2013,NL
mccutan01,Silver Slugger,2014,NL
mccutan01,Silver Slugger,2015,NL
mcdanli01,TSN Fireman of the Year,1960,NL
mcdanli01,TSN Fireman of the Year,1963,NL
mcdonbe01,Pitcher of the Month,1994,AL
mcdougi01,Lou Gehrig Memorial Award,1958,ML
mcdougi01,Rookie of the Year,1951,AL
mcdougi01,TSN All-Star,1957,ML
mcdowja01,Cy Young Award,1993,AL
mcdowja01,Player of the Week,1993,AL
mcdowja01,Player of the Week,1995,AL
mcdowja01,TSN All-Star,1992,AL
mcdowja01,TSN All-Star,1993,AL
mcdowja01,TSN Pitcher of the Year,1993,AL
mcdowod01,Player of the Week,1985,AL
mcdowod01,Player of the Week,1986,AL
mcdowsa01,TSN All-Star,1970,AL
mcdowsa01,TSN Pitcher of the Year,1970,AL
mcgeeja01,Reliever of the Month,2021,NL
mcgeewi01,Gold Glove,1983,NL
mcgeewi01,Gold Glove,1985,NL
mcgeewi01,Gold Glove,1986,NL
mcgeewi01,Most Valuable Player,1985,NL
mcgeewi01,Player of the Month,1985,NL
mcgeewi01,Player of the Week,1985,NL
mcgeewi01,Player of the Week,1990,NL
mcgeewi01,Silver Slugger,1985,NL
mcgeewi01,TSN All-Star,1985,NL
mcgeewi01,TSN Player of the Year,1985,NL
mcgehca01,Comeback Player of the Year,2014,NL
mcgehca01,MLB Players Choice Comeback Player,2014,NL
mcgehca01,Rookie of the Month,2009,NL
mcgehca01,TSN Comeback Player of the Year,2014,NL
mcgowdu01,Hutch Award,2016,ML
mcgratu01,Babe Ruth Award,1980,NL
mcgratu01,Player of the Week,1973,NL
mcgratu01,Player of the Week,1974,NL
mcgresc01,Pitcher of the Month,1983,AL
mcgresc01,Player of the Week,1979,AL
mcgrifr01,All-Star Game MVP,1994,ML
mcgrifr01,Player of the Month,1989,AL
mcgrifr01,Player of the Month,1993,NL
mcgrifr01,Player of the Week,1991,NL
mcgrifr01,Player of the Week,1992,NL
mcgrifr01,Player of the Week,1992,NL
mcgrifr01,Player of the Week,1994,NL
mcgrifr01,Player of the Week,1994,NL
mcgrifr01,Player of the Week,1996,NL
mcgrifr01,Player of the Week,1999,AL
mcgrifr01,Silver Slugger,1989,AL
mcgrifr01,Silver Slugger,1992,NL
mcgrifr01,Silver Slugger,1993,NL
mcgrifr01,TSN All-Star,1989,AL
mcgrifr01,TSN All-Star,1992,NL
mcgrifr01,TSN All-Star,1993,NL
mcgwima01,Gold Glove,1990,AL
mcgwima01,Lou Gehrig Memorial Award,1999,ML
mcgwima01,MLB Players Choice Man of the Year,1997,ML
mcgwima01,MLB Players Choice Player of the Year,1998,ML
mcgwima01,Player of the Month,1996,AL
mcgwima01,Player of the Month,1997,NL
mcgwima01,Player of the Month,1998,NL
mcgwima01,Player of the Month,1998,NL
mcgwima01,Player of the Month,1998,NL
mcgwima01,Player of the Month,1999,NL
mcgwima01,Player of the Week,1987,AL
mcgwima01,Player of the Week,1989,AL
mcgwima01,Player of the Week,1992,AL
mcgwima01,Player of the Week,1993,AL
mcgwima01,Player of the Week,1995,AL
mcgwima01,Player of the Week,1997,NL
mcgwima01,Player of the Week,1998,NL
mcgwima01,Player of the Week,1998,NL
mcgwima01,Player of the Week,1998,NL
mcgwima01,Player of the Week,1999,NL
mcgwima01,Rookie of the Year,1987,AL
mcgwima01,Silver Slugger,1992,AL
mcgwima01,Silver Slugger,1996,AL
mcgwima01,Silver Slugger,1998,NL
mcgwima01,TSN All-Star,1992,AL
mcgwima01,TSN All-Star,1996,AL
mcgwima01,TSN All-Star,1998,NL
mcgwima01,TSN Rookie Player of the Year,1987,AL
mchugco01,Rookie of the Month,2014,AL
mcinnst01,Baseball Magazine All-Star,1912,AL
mcinnst01,Baseball Magazine All-Star,1913,AL
mcinnst01,Baseball Magazine All-Star,1914,AL
mcinnst01,Baseball Magazine All-Star,1915,AL
mcinnst01,Baseball Magazine All-Star,1915,ML
mclaide01,Cy Young Award,1968,AL
mclaide01,Cy Young Award,1969,AL
mclaide01,Most Valuable Player,1968,AL
mclaide01,TSN All-Star,1968,AL
mclaide01,TSN All-Star,1969,AL
mclaide01,TSN Major League Player of the Year,1968,ML
mclaide01,TSN Pitcher of the Year,1968,AL
mclaide01,TSN Pitcher of the Year,1969,AL
mclaima01,Player of the Week,2023,NL
mclemma01,Player of the Week,1993,AL
mclouna01,Gold Glove,2008,NL
mcmilro01,Gold Glove,1957,ML
mcmilro01,Gold Glove,1958,NL
mcmilro01,Gold Glove,1959,NL
mcmurcr01,TSN Rookie Pitcher of the Year,1983,NL
mcnalda01,TSN All-Star,1968,AL
mcneije01,Silver Slugger,2022,NL
mcneije01,TSN All-Star,2022,NL
mcquige02,Baseball Magazine All-Star,1947,AL
mcraebr01,Player of the Week,1996,NL
mcraeha01,Outstanding DH Award,1976,AL
mcraeha01,Outstanding DH Award,1980,AL
mcraeha01,Outstanding DH Award,1982,AL
mcraeha01,Player of the Month,1982,AL
mcraeha01,Player of the Week,1974,AL
mcraeha01,Player of the Week,1976,AL
mcraeha01,Player of the Week,1977,AL
mcraeha01,Player of the Week,1979,AL
mcraeha01,Player of the Week,1982,AL
mcraeha01,Silver Slugger,1982,AL
mcraeha01,TSN All-Star,1976,AL
mcraeha01,TSN All-Star,1977,AL
mcraeha01,TSN All-Star,1982,AL
mcreyke01,Player of the Month,1988,NL
mcreyke01,Player of the Week,1986,NL
mcreyke01,Player of the Week,1988,NL
mcreyke01,TSN All-Star,1988,NL
mcwilla01,Player of the Week,1980,NL
mcwilla01,TSN All-Star,1983,NL
meadoau01,Player of the Month,2019,AL
meadoau01,Player of the Week,2019,AL
meadoau01,Player of the Week,2019,AL
meadoau01,Rookie of the Month,2018,NL
meansjo01,Player of the Week,2021,AL
mechegi01,TSN Comeback Player of the Year,2003,AL
medicdo01,Player of the Month,1974,AL
medlekr01,Pitcher of the Month,2012,NL
medlekr01,Pitcher of the Month,2012,NL
medlekr01,Pitcher of the Month,2013,NL
medwijo01,Baseball Magazine All-Star,1933,NL
medwijo01,Baseball Magazine All-Star,1935,ML
medwijo01,Baseball Magazine All-Star,1935,NL
medwijo01,Baseball Magazine All-Star,1936,NL
medwijo01,Baseball Magazine All-Star,1937,ML
medwijo01,Baseball Magazine All-Star,1937,NL
medwijo01,Baseball Magazine All-Star,1938,ML
medwijo01,Baseball Magazine All-Star,1938,NL
medwijo01,Baseball Magazine All-Star,1939,ML
medwijo01,Baseball Magazine All-Star,1939,NL
medwijo01,Baseball Magazine All-Star,1940,NL
medwijo01,Baseball Magazine All-Star,1941,NL
medwijo01,Baseball Magazine All-Star,1942,NL
medwijo01,Baseball Magazine All-Star,1944,NL
medwijo01,Most Valuable Player,1937,NL
medwijo01,Triple Crown,1937,NL
medwijo01,TSN All-Star,1935,ML
medwijo01,TSN All-Star,1936,ML
medwijo01,TSN All-Star,1937,ML
medwijo01,TSN All-Star,1938,ML
medwijo01,TSN All-Star,1939,ML
medwijo01,TSN Guide MVP,1937,NL
melanma01,Reliever of the Month,2021,NL
melanma01,Reliever of the Year Award,2015,NL
melanma01,This Year in Baseball Setup Man of the Year,2013,ML
melilsk01,Baseball Magazine All-Star,1931,AL
menchke01,Player of the Week,2006,AL
merceye01,Player of the Week,2021,AL
merceye01,Rookie of the Month,2021,AL
merckke01,Pitcher of the Month,1997,NL
merckke01,Player of the Week,1994,NL
merrija01,All-MLB Team - Second Team,2024,ML
merrija01,MLB Players Choice Outstanding Rookie,2024,NL
merrija01,Player of the Week,2024,NL
merrija01,Rookie of the Month,2024,NL
merrija01,Rookie of the Month,2024,NL
merrija01,Silver Slugger,2024,NL
merrija01,TSN All-Star,2024,NL
merrija01,TSN Rookie of the Year,2024,NL
merriji01,TSN All-Star,1970,NL
mesajo01,Player of the Week,1995,AL
mesajo01,Player of the Week,2001,NL
mesajo01,Reliever of the Month,2005,ML
mesajo01,Reliever of the Year Award,1995,AL
mesajo01,TSN Fireman of the Year,1995,AL
messean01,Gold Glove,1974,NL
messean01,Gold Glove,1975,NL
messean01,Pitcher of the Month,1976,NL
messean01,Player of the Week,1974,NL
messean01,Player of the Week,1975,NL
messean01,TSN All-Star,1974,NL
metzgbu01,Rookie of the Year,1976,NL
metzgbu01,TSN Rookie Pitcher of the Year,1976,NL
metzgro01,Gold Glove,1973,NL
meyerch01,Baseball Magazine All-Star,1911,ML
meyerch01,Baseball Magazine All-Star,1911,NL
meyerch01,Baseball Magazine All-Star,1912,ML
meyerch01,Baseball Magazine All-Star,1912,NL
meyerda01,Player of the Month,1979,AL
meyerda01,Player of the Week,1977,AL
meyerja02,Player of the Week,2023,NL
michaca01,Baseball Magazine All-Star,1949,AL
michaja01,This Year in Baseball Oddity of the Year,2004,ML
middlwi01,Player of the Week,2012,AL
middlwi01,Player of the Week,2013,AL
mientdo01,Gold Glove,2001,AL
mileywa01,Player of the Week,2021,NL
mileywa01,Rookie of the Month,2012,NL
mileywa01,TSN Rookie of the Year,2012,NL
millafe01,Gold Glove,1969,NL
millafe01,Gold Glove,1972,NL
millafe01,Player of the Week,1973,NL
millake01,Player of the Week,2001,NL
millake01,Player of the Week,2004,AL
millean01,ALCS MVP,2016,AL
millean01,Reliever of the Year Award,2015,AL
millean01,This Year in Baseball Best Major Leaguer - Postseason,2016,ML
millebr02,Player of the Week,2013,AL
millebr02,Player of the Week,2015,AL
milleed03,Baseball Magazine All-Star,1940,NL
millema03,All-MLB Team - Second Team,2024,ML
millema03,Reliever of the Month,2024,AL
millema03,Reliever of the Month,2025,NL
millema03,TSN Rookie of the Year,2024,AL
milleri01,Gold Glove,1978,AL
millest01,TSN Fireman of the Year,1961,NL
millest01,TSN Fireman of the Year,1963,AL
millewa04,Pitcher of the Month,2001,NL
millira01,Player of the Week,1991,AL
millsal02,Player of the Week,2020,NL
millwke01,Player of the Week,2003,NL
milneed01,Player of the Week,1984,NL
milnejo01,Player of the Week,1978,NL
milnejo01,Player of the Week,1979,NL
miltoer01,Player of the Week,1999,AL
minosmi01,Gold Glove,1957,ML
minosmi01,Gold Glove,1959,AL
minosmi01,Gold Glove,1960,AL
minosmi01,TSN All-Star,1959,ML
minosmi01,TSN All-Star,1960,ML
minosmi01,TSN Rookie of the Year,1951,AL
mintogr01,Player of the Week,1982,NL
miranjo01,Player of the Week,2024,AL
miranjo01,Rookie of the Month,2022,AL
mitchke01,Most Valuable Player,1989,NL
mitchke01,Player of the Week,1989,NL
mitchke01,Player of the Week,1993,NL
mitchke01,Player of the Week,1994,NL
mitchke01,Player of the Week,1996,NL
mitchke01,Silver Slugger,1989,NL
mitchke01,TSN All-Star,1989,NL
mitchke01,TSN Major League Player of the Year,1989,ML
mitchke01,TSN Player of the Year,1989,NL
mizejo01,Babe Ruth Award,1952,AL
mizejo01,Baseball Magazine All-Star,1937,NL
mizejo01,Baseball Magazine All-Star,1940,ML
mizejo01,Baseball Magazine All-Star,1940,NL
mizejo01,Baseball Magazine All-Star,1942,ML
mizejo01,Baseball Magazine All-Star,1942,NL
mizejo01,Baseball Magazine All-Star,1947,ML
mizejo01,Baseball Magazine All-Star,1947,NL
mizejo01,Baseball Magazine All-Star,1948,ML
mizejo01,Baseball Magazine All-Star,1948,NL
mizejo01,TSN All-Star,1942,ML
mizejo01,TSN All-Star,1947,ML
mizejo01,TSN All-Star,1948,ML
mlickda01,Player of the Week,1997,NL
molinbe01,Gold Glove,2002,AL
molinbe01,Gold Glove,2003,AL
molinbe01,Player of the Week,2008,NL
molinbe01,Player of the Week,2010,AL
molinya01,Gold Glove,2008,NL
molinya01,Gold Glove,2009,NL
molinya01,Gold Glove,2010,NL
molinya01,Gold Glove,2011,NL
molinya01,Gold Glove,2012,NL
molinya01,Gold Glove,2013,NL
molinya01,Gold Glove,2014,NL
molinya01,Gold Glove,2015,NL
molinya01,Gold Glove,2018,NL
molinya01,Platinum Glove,2011,NL
molinya01,Platinum Glove,2012,NL
molinya01,Platinum Glove,2014,NL
molinya01,Platinum Glove,2015,NL
molinya01,Player of the Week,2019,NL
molinya01,Roberto Clemente Award,2018,ML
molinya01,Silver Slugger,2013,NL
molinya01,This Year in Baseball Defensive Player of the Year,2012,ML
molinya01,This Year in Baseball Defensive Player of the Year,2013,ML
molitpa01,Babe Ruth Award,1993,AL
molitpa01,Branch Rickey Award,1998,ML
molitpa01,Hutch Award,1987,ML
molitpa01,Lou Gehrig Memorial Award,1997,ML
molitpa01,MLB Players Choice Man of the Year,1998,ML
molitpa01,Outstanding DH Award,1993,AL
molitpa01,Outstanding DH Award,1996,AL
molitpa01,Player of the Month,1989,AL
molitpa01,Player of the Month,1993,AL
molitpa01,Player of the Week,1982,AL
molitpa01,Player of the Week,1987,AL
molitpa01,Player of the Week,1987,AL
molitpa01,Player of the Week,1992,AL
molitpa01,Player of the Week,1994,AL
molitpa01,Silver Slugger,1987,AL
molitpa01,Silver Slugger,1988,AL
molitpa01,Silver Slugger,1993,AL
molitpa01,Silver Slugger,1996,AL
molitpa01,TSN All-Star,1987,AL
molitpa01,TSN All-Star,1993,AL
molitpa01,TSN All-Star,1994,AL
molitpa01,TSN All-Star,1996,AL
molitpa01,TSN Rookie Player of the Year,1978,AL
molitpa01,World Series MVP,1993,ML
mondari01,Player of the Month,1978,NL
mondari01,Player of the Week,1978,NL
mondera01,Gold Glove,1995,NL
mondera01,Gold Glove,1997,NL
mondera01,MLB Players Choice Outstanding Rookie,1994,NL
mondera01,Player of the Week,1995,NL
mondera01,Player of the Week,1998,NL
mondera01,Player of the Week,1999,NL
mondera01,Player of the Week,2001,AL
mondera01,Rookie of the Year,1994,NL
mondera01,TSN Rookie Player of the Year,1994,NL
mondera02,Player of the Week,2020,AL
moneydo01,Player of the Week,1974,AL
moneydo01,Player of the Week,1978,AL
mongesi01,Pitcher of the Month,1979,AL
montafr01,Pitcher of the Month,2021,AL
montafr01,Player of the Week,2020,AL
montawi01,Player of the Week,1976,NL
montawi01,TSN All-Star,1976,NL
montejo01,Player of the Week,1976,NL
montejo01,Rookie of the Year,1975,NL
montejo01,TSN Rookie Pitcher of the Year,1975,NL
monteke01,Player of the Week,2024,AL
montgje01,Player of the Week,1992,AL
montgje01,Reliever of the Year Award,1993,AL
montgje01,TSN Fireman of the Year,1993,AL
montgjo01,All-MLB Team - Second Team,2023,ML
moonwa01,Gold Glove,1960,NL
moonwa01,Rookie of the Year,1954,NL
moonwa01,TSN Rookie of the Year,1954,NL
mooredy01,Gold Glove,2024,AL
mooredy01,Player of the Week,2025,AL
moorejo02,Baseball Magazine All-Star,1934,NL
mooremi01,Pitcher of the Month,1989,AL
mooremi01,Player of the Week,1988,AL
mooremi01,Player of the Week,1989,AL
moraljo01,Player of the Week,1976,NL
moralke01,Outstanding DH Award,2015,AL
moralke01,Player of the Month,2009,AL
moralke01,Player of the Week,2009,AL
moralke01,Player of the Week,2010,AL
moralke01,Player of the Week,2016,AL
moralke01,Player of the Week,2016,AL
moralke01,Player of the Week,2018,AL
moralke01,Silver Slugger,2015,AL
morame01,Player of the Month,2004,AL
morame01,Player of the Month,2008,AL
morame01,Player of the Week,2003,AL
morame01,Player of the Week,2008,AL
morame01,Silver Slugger,2004,AL
morame01,TSN All-Star,2004,AL
morelke01,Player of the Month,1984,NL
morelmi01,Gold Glove,2016,AL
morelmi01,Player of the Week,2016,AL
morenga01,Gold Glove,2023,NL
morenom01,TSN All-Star,1979,NL
morgajo02,All-Star Game MVP,1972,ML
morgajo02,Gold Glove,1973,NL
morgajo02,Gold Glove,1974,NL
morgajo02,Gold Glove,1975,NL
morgajo02,Gold Glove,1976,NL
morgajo02,Gold Glove,1977,NL
morgajo02,Most Valuable Player,1975,NL
morgajo02,Most Valuable Player,1976,NL
morgajo02,Player of the Month,1975,NL
morgajo02,Player of the Month,1975,NL
morgajo02,Player of the Month,1976,NL
morgajo02,Player of the Week,1973,NL
morgajo02,Player of the Week,1975,NL
morgajo02,Player of the Week,1983,NL
morgajo02,Silver Slugger,1982,NL
morgajo02,TSN All-Star,1972,NL
morgajo02,TSN All-Star,1974,NL
morgajo02,TSN All-Star,1975,NL
morgajo02,TSN All-Star,1976,NL
morgajo02,TSN All-Star,1977,NL
morgajo02,TSN Comeback Player of the Year,1982,NL
morgajo02,TSN Major League Player of the Year,1975,ML
morgajo02,TSN Major League Player of the Year,1976,ML
morgajo02,TSN Player of the Year,1975,NL
morgajo02,TSN Rookie Player of the Year,1965,NL
morgami01,Pitcher of the Month,1992,NL
morgami01,Player of the Week,1991,NL
morneju01,Most Valuable Player,2006,AL
morneju01,Player of the Month,2007,AL
morneju01,Player of the Week,2007,AL
morneju01,Player of the Week,2009,AL
morneju01,Player of the Week,2014,NL
morneju01,Silver Slugger,2006,AL
morneju01,Silver Slugger,2008,AL
morneju01,TSN All-Star,2006,AL
morried02,Baseball Magazine All-Star,1928,AL
morriha02,Player of the Week,1990,NL
morriha02,Player of the Week,1991,NL
morriha02,Player of the Week,1994,NL
morriha02,Player of the Week,1998,AL
morrija02,Babe Ruth Award,1984,AL
morrija02,Babe Ruth Award,1991,AL
morrija02,Pitcher of the Month,1983,AL
morrija02,Pitcher of the Month,1984,AL
morrija02,Pitcher of the Month,1986,AL
morrija02,Pitcher of the Month,1991,AL
morrija02,Player of the Week,1984,AL
morrija02,Player of the Week,1986,AL
morrija02,Player of the Week,1986,AL
morrija02,TSN All-Star,1981,AL
morrija02,TSN Pitcher of the Year,1981,AL
morrija02,World Series MVP,1991,ML
morrijo04,Baseball Magazine All-Star,1923,NL
morrima01,MLB Players Choice Comeback Player,2001,NL
morrima01,Player of the Week,2001,NL
morrima01,Player of the Week,2003,NL
morrima01,TSN Comeback Player of the Year,2001,NL
morrima01,TSN Rookie Pitcher of the Year,1997,NL
morsemi01,This Year in Baseball Oddity of the Year,2012,ML
mortoca01,Rookie of the Year,1970,NL
mortoca01,TSN Rookie Pitcher of the Year,1970,NL
mortoch02,All-MLB Team - Second Team,2019,ML
mosebll01,Player of the Month,1983,AL
mosebll01,Player of the Week,1983,AL
mosebll01,Player of the Week,1985,AL
mosebll01,Player of the Week,1986,AL
mosebll01,Player of the Week,1989,AL
mosebll01,Silver Slugger,1983,AL
mosebll01,TSN All-Star,1983,AL
moseswa01,Baseball Magazine All-Star,1936,AL
moseswa01,Baseball Magazine All-Star,1937,AL
mossbr01,Player of the Week,2012,AL
mossbr01,Player of the Week,2013,AL
mossbr01,Player of the Week,2014,AL
mostijo01,Baseball Magazine All-Star,1926,AL
mostijo01,Baseball Magazine All-Star,1926,ML
mostijo01,TSN All-Star,1926,ML
motama01,Player of the Week,1979,NL
motteja01,Player of the Week,2012,NL
mountry01,MLB Players Choice Outstanding Rookie,2021,AL
mountry01,Player of the Week,2021,AL
mountry01,Rookie of the Month,2021,AL
moustmi01,Comeback Player of the Year,2017,AL
moustmi01,MLB Players Choice Comeback Player,2017,AL
moustmi01,TSN Comeback Player of the Year,2017,AL
moyerja01,Branch Rickey Award,2004,ML
moyerja01,Hutch Award,2003,ML
moyerja01,Lou Gehrig Memorial Award,2003,ML
moyerja01,Roberto Clemente Award,2003,ML
moyerja01,TSN All-Star,1999,AL
muellbi02,Silver Slugger,2003,AL
muellbi02,This Year in Baseball Performance of the Year,2003,ML
muellbi02,TSN All-Star,2003,AL
muldema01,Pitcher of the Month,2001,AL
muldema01,Pitcher of the Month,2002,AL
muldema01,Pitcher of the Month,2004,AL
muldema01,Player of the Week,2001,AL
muldema01,Player of the Week,2003,AL
muldema01,Player of the Week,2005,NL
muldema01,TSN All-Star,2001,AL
mulhote01,Player of the Week,1988,NL
mulhote01,Player of the Week,1990,NL
mullice01,Silver Slugger,2021,AL
mullice01,TSN All-Star,2021,AL
mullige01,Baseball Magazine All-Star,1909,AL
muncyma01,Player of the Week,2023,NL
munozan01,All-MLB Team - Second Team,2025,ML
munozan01,Reliever of the Month,2023,AL
munozan01,Reliever of the Month,2025,AL
munozbo01,Pitcher of the Month,1994,NL
munsoth01,Gold Glove,1973,AL
munsoth01,Gold Glove,1974,AL
munsoth01,Gold Glove,1975,AL
munsoth01,Most Valuable Player,1976,AL
munsoth01,Player of the Week,1975,AL
munsoth01,Player of the Week,1976,AL
munsoth01,Rookie of the Year,1970,AL
munsoth01,TSN All-Star,1973,AL
munsoth01,TSN All-Star,1974,AL
munsoth01,TSN All-Star,1975,AL
munsoth01,TSN All-Star,1976,AL
munsoth01,TSN Player of the Year,1976,AL
murcebo01,Gold Glove,1972,AL
murcebo01,Player of the Week,1975,NL
murcebo01,Player of the Week,1975,NL
murcebo01,TSN All-Star,1971,AL
murcebo01,TSN All-Star,1972,AL
murcebo01,TSN All-Star,1973,AL
murphda05,Gold Glove,1982,NL
murphda05,Gold Glove,1983,NL
murphda05,Gold Glove,1984,NL
murphda05,Gold Glove,1985,NL
murphda05,Gold Glove,1986,NL
murphda05,Lou Gehrig Memorial Award,1985,ML
murphda05,Most Valuable Player,1982,NL
murphda05,Most Valuable Player,1983,NL
murphda05,Player of the Month,1980,NL
murphda05,Player of the Month,1982,NL
murphda05,Player of the Month,1983,NL
murphda05,Player of the Month,1984,NL
murphda05,Player of the Month,1985,NL
murphda05,Player of the Month,1986,NL
murphda05,Player of the Week,1979,NL
murphda05,Player of the Week,1982,NL
murphda05,Player of the Week,1983,NL
murphda05,Player of the Week,1985,NL
murphda05,Roberto Clemente Award,1988,ML
murphda05,Silver Slugger,1982,NL
murphda05,Silver Slugger,1983,NL
murphda05,Silver Slugger,1984,NL
murphda05,Silver Slugger,1985,NL
murphda05,TSN All-Star,1982,NL
murphda05,TSN All-Star,1983,NL
murphda05,TSN All-Star,1984,NL
murphda05,TSN All-Star,1985,NL
murphda05,TSN Player of the Year,1982,NL
murphda05,TSN Player of the Year,1983,NL
murphda07,Rookie of the Month,2008,AL
murphda08,MLB Players Choice Outstanding Player,2016,NL
murphda08,NLCS MVP,2015,NL
murphda08,Player of the Month,2016,NL
murphda08,Player of the Month,2016,NL
murphda08,Player of the Week,2013,NL
murphda08,Player of the Week,2019,NL
murphda08,Silver Slugger,2016,NL
murphda08,Silver Slugger,2017,NL
murphda08,TSN All-Star,2016,NL
murphda08,TSN All-Star,2017,NL
murphdw01,Gold Glove,1980,AL
murphdw01,Gold Glove,1981,AL
murphdw01,Gold Glove,1982,AL
murphdw01,Gold Glove,1983,AL
murphdw01,Gold Glove,1984,AL
murphdw01,Gold Glove,1985,AL
murphdw01,TSN All-Star,1981,AL
murphse01,Gold Glove,2021,AL
murphse01,Player of the Week,2023,NL
murphse01,TSN All-Star,2023,NL
murraed02,Gold Glove,1982,AL
murraed02,Gold Glove,1983,AL
murraed02,Gold Glove,1984,AL
murraed02,Player of the Month,1980,AL
murraed02,Player of the Month,1981,AL
murraed02,Player of the Month,1982,AL
murraed02,Player of the Month,1984,AL
murraed02,Player of the Week,1980,AL
murraed02,Player of the Week,1981,AL
murraed02,Player of the Week,1981,AL
murraed02,Player of the Week,1982,AL
murraed02,Player of the Week,1982,AL
murraed02,Player of the Week,1984,AL
murraed02,Player of the Week,1986,AL
murraed02,Player of the Week,1988,AL
murraed02,Player of the Week,1995,AL
murraed02,Rookie of the Year,1977,AL
murraed02,Silver Slugger,1983,AL
murraed02,Silver Slugger,1984,AL
murraed02,Silver Slugger,1990,NL
murraed02,TSN All-Star,1983,AL
murraed02,TSN All-Star,1990,NL
musgrjo01,Player of the Week,2021,NL
musiast01,Baseball Magazine All-Star,1943,ML
musiast01,Baseball Magazine All-Star,1943,NL
musiast01,Baseball Magazine All-Star,1944,ML
musiast01,Baseball Magazine All-Star,1944,NL
musiast01,Baseball Magazine All-Star,1946,ML
musiast01,Baseball Magazine All-Star,1946,NL
musiast01,Baseball Magazine All-Star,1948,ML
musiast01,Baseball Magazine All-Star,1948,NL
musiast01,Baseball Magazine All-Star,1949,ML
musiast01,Baseball Magazine All-Star,1949,NL
musiast01,Baseball Magazine All-Star,1950,ML
musiast01,Baseball Magazine All-Star,1950,NL
musiast01,Lou Gehrig Memorial Award,1957,ML
musiast01,Most Valuable Player,1943,NL
musiast01,Most Valuable Player,1946,NL
musiast01,Most Valuable Player,1948,NL
musiast01,TSN All-Star,1943,ML
musiast01,TSN All-Star,1944,ML
musiast01,TSN All-Star,1946,ML
musiast01,TSN All-Star,1948,ML
musiast01,TSN All-Star,1949,ML
musiast01,TSN All-Star,1950,ML
musiast01,TSN All-Star,1951,ML
musiast01,TSN All-Star,1952,ML
musiast01,TSN All-Star,1953,ML
musiast01,TSN All-Star,1954,ML
musiast01,TSN All-Star,1957,ML
musiast01,TSN All-Star,1958,ML
musiast01,TSN Guide MVP,1943,NL
musiast01,TSN Major League Player of the Year,1946,ML
musiast01,TSN Major League Player of the Year,1951,ML
musiast01,TSN Player of the Year,1948,NL
musiast01,TSN Player of the Year,1951,NL
musiast01,TSN Player of the Year,1957,NL
mussimi01,Gold Glove,1996,AL
mussimi01,Gold Glove,1997,AL
mussimi01,Gold Glove,1998,AL
mussimi01,Gold Glove,1999,AL
mussimi01,Gold Glove,2001,AL
mussimi01,Gold Glove,2003,AL
mussimi01,Gold Glove,2008,AL
mussimi01,Player of the Week,2001,AL
mussimi01,Player of the Week,2001,AL
mussimi01,Player of the Week,2003,AL
mussimi01,TSN All-Star,1995,AL
myershy01,Baseball Magazine All-Star,1919,NL
myersra01,NLCS MVP,1990,NL
myersra01,Player of the Week,1990,NL
myersra01,Reliever of the Year Award,1993,NL
myersra01,Reliever of the Year Award,1997,AL
myersra01,TSN Fireman of the Year,1993,NL
myersra01,TSN Fireman of the Year,1995,NL
myerswi01,MLB Players Choice Outstanding Rookie,2013,AL
myerswi01,Player of the Month,2016,NL
myerswi01,Rookie of the Month,2013,AL
myerswi01,Rookie of the Year,2013,AL
myerswi01,TSN Rookie of the Year,2013,AL
nabhoch01,Pitcher of the Month,1991,NL
nadyxa01,Player of the Week,2008,AL
nadyxa01,Player of the Week,2008,NL
nadyxa01,Rookie of the Month,2003,NL
nagych01,Pitcher of the Month,1996,AL
nagych01,Pitcher of the Month,1996,AL
nagymi01,TSN Rookie Pitcher of the Year,1969,AL
napolmi01,Player of the Week,2013,AL
napolmi01,Player of the Week,2013,AL
napolmi01,Player of the Week,2015,AL
naquity01,Player of the Week,2021,NL
naquity01,Rookie of the Month,2016,AL
naquity01,Rookie of the Month,2016,AL
naquity01,This Year in Baseball Best Play - Offense,2016,ML
nashji01,TSN Rookie Pitcher of the Year,1966,AL
nathajo01,Player of the Week,2004,AL
nathajo01,Player of the Week,2005,AL
nathajo01,Reliever of the Month,2006,ML
nathajo01,Reliever of the Month,2008,ML
nathajo01,Reliever of the Month,2009,ML
nathajo01,Reliever of the Month,2013,ML
nathajo01,TSN All-Star,2005,AL
nathajo01,TSN Reliever of the Year,2004,AL
naylojo01,Player of the Week,2024,AL
neaglde01,Pitcher of the Month,1999,NL
neaglde01,Player of the Week,1997,NL
neaglde01,TSN All-Star,1997,NL
nealch01,Gold Glove,1959,NL
nehfar01,Baseball Magazine All-Star,1921,NL
nelsoch01,Player of the Week,2012,NL
nelsoge01,Player of the Week,1982,AL
nenro01,TSN Reliever of the Year,2001,NL
nerishe01,Reliever of the Month,2018,NL
netoza01,Player of the Week,2025,AL
nettlgr01,ALCS MVP,1981,AL
nettlgr01,Gold Glove,1977,AL
nettlgr01,Gold Glove,1978,AL
nettlgr01,Player of the Month,1974,AL
nettlgr01,Player of the Month,1977,AL
nettlgr01,Player of the Week,1974,AL
nettlgr01,Player of the Week,1974,AL
nettlgr01,Player of the Week,1976,AL
nettlgr01,Player of the Week,1977,AL
nettlgr01,Player of the Week,1978,AL
nettlgr01,TSN All-Star,1975,AL
nettlgr01,TSN All-Star,1977,AL
nettlgr01,TSN All-Star,1978,AL
nevinph01,Player of the Week,2000,NL
nevinph01,Player of the Week,2001,NL
nevinph01,Player of the Week,2003,NL
newcodo01,Baseball Magazine All-Star,1949,NL
newcodo01,Cy Young Award,1956,ML
newcodo01,Most Valuable Player,1956,NL
newcodo01,Rookie of the Year,1949,NL
newcodo01,TSN All-Star,1955,ML
newcodo01,TSN All-Star,1956,ML
newcodo01,TSN Pitcher of the Year,1956,NL
newcodo01,TSN Rookie of the Year,1949,NL
newhoha01,Baseball Magazine All-Star,1944,AL
newhoha01,Baseball Magazine All-Star,1944,ML
newhoha01,Baseball Magazine All-Star,1945,AL
newhoha01,Baseball Magazine All-Star,1945,ML
newhoha01,Baseball Magazine All-Star,1946,AL
newhoha01,Baseball Magazine All-Star,1946,ML
newhoha01,Baseball Magazine All-Star,1947,AL
newhoha01,Baseball Magazine All-Star,1947,ML
newhoha01,Baseball Magazine All-Star,1948,AL
newhoha01,Baseball Magazine All-Star,1948,ML
newhoha01,Most Valuable Player,1944,AL
newhoha01,Most Valuable Player,1945,AL
newhoha01,Pitching Triple Crown,1945,AL
newhoha01,TSN All-Star,1944,ML
newhoha01,TSN All-Star,1945,ML
newhoha01,TSN All-Star,1946,ML
newhoha01,TSN Major League Player of the Year,1945,ML
newhoha01,TSN Pitcher of the Year,1944,AL
newhoha01,TSN Pitcher of the Year,1945,AL
newsobo01,Baseball Magazine All-Star,1938,AL
newsobo01,Baseball Magazine All-Star,1940,AL
newsobo01,Baseball Magazine All-Star,1940,ML
newsodi01,Baseball Magazine All-Star,1941,AL
nichobi01,Baseball Magazine All-Star,1940,ML
nichobi01,Baseball Magazine All-Star,1940,NL
nichobi01,Baseball Magazine All-Star,1943,ML
nichobi01,Baseball Magazine All-Star,1943,NL
nichobi01,Baseball Magazine All-Star,1944,ML
nichobi01,Baseball Magazine All-Star,1944,NL
nichobi01,TSN All-Star,1943,ML
niekrjo01,Pitcher of the Month,1979,NL
niekrjo01,TSN All-Star,1979,NL
niekrjo01,TSN Pitcher of the Year,1979,NL
niekrph01,Gold Glove,1978,NL
niekrph01,Gold Glove,1979,NL
niekrph01,Gold Glove,1980,NL
niekrph01,Gold Glove,1982,NL
niekrph01,Gold Glove,1983,NL
niekrph01,Lou Gehrig Memorial Award,1979,ML
niekrph01,Player of the Week,1974,NL
niekrph01,Player of the Week,1978,NL
niekrph01,Player of the Week,1982,NL
niekrph01,Player of the Week,1985,AL
niekrph01,Roberto Clemente Award,1980,ML
nieveju01,Player of the Week,1987,AL
nilssda01,Player of the Week,1997,AL
nippeal01,Player of the Week,1984,AL
nixontr01,Player of the Week,2002,AL
nokesma01,Silver Slugger,1987,AL
nokesma01,TSN All-Star,1987,AL
nolaaa01,All-MLB Team - Second Team,2022,ML
nolanga01,Hutch Award,1975,ML
nolasri01,Player of the Week,2008,NL
nolasri01,Player of the Week,2012,NL
nomohi01,Pitcher of the Month,1995,NL
nomohi01,Pitcher of the Month,1996,NL
nomohi01,Player of the Week,1995,NL
nomohi01,Player of the Week,1996,NL
nomohi01,Player of the Week,1996,NL
nomohi01,Player of the Week,2001,AL
nomohi01,Rookie of the Year,1995,NL
nomohi01,TSN Rookie Pitcher of the Year,1995,NL
normafr01,Player of the Week,1973,NL
norrimi01,Gold Glove,1980,AL
norrimi01,Gold Glove,1981,AL
nortogr01,Player of the Week,1999,AL
nortogr01,Player of the Week,2006,AL
novaiv01,Pitcher of the Month,2013,AL
novaiv01,Pitcher of the Month,2017,NL
obriepe03,Player of the Week,1984,AL
obriepe03,Player of the Week,1985,AL
ochoaal01,Player of the Week,2000,NL
odayda01,Bob Feller Act of Valor Award - MLB Player,2017,ML
odorija01,Player of the Week,2019,AL
odorro01,Player of the Week,2015,AL
odorro01,Player of the Week,2016,AL
odorro01,Player of the Week,2018,AL
odorro01,Player of the Week,2018,AL
odoulle01,Baseball Magazine All-Star,1929,NL
odoulle01,Baseball Magazine All-Star,1932,ML
odoulle01,Baseball Magazine All-Star,1932,NL
odoulle01,TSN All-Star,1932,ML
oestero01,Hutch Award,1988,ML
ofarrbo01,Baseball Magazine All-Star,1923,ML
ofarrbo01,Baseball Magazine All-Star,1923,NL
ofarrbo01,Most Valuable Player,1926,NL
ofarrbo01,TSN All-Star,1926,ML
oglivbe01,Player of the Month,1980,AL
oglivbe01,Player of the Week,1976,AL
oglivbe01,Player of the Week,1979,AL
oglivbe01,Player of the Week,1983,AL
oglivbe01,Silver Slugger,1980,AL
oglivbe01,TSN All-Star,1980,AL
ohtansh01,All-MLB Team - First Team,2021,ML
ohtansh01,All-MLB Team - First Team,2022,ML
ohtansh01,All-MLB Team - First Team,2023,ML
ohtansh01,All-MLB Team - First Team,2023,ML
ohtansh01,All-MLB Team - First Team,2024,ML
ohtansh01,All-MLB Team - First Team,2025,ML
ohtansh01,All-MLB Team - Second Team,2021,ML
ohtansh01,All-MLB Team - Second Team,2022,ML
ohtansh01,Hank Aaron Award,2023,AL
ohtansh01,Hank Aaron Award,2024,NL
ohtansh01,Hank Aaron Award,2025,NL
ohtansh01,MLB Players Choice Outstanding Player,2021,AL
ohtansh01,MLB Players Choice Outstanding Player,2023,AL
ohtansh01,MLB Players Choice Outstanding Player,2024,NL
ohtansh01,MLB Players Choice Player of the Year,2021,ML
ohtansh01,Most Valuable Player,2021,AL
ohtansh01,Most Valuable Player,2023,AL
ohtansh01,Most Valuable Player,2024,NL
ohtansh01,Most Valuable Player,2025,NL
ohtansh01,NLCS MVP,2025,NL
ohtansh01,Outstanding DH Award,2021,ML
ohtansh01,Outstanding DH Award,2022,ML
ohtansh01,Outstanding DH Award,2023,ML
ohtansh01,Outstanding DH Award,2024,ML
ohtansh01,Outstanding DH Award,2025,ML
ohtansh01,Player of the Month,2021,AL
ohtansh01,Player of the Month,2021,AL
ohtansh01,Player of the Month,2023,AL
ohtansh01,Player of the Month,2023,AL
ohtansh01,Player of the Month,2024,NL
ohtansh01,Player of the Week,2018,AL
ohtansh01,Player of the Week,2018,AL
ohtansh01,Player of the Week,2021,AL
ohtansh01,Player of the Week,2021,AL
ohtansh01,Player of the Week,2023,AL
ohtansh01,Player of the Week,2023,AL
ohtansh01,Player of the Week,2023,AL
ohtansh01,Player of the Week,2024,NL
ohtansh01,Player of the Week,2024,NL
ohtansh01,Player of the Week,2024,NL
ohtansh01,Player of the Week,2024,NL
ohtansh01,Rookie of the Month,2018,AL
ohtansh01,Rookie of the Month,2018,AL
ohtansh01,Rookie of the Year,2018,AL
ohtansh01,Silver Slugger,2021,AL
ohtansh01,Silver Slugger,2023,AL
ohtansh01,Silver Slugger,2024,NL
ohtansh01,Silver Slugger,2025,NL
ohtansh01,TSN All-Star,2021,AL
ohtansh01,TSN All-Star,2023,AL
ohtansh01,TSN All-Star,2024,NL
ohtansh01,TSN All-Star,2025,NL
ohtansh01,TSN Major League Player of the Year,2021,ML
ohtansh01,TSN Major League Player of the Year,2024,ML
ojedabo01,Player of the Week,1984,AL
okajihi01,Rookie of the Month,2007,AL
okajihi01,This Year in Baseball Setup Man of the Year,2007,ML
olerujo01,Gold Glove,2000,AL
olerujo01,Gold Glove,2002,AL
olerujo01,Gold Glove,2003,AL
olerujo01,Hutch Award,1993,ML
olerujo01,Player of the Month,1993,AL
olerujo01,Player of the Month,1993,AL
olerujo01,Player of the Week,1993,AL
olerujo01,Player of the Week,1995,AL
olerujo01,Player of the Week,1997,NL
olerujo01,Player of the Week,1998,NL
olerujo01,Player of the Week,1998,NL
olivato01,Gold Glove,1966,AL
olivato01,Player of the Week,1974,AL
olivato01,Rookie of the Year,1964,AL
olivato01,TSN All-Star,1964,AL
olivato01,TSN All-Star,1965,AL
olivato01,TSN All-Star,1966,AL
olivato01,TSN All-Star,1970,AL
olivato01,TSN All-Star,1971,AL
olivato01,TSN Player of the Year,1965,AL
olivato01,TSN Player of the Year,1971,AL
olivato01,TSN Rookie Player of the Year,1964,AL
oliveal01,Player of the Month,1976,NL
oliveal01,Player of the Month,1982,NL
oliveal01,Player of the Week,1973,NL
oliveal01,Player of the Week,1974,NL
oliveal01,Player of the Week,1975,NL
oliveal01,Player of the Week,1976,NL
oliveal01,Player of the Week,1978,AL
oliveal01,Player of the Week,1980,AL
oliveal01,Player of the Week,1981,AL
oliveal01,Player of the Week,1982,NL
oliveal01,Silver Slugger,1980,AL
oliveal01,Silver Slugger,1981,AL
oliveal01,Silver Slugger,1982,NL
oliveal01,TSN All-Star,1975,NL
oliveal01,TSN All-Star,1982,NL
olivejo01,Player of the Week,1992,NL
olsongr01,Rookie of the Year,1989,AL
olsonma02,All-MLB Team - Second Team,2023,ML
olsonma02,Gold Glove,2018,AL
olsonma02,Gold Glove,2019,AL
olsonma02,Gold Glove,2025,NL
olsonma02,Player of the Week,2022,NL
olsonma02,Player of the Week,2023,NL
olsonma02,Player of the Week,2023,NL
olsonma02,Player of the Week,2025,NL
olsonma02,Silver Slugger,2023,NL
olsonma02,TSN All-Star,2018,AL
olsonma02,TSN All-Star,2019,AL
oneilpa01,Player of the Week,2001,AL
oneilst01,Baseball Magazine All-Star,1918,AL
oneilst01,Baseball Magazine All-Star,1919,AL
oneilst01,Baseball Magazine All-Star,1919,ML
oneilst01,Baseball Magazine All-Star,1920,AL
oneilst01,Baseball Magazine All-Star,1920,ML
oneilst01,Baseball Magazine All-Star,1921,AL
oneilst01,Baseball Magazine All-Star,1921,ML
oneilst01,Baseball Magazine All-Star,1922,AL
oneilst01,Baseball Magazine All-Star,1922,ML
oneilti01,Triple Crown,1887,AA
oneilty01,Gold Glove,2020,NL
oneilty01,Gold Glove,2021,NL
oneilty01,MLB Players Choice Comeback Player,2024,AL
oneilty01,Player of the Month,2021,NL
oneilty01,Player of the Week,2021,NL
oneilty01,Player of the Week,2024,AL
ontivst02,Pitcher of the Month,1987,AL
ordonma01,Player of the Month,2003,AL
ordonma01,Player of the Month,2007,AL
ordonma01,Player of the Week,2000,AL
ordonma01,Player of the Week,2001,AL
ordonma01,Player of the Week,2002,AL
ordonma01,Player of the Week,2002,AL
ordonma01,Player of the Week,2002,AL
ordonma01,Player of the Week,2004,AL
ordonma01,Player of the Week,2007,AL
ordonma01,Player of the Week,2008,AL
ordonma01,Silver Slugger,2000,AL
ordonma01,Silver Slugger,2002,AL
ordonma01,Silver Slugger,2007,AL
ordonma01,TSN All-Star,2000,AL
ordonma01,TSN All-Star,2003,AL
ordonma01,TSN All-Star,2007,AL
ordonre01,Gold Glove,1997,NL
ordonre01,Gold Glove,1998,NL
ordonre01,Gold Glove,1999,NL
oroscje01,Pitcher of the Month,1983,NL
oroscje01,Player of the Week,1983,NL
oroscje01,Player of the Week,1983,NL
oroscje01,Player of the Week,1984,NL
ortajo01,Player of the Week,1974,AL
ortajo01,Player of the Week,1975,AL
ortajo01,Player of the Week,1976,AL
ortizda01,ALCS MVP,2004,AL
ortizda01,Babe Ruth Award,2013,AL
ortizda01,Hank Aaron Award,2005,AL
ortizda01,Hank Aaron Award,2016,AL
ortizda01,MLB Players Choice Outstanding Player,2005,AL
ortizda01,Outstanding DH Award,2003,AL
ortizda01,Outstanding DH Award,2004,AL
ortizda01,Outstanding DH Award,2005,AL
ortizda01,Outstanding DH Award,2006,AL
ortizda01,Outstanding DH Award,2007,AL
ortizda01,Outstanding DH Award,2011,AL
ortizda01,Outstanding DH Award,2013,AL
ortizda01,Outstanding DH Award,2016,AL
ortizda01,Player of the Month,2005,AL
ortizda01,Player of the Month,2006,AL
ortizda01,Player of the Month,2007,AL
ortizda01,Player of the Month,2010,AL
ortizda01,Player of the Week,2004,AL
ortizda01,Player of the Week,2005,AL
ortizda01,Player of the Week,2006,AL
ortizda01,Player of the Week,2007,AL
ortizda01,Player of the Week,2011,AL
ortizda01,Player of the Week,2015,AL
ortizda01,Roberto Clemente Award,2011,ML
ortizda01,Silver Slugger,2004,AL
ortizda01,Silver Slugger,2005,AL
ortizda01,Silver Slugger,2006,AL
ortizda01,Silver Slugger,2007,AL
ortizda01,Silver Slugger,2011,AL
ortizda01,Silver Slugger,2013,AL
ortizda01,Silver Slugger,2016,AL
ortizda01,This Year in Baseball Best Player,2016,ML
ortizda01,This Year in Baseball Hitter of the Year,2004,ML
ortizda01,This Year in Baseball Hitter of the Year,2005,ML
ortizda01,This Year in Baseball Postseason MVP,2013,ML
ortizda01,TSN All-Star,2004,AL
ortizda01,TSN All-Star,2005,AL
ortizda01,TSN All-Star,2006,AL
ortizda01,TSN All-Star,2007,AL
ortizda01,TSN All-Star,2016,AL
ortizda01,World Series MVP,2013,ML
ortizjo06,Rookie of the Month,2024,NL
ortizru01,Pitcher of the Month,2000,NL
ortizru01,Pitcher of the Month,2004,NL
osunaal01,TSN Rookie Pitcher of the Year,1991,NL
osunaro01,Reliever of the Month,2017,AL
oswalro01,NLCS MVP,2005,NL
oswalro01,Pitcher of the Month,2002,NL
oswalro01,Pitcher of the Month,2006,NL
oswalro01,Player of the Week,2004,NL
oswalro01,Player of the Week,2008,NL
oswalro01,Rookie of the Month,2001,NL
oswalro01,This Year in Baseball Oddity of the Year,2010,ML
oswalro01,TSN Rookie Pitcher of the Year,2001,NL
otisam01,Gold Glove,1971,AL
otisam01,Gold Glove,1973,AL
otisam01,Gold Glove,1974,AL
otisam01,Player of the Week,1974,AL
otisam01,Player of the Week,1978,AL
otisam01,TSN All-Star,1973,AL
otted01,Player of the Week,1978,NL
ottme01,Baseball Magazine All-Star,1934,ML
ottme01,Baseball Magazine All-Star,1934,NL
ottme01,Baseball Magazine All-Star,1935,ML
ottme01,Baseball Magazine All-Star,1935,NL
ottme01,Baseball Magazine All-Star,1938,ML
ottme01,Baseball Magazine All-Star,1938,NL
ottme01,Baseball Magazine All-Star,1939,NL
ottme01,TSN All-Star,1934,ML
ottme01,TSN All-Star,1935,ML
ottme01,TSN All-Star,1936,ML
ottme01,TSN All-Star,1938,ML
outmaja01,Rookie of the Month,2023,NL
outmaja01,Rookie of the Month,2023,NL
overbly01,Player of the Week,2004,NL
overbly01,Player of the Week,2006,AL
overbly01,Player of the Week,2009,AL
owchibo01,TSN Rookie Pitcher of the Year,1977,NL
owenma01,Baseball Magazine All-Star,1936,AL
owenmi01,TSN All-Star,1942,ML
owensp01,Player of the Week,1985,AL
owingch01,Rookie of the Month,2014,NL
owingmi01,Silver Slugger,2007,NL
ozunama01,All-MLB Team - First Team,2020,ML
ozunama01,Gold Glove,2017,NL
ozunama01,Outstanding DH Award,2020,ML
ozunama01,Player of the Week,2017,NL
ozunama01,Player of the Week,2017,NL
ozunama01,Player of the Week,2018,NL
ozunama01,Player of the Week,2020,NL
ozunama01,Player of the Week,2020,NL
ozunama01,Silver Slugger,2017,NL
ozunama01,Silver Slugger,2020,NL
ozunama01,TSN All-Star,2017,NL
ozunama01,TSN All-Star,2020,NL
pacioto01,Player of the Week,1981,AL
pacioto01,Player of the Week,1984,AL
pafkoan01,Baseball Magazine All-Star,1945,ML
pafkoan01,Baseball Magazine All-Star,1945,NL
pafkoan01,Baseball Magazine All-Star,1948,ML
pafkoan01,Baseball Magazine All-Star,1948,NL
pafkoan01,TSN All-Star,1945,ML
pagejo01,Babe Ruth Award,1949,AL
pagejo01,Baseball Magazine All-Star,1949,AL
pagejo01,TSN All-Star,1949,ML
pagemi02,Player of the Week,1977,AL
pagemi02,Player of the Week,1977,AL
pagemi02,TSN Rookie Player of the Year,1977,AL
pagesan01,Player of the Week,2025,NL
pagnoto01,Gold Glove,1991,NL
pagnoto01,Gold Glove,1992,NL
pagnoto01,Gold Glove,1994,NL
palmede01,Player of the Week,1996,AL
palmede01,Silver Slugger,1998,AL
palmede01,Silver Slugger,1999,AL
palmede01,TSN All-Star,1999,AL
palmeji01,Cy Young Award,1973,AL
palmeji01,Cy Young Award,1975,AL
palmeji01,Cy Young Award,1976,AL
palmeji01,Gold Glove,1976,AL
palmeji01,Gold Glove,1977,AL
palmeji01,Gold Glove,1978,AL
palmeji01,Gold Glove,1979,AL
palmeji01,Pitcher of the Month,1982,AL
palmeji01,Player of the Month,1975,AL
palmeji01,Player of the Week,1975,AL
palmeji01,Player of the Week,1976,AL
palmeji01,Player of the Week,1977,AL
palmeji01,Player of the Week,1978,AL
palmeji01,Player of the Week,1982,AL
palmeji01,TSN All-Star,1971,AL
palmeji01,TSN All-Star,1973,AL
palmeji01,TSN All-Star,1975,AL
palmeji01,TSN All-Star,1976,AL
palmeji01,TSN All-Star,1978,AL
palmeji01,TSN Pitcher of the Year,1973,AL
palmeji01,TSN Pitcher of the Year,1975,AL
palmeji01,TSN Pitcher of the Year,1976,AL
palmera01,Gold Glove,1997,AL
palmera01,Gold Glove,1998,AL
palmera01,Gold Glove,1999,AL
palmera01,Outstanding DH Award,1999,AL
palmera01,Player of the Month,1993,AL
palmera01,Player of the Month,1998,AL
palmera01,Player of the Month,1999,AL
palmera01,Player of the Month,1999,AL
palmera01,Player of the Week,1989,AL
palmera01,Player of the Week,1992,AL
palmera01,Player of the Week,1993,AL
palmera01,Player of the Week,1993,AL
palmera01,Player of the Week,1999,AL
palmera01,Silver Slugger,1998,AL
palmera01,Silver Slugger,1999,AL
palmera01,TSN All-Star,1998,AL
palmera01,TSN All-Star,1999,AL
palmera01,TSN Major League Player of the Year,1999,ML
panikjo01,Gold Glove,2016,NL
panikjo01,This Year in Baseball Postseason Moment of the Year,2014,ML
papeljo01,Babe Ruth Award,2007,AL
papeljo01,Reliever of the Month,2006,ML
papeljo01,Reliever of the Month,2012,ML
papeljo01,Rookie of the Month,2006,AL
papeljo01,This Year in Baseball Closer of the Year,2007,ML
paredis01,Player of the Week,2022,AL
parkch01,Pitcher of the Month,1998,NL
parkch01,Player of the Week,2000,NL
parkeda01,All-Star Game MVP,1979,ML
parkeda01,Gold Glove,1977,NL
parkeda01,Gold Glove,1978,NL
parkeda01,Gold Glove,1979,NL
parkeda01,Most Valuable Player,1978,NL
parkeda01,Outstanding DH Award,1989,AL
parkeda01,Outstanding DH Award,1990,AL
parkeda01,Player of the Month,1978,NL
parkeda01,Player of the Month,1978,NL
parkeda01,Player of the Month,1985,NL
parkeda01,Player of the Week,1977,NL
parkeda01,Player of the Week,1978,NL
parkeda01,Player of the Week,1978,NL
parkeda01,Player of the Week,1985,NL
parkeda01,Player of the Week,1985,NL
parkeda01,Player of the Week,1986,NL
parkeda01,Player of the Week,1990,AL
parkeda01,Silver Slugger,1985,NL
parkeda01,Silver Slugger,1986,NL
parkeda01,Silver Slugger,1990,AL
parkeda01,TSN All-Star,1975,NL
parkeda01,TSN All-Star,1977,NL
parkeda01,TSN All-Star,1978,NL
parkeda01,TSN All-Star,1985,NL
parkeda01,TSN All-Star,1986,NL
parkeda01,TSN All-Star,1990,AL
parkeda01,TSN Player of the Year,1978,NL
parkewe01,Gold Glove,1967,NL
parkewe01,Gold Glove,1968,NL
parkewe01,Gold Glove,1969,NL
parkewe01,Gold Glove,1970,NL
parkewe01,Gold Glove,1971,NL
parkewe01,Gold Glove,1972,NL
parkewe01,Lou Gehrig Memorial Award,1972,ML
parneme01,Baseball Magazine All-Star,1949,AL
parneme01,Baseball Magazine All-Star,1949,ML
parneme01,TSN All-Star,1949,ML
parrage01,Gold Glove,2011,NL
parrage01,Gold Glove,2013,NL
parrage01,Rookie of the Month,2009,NL
parrila01,Player of the Month,1987,AL
parrila01,Player of the Week,1979,NL
parrila01,Player of the Week,1984,AL
parrila02,Gold Glove,1983,AL
parrila02,Gold Glove,1984,AL
parrila02,Gold Glove,1985,AL
parrila02,Player of the Week,1979,AL
parrila02,Player of the Week,1984,AL
parrila02,Silver Slugger,1980,AL
parrila02,Silver Slugger,1982,AL
parrila02,Silver Slugger,1983,AL
parrila02,Silver Slugger,1984,AL
parrila02,Silver Slugger,1986,AL
parrila02,Silver Slugger,1990,AL
parrila02,TSN All-Star,1982,AL
parrila02,TSN All-Star,1984,AL
parsobi01,TSN Rookie Pitcher of the Year,1971,AL
paskedo01,Baseball Magazine All-Star,1912,NL
pasquvi01,Player of the Week,2022,AL
pasquvi01,Player of the Week,2025,AL
pasquvi01,Player of the Week,2025,AL
pavanca01,Pitcher of the Month,2004,NL
paxtoja01,Pitcher of the Month,2017,AL
paxtoja01,Pitcher of the Month,2023,AL
paxtoja01,Player of the Week,2017,AL
paxtoja01,Player of the Week,2017,AL
paxtoja01,Player of the Week,2018,AL
paytoja01,Player of the Week,2002,NL
pearcst01,Player of the Week,2014,AL
pearcst01,World Series MVP,2018,ML
pearsal02,Rookie of the Year,1958,AL
pearsal02,TSN All-Star,1963,AL
pearsal02,TSN Rookie of the Year,1958,AL
peavyja01,Cy Young Award,2007,NL
peavyja01,MLB Players Choice Outstanding Pitcher,2007,NL
peavyja01,Pitcher of the Month,2004,NL
peavyja01,Pitcher of the Month,2007,NL
peavyja01,Pitcher of the Month,2007,NL
peavyja01,Pitcher of the Month,2007,NL
peavyja01,Pitcher of the Month,2012,AL
peavyja01,Pitching Triple Crown,2007,NL
peavyja01,Player of the Week,2004,NL
peavyja01,Player of the Week,2005,NL
peavyja01,TSN All-Star,2007,NL
peavyja01,TSN Pitcher of the Year,2007,NL
peckiro01,Baseball Magazine All-Star,1919,AL
peckiro01,Baseball Magazine All-Star,1919,ML
peckiro01,Baseball Magazine All-Star,1921,AL
peckiro01,Most Valuable Player,1925,AL
pedrodu01,Gold Glove,2008,AL
pedrodu01,Gold Glove,2011,AL
pedrodu01,Gold Glove,2013,AL
pedrodu01,Gold Glove,2014,AL
pedrodu01,MLB Players Choice Outstanding Rookie,2007,AL
pedrodu01,Most Valuable Player,2008,AL
pedrodu01,Player of the Month,2011,AL
pedrodu01,Player of the Week,2007,AL
pedrodu01,Rookie of the Month,2007,AL
pedrodu01,Rookie of the Year,2007,AL
pedrodu01,Silver Slugger,2008,AL
pedrodu01,TSN Rookie of the Year,2007,AL
pelfrmi01,Player of the Week,2008,NL
penaal01,Player of the Week,1987,NL
penaal01,Player of the Week,1992,NL
penabr01,Player of the Week,2010,AL
penaca01,Comeback Player of the Year,2007,AL
penaca01,Gold Glove,2008,AL
penaca01,MLB Players Choice Comeback Player,2007,AL
penaca01,Player of the Week,2007,AL
penaca01,Player of the Week,2008,AL
penaca01,Rookie of the Month,2002,AL
penaca01,Silver Slugger,2007,AL
penaca01,TSN All-Star,2007,AL
penaca01,TSN Comeback Player of the Year,2007,AL
penaje02,ALCS MVP,2022,AL
penaje02,Babe Ruth Award,2022,ML
penaje02,Gold Glove,2022,AL
penaje02,World Series MVP,2022,ML
penato01,Gold Glove,1983,NL
penato01,Gold Glove,1984,NL
penato01,Gold Glove,1985,NL
penato01,Gold Glove,1991,AL
penato01,Player of the Week,1982,NL
penato01,TSN All-Star,1983,NL
penawi01,Player of the Week,2004,NL
pencehu01,MLB Players Choice Comeback Player,2019,AL
pencehu01,Player of the Month,2013,NL
pencehu01,Player of the Week,2007,NL
pencehu01,Player of the Week,2010,NL
pencehu01,Player of the Week,2013,NL
pencehu01,Player of the Week,2016,NL
pencehu01,Rookie of the Month,2007,NL
pencehu01,TSN Comeback Player of the Year,2019,AL
pendlte01,Gold Glove,1987,NL
pendlte01,Gold Glove,1989,NL
pendlte01,Gold Glove,1992,NL
pendlte01,Most Valuable Player,1991,NL
pendlte01,Player of the Week,1984,NL
pendlte01,Player of the Week,1988,NL
pendlte01,Player of the Week,1991,NL
pendlte01,Player of the Week,1992,NL
pendlte01,Player of the Week,1992,NL
pendlte01,TSN All-Star,1991,NL
pendlte01,TSN Comeback Player of the Year,1991,NL
pennohe01,Baseball Magazine All-Star,1924,AL
pennohe01,Baseball Magazine All-Star,1925,AL
pennohe01,Baseball Magazine All-Star,1926,AL
pennohe01,Baseball Magazine All-Star,1926,ML
pennohe01,TSN All-Star,1926,ML
pepitjo01,Gold Glove,1965,AL
pepitjo01,Gold Glove,1966,AL
pepitjo01,Gold Glove,1969,AL
pepitjo01,TSN All-Star,1963,AL
peralda01,Gold Glove,2019,NL
peralda01,Silver Slugger,2018,NL
peralfr01,All-MLB Team - Second Team,2025,ML
peralfr01,Pitcher of the Month,2023,NL
peralfr01,Pitcher of the Month,2025,NL
perdoge01,Silver Slugger,2025,NL
perezca01,Player of the Week,1997,NL
perezed02,NLCS MVP,1999,NL
perezma02,Pitcher of the Month,2022,AL
perezma02,Rookie of the Month,2013,AL
perezne01,Gold Glove,2000,NL
perezod01,Player of the Week,2002,NL
perezpa01,Pitcher of the Month,1983,NL
perezpa01,Pitcher of the Month,1987,NL
perezro02,Gold Glove,2019,AL
perezro02,Gold Glove,2020,AL
perezsa02,All-MLB Team - First Team,2020,ML
perezsa02,All-MLB Team - First Team,2021,ML
perezsa02,All-MLB Team - Second Team,2024,ML
perezsa02,Gold Glove,2013,AL
perezsa02,Gold Glove,2014,AL
perezsa02,Gold Glove,2015,AL
perezsa02,Gold Glove,2016,AL
perezsa02,Gold Glove,2018,AL
perezsa02,Lou Gehrig Memorial Award,2021,ML
perezsa02,Player of the Week,2021,AL
perezsa02,Roberto Clemente Award,2024,ML
perezsa02,Silver Slugger,2016,AL
perezsa02,Silver Slugger,2018,AL
perezsa02,Silver Slugger,2020,AL
perezsa02,Silver Slugger,2021,AL
perezsa02,Silver Slugger,2024,AL
perezsa02,TSN All-Star,2016,AL
perezsa02,TSN All-Star,2020,AL
perezsa02,TSN All-Star,2021,AL
perezsa02,World Series MVP,2015,ML
perezto01,All-Star Game MVP,1967,ML
perezto01,Lou Gehrig Memorial Award,1980,ML
perezto01,Player of the Month,1975,NL
perezto01,Player of the Week,1975,NL
perezto01,Player of the Week,1986,NL
perezto01,TSN All-Star,1970,NL
perezto01,TSN All-Star,1973,NL
perkicy01,Baseball Magazine All-Star,1923,AL
perraro01,TSN Fireman of the Year,1969,AL
perraro01,TSN Fireman of the Year,1970,AL
perryga01,Cy Young Award,1972,AL
perryga01,Cy Young Award,1978,NL
perryga01,Pitcher of the Month,1978,NL
perryga01,Player of the Month,1974,AL
perryga01,Player of the Week,1978,NL
perryga01,Player of the Week,1979,NL
perryga01,Player of the Week,1982,AL
perryga01,TSN All-Star,1972,AL
perryga01,TSN All-Star,1978,NL
perryge01,Player of the Week,1983,NL
perryji01,Cy Young Award,1970,AL
perryji01,TSN All-Star,1970,AL
peskyjo01,TSN All-Star,1942,ML
peskyjo01,TSN All-Star,1946,ML
peterga01,Rookie of the Year,1963,AL
peterga01,TSN All-Star,1963,AL
peterga01,TSN All-Star,1964,AL
peterga01,TSN Rookie Pitcher of the Year,1963,AL
petrori01,Player of the Week,1974,AL
petrori01,TSN All-Star,1969,AL
pettian01,ALCS MVP,2001,AL
pettian01,Pitcher of the Month,1997,AL
pettian01,Pitcher of the Month,2002,AL
pettian01,Pitcher of the Month,2005,NL
pettian01,Pitcher of the Month,2005,NL
pettian01,Pitcher of the Month,2007,AL
pettian01,TSN All-Star,1996,AL
pettian01,TSN All-Star,2003,AL
pettiga01,Gold Glove,1985,AL
pettiga01,Gold Glove,1986,AL
pettiga01,Gold Glove,1988,AL
pettiga01,Gold Glove,1989,AL
pettiga01,Gold Glove,1990,AL
pettyje01,Baseball Magazine All-Star,1926,NL
pettyje01,Baseball Magazine All-Star,1927,NL
phelpjo01,Rookie of the Month,2002,AL
phelpjo01,Rookie of the Month,2002,AL
phillbr01,Gold Glove,2008,NL
phillbr01,Gold Glove,2010,NL
phillbr01,Gold Glove,2011,NL
phillbr01,Gold Glove,2013,NL
phillbr01,Player of the Week,2006,NL
phillbr01,Silver Slugger,2011,NL
phillmi01,Player of the Week,1976,NL
phillto02,Player of the Week,1986,AL
phillto02,Player of the Week,1991,AL
phoebto01,TSN Rookie Pitcher of the Year,1967,AL
piazzmi01,All-Star Game MVP,1996,ML
piazzmi01,Player of the Month,1994,NL
piazzmi01,Player of the Month,1995,NL
piazzmi01,Player of the Month,1997,NL
piazzmi01,Player of the Month,1997,NL
piazzmi01,Player of the Week,1993,NL
piazzmi01,Player of the Week,1993,NL
piazzmi01,Player of the Week,1993,NL
piazzmi01,Player of the Week,1994,NL
piazzmi01,Player of the Week,1995,NL
piazzmi01,Player of the Week,1995,NL
piazzmi01,Player of the Week,1997,NL
piazzmi01,Player of the Week,1998,NL
piazzmi01,Player of the Week,1998,NL
piazzmi01,Player of the Week,1999,NL
piazzmi01,Player of the Week,2000,NL
piazzmi01,Player of the Week,2002,NL
piazzmi01,Rookie of the Year,1993,NL
piazzmi01,Silver Slugger,1993,NL
piazzmi01,Silver Slugger,1994,NL
piazzmi01,Silver Slugger,1995,NL
piazzmi01,Silver Slugger,1996,NL
piazzmi01,Silver Slugger,1997,NL
piazzmi01,Silver Slugger,1998,NL
piazzmi01,Silver Slugger,1999,NL
piazzmi01,Silver Slugger,2000,NL
piazzmi01,Silver Slugger,2001,NL
piazzmi01,Silver Slugger,2002,NL
piazzmi01,TSN All-Star,1993,NL
piazzmi01,TSN All-Star,1994,NL
piazzmi01,TSN All-Star,1995,NL
piazzmi01,TSN All-Star,1996,NL
piazzmi01,TSN All-Star,1997,NL
piazzmi01,TSN All-Star,1998,NL
piazzmi01,TSN All-Star,1999,NL
piazzmi01,TSN All-Star,2000,NL
piazzmi01,TSN All-Star,2001,NL
piazzmi01,TSN All-Star,2002,NL
piazzmi01,TSN Rookie Player of the Year,1993,NL
piercbi02,TSN All-Star,1956,ML
piercbi02,TSN All-Star,1957,ML
piercbi02,TSN Pitcher of the Year,1956,AL
piercbi02,TSN Pitcher of the Year,1957,AL
piersji01,Gold Glove,1958,AL
piersji01,Gold Glove,1961,AL
pierzaj01,Player of the Week,2008,AL
pierzaj01,Silver Slugger,2012,AL
pillake01,Player of the Week,2015,AL
pinedmi01,Player of the Week,2015,AL
pinedmi01,Rookie of the Month,2011,AL
pineijo01,Player of the Week,2006,AL
pinielo01,Rookie of the Year,1969,AL
pinsova01,Gold Glove,1961,NL
pippwa01,Baseball Magazine All-Star,1923,AL
piscost01,Hutch Award,2018,ML
piscost01,Lou Gehrig Memorial Award,2020,ML
planked01,Baseball Magazine All-Star,1909,ML
planked01,Baseball Magazine All-Star,1909,AL
planked01,Baseball Magazine All-Star,1912,AL
planked01,Baseball Magazine All-Star,1914,AL
plantph01,Player of the Week,1993,NL
plouftr01,Player of the Week,2014,AL
pocorbi01,Player of the Week,1977,NL
podrejo01,Babe Ruth Award,1955,NL
podrejo01,World Series MVP,1955,ML
podsesc01,MLB Players Choice Outstanding Rookie,2003,NL
podsesc01,Rookie of the Month,2003,NL
podsesc01,This Year in Baseball Rookie of the Year,2003,ML
podsesc01,TSN Rookie Player of the Year,2003,NL
polanjo01,Player of the Week,2025,AL
polanpl01,ALCS MVP,2006,AL
polanpl01,Gold Glove,2007,AL
polanpl01,Gold Glove,2009,AL
polanpl01,Gold Glove,2011,NL
polanpl01,Silver Slugger,2007,AL
polanpl01,This Year in Baseball Defensive Player of the Year,2007,ML
polanpl01,TSN All-Star,2007,AL
polleho01,Baseball Magazine All-Star,1946,ML
polleho01,Baseball Magazine All-Star,1946,NL
polleho01,Baseball Magazine All-Star,1949,ML
polleho01,Baseball Magazine All-Star,1949,NL
polleho01,TSN Pitcher of the Year,1949,NL
polloaj01,Gold Glove,2015,NL
polloaj01,Player of the Month,2018,NL
polloaj01,Player of the Week,2014,NL
polloaj01,Player of the Week,2014,NL
polloaj01,Player of the Week,2015,NL
polloaj01,Player of the Week,2018,NL
polloaj01,Player of the Week,2021,AL
polloaj01,Player of the Week,2021,NL
porceri01,Comeback Player of the Year,2016,AL
porceri01,Cy Young Award,2016,AL
porceri01,MLB Players Choice Outstanding Pitcher,2016,AL
porceri01,Pitcher of the Month,2016,AL
porceri01,Rookie of the Month,2009,AL
portebo01,TSN All-Star,1953,ML
portebo01,TSN Pitcher of the Year,1953,AL
porteda02,NLCS MVP,1982,NL
porteda02,TSN All-Star,1979,AL
porteda02,World Series MVP,1982,ML
portuma01,Silver Slugger,1994,NL
posadjo01,Silver Slugger,2000,AL
posadjo01,Silver Slugger,2001,AL
posadjo01,Silver Slugger,2002,AL
posadjo01,Silver Slugger,2003,AL
posadjo01,Silver Slugger,2007,AL
posadjo01,TSN All-Star,2000,AL
posadjo01,TSN All-Star,2001,AL
posadjo01,TSN All-Star,2002,AL
posadjo01,TSN All-Star,2003,AL
posadjo01,TSN All-Star,2007,AL
poseybu01,All-MLB Team - Second Team,2021,ML
poseybu01,Comeback Player of the Year,2012,NL
poseybu01,Comeback Player of the Year,2021,NL
poseybu01,Gold Glove,2016,NL
poseybu01,Hank Aaron Award,2012,NL
poseybu01,Lou Gehrig Memorial Award,2019,ML
poseybu01,MLB Players Choice Comeback Player,2012,NL
poseybu01,MLB Players Choice Comeback Player,2021,NL
poseybu01,MLB Players Choice Outstanding Rookie,2010,NL
poseybu01,Most Valuable Player,2012,NL
poseybu01,Player of the Month,2010,NL
poseybu01,Player of the Week,2010,NL
poseybu01,Player of the Week,2013,NL
poseybu01,Player of the Week,2014,NL
poseybu01,Rookie of the Month,2010,NL
poseybu01,Rookie of the Year,2010,NL
poseybu01,Silver Slugger,2012,NL
poseybu01,Silver Slugger,2014,NL
poseybu01,Silver Slugger,2015,NL
poseybu01,Silver Slugger,2017,NL
poseybu01,Silver Slugger,2021,NL
poseybu01,This Year in Baseball Rookie of the Year,2010,ML
poseybu01,TSN All-Star,2016,NL
poseybu01,TSN All-Star,2017,NL
poseybu01,TSN Comeback Player of the Year,2012,NL
poseybu01,TSN Comeback Player of the Year,2021,NL
powelbo01,Most Valuable Player,1970,AL
powelbo01,TSN All-Star,1966,AL
powelbo01,TSN All-Star,1968,AL
powelbo01,TSN All-Star,1969,AL
powelbo01,TSN All-Star,1970,AL
powelbo01,TSN Comeback Player of the Year,1966,AL
powelbo01,TSN Comeback Player of the Year,1975,AL
powervi01,Gold Glove,1958,AL
powervi01,Gold Glove,1959,AL
powervi01,Gold Glove,1960,AL
powervi01,Gold Glove,1961,AL
powervi01,Gold Glove,1962,AL
powervi01,Gold Glove,1963,AL
powervi01,Gold Glove,1964,AL
pradoma01,Player of the Month,2013,NL
pradoma01,Player of the Week,2009,NL
pradoma01,Player of the Week,2010,NL
pradoma01,Player of the Week,2011,NL
pressry01,All-MLB Team - Second Team,2022,ML
priceda01,Babe Ruth Award,2018,ML
priceda01,Comeback Player of the Year,2018,AL
priceda01,Cy Young Award,2012,AL
priceda01,MLB Players Choice Outstanding Pitcher,2010,AL
priceda01,MLB Players Choice Outstanding Pitcher,2012,AL
priceda01,Pitcher of the Month,2010,AL
priceda01,Player of the Week,2015,AL
priceda01,TSN Comeback Player of the Year,2018,AL
priceda01,TSN Pitcher of the Year,2012,AL
pricejo02,Pitcher of the Month,1983,NL
priorma01,Pitcher of the Month,2003,NL
priorma01,Pitcher of the Month,2003,NL
priorma01,Player of the Week,2003,NL
priorma01,This Year in Baseball Starter of the Year,2003,ML
profaju01,Silver Slugger,2024,NL
profaju01,TSN All-Star,2024,NL
puckeki01,ALCS MVP,1991,AL
puckeki01,All-Star Game MVP,1993,ML
puckeki01,Branch Rickey Award,1993,ML
puckeki01,Gold Glove,1986,AL
puckeki01,Gold Glove,1987,AL
puckeki01,Gold Glove,1988,AL
puckeki01,Gold Glove,1989,AL
puckeki01,Gold Glove,1991,AL
puckeki01,Gold Glove,1992,AL
puckeki01,Player of the Month,1986,AL
puckeki01,Player of the Month,1992,AL
puckeki01,Player of the Month,1992,AL
puckeki01,Player of the Week,1986,AL
puckeki01,Player of the Week,1986,AL
puckeki01,Player of the Week,1987,AL
puckeki01,Player of the Week,1992,AL
puckeki01,Roberto Clemente Award,1996,ML
puckeki01,Silver Slugger,1986,AL
puckeki01,Silver Slugger,1987,AL
puckeki01,Silver Slugger,1988,AL
puckeki01,Silver Slugger,1989,AL
puckeki01,Silver Slugger,1992,AL
puckeki01,Silver Slugger,1994,AL
puckeki01,TSN All-Star,1986,AL
puckeki01,TSN All-Star,1987,AL
puckeki01,TSN All-Star,1988,AL
puckeki01,TSN All-Star,1989,AL
puckeki01,TSN All-Star,1992,AL
puckeki01,TSN All-Star,1994,AL
puigya01,Player of the Month,2013,NL
puigya01,Player of the Month,2014,NL
puigya01,Player of the Week,2013,NL
puigya01,Player of the Week,2014,NL
puigya01,Player of the Week,2018,NL
puigya01,Rookie of the Month,2013,NL
pujolal01,Comeback Player of the Year,2022,NL
pujolal01,Gold Glove,2006,NL
pujolal01,Gold Glove,2010,NL
pujolal01,Hank Aaron Award,2003,NL
pujolal01,Hank Aaron Award,2009,NL
pujolal01,Lou Gehrig Memorial Award,2009,ML
pujolal01,MLB Players Choice Man of the Year,2006,ML
pujolal01,MLB Players Choice Outstanding Player,2003,NL
pujolal01,MLB Players Choice Outstanding Player,2008,NL
pujolal01,MLB Players Choice Outstanding Player,2009,NL
pujolal01,MLB Players Choice Outstanding Rookie,2001,NL
pujolal01,MLB Players Choice Player of the Year,2003,ML
pujolal01,MLB Players Choice Player of the Year,2008,ML
pujolal01,MLB Players Choice Player of the Year,2009,ML
pujolal01,Most Valuable Player,2005,NL
pujolal01,Most Valuable Player,2008,NL
pujolal01,Most Valuable Player,2009,NL
pujolal01,NLCS MVP,2004,NL
pujolal01,Player of the Month,2003,NL
pujolal01,Player of the Month,2003,NL
pujolal01,Player of the Month,2006,NL
pujolal01,Player of the Month,2009,NL
pujolal01,Player of the Month,2009,NL
pujolal01,Player of the Month,2010,NL
pujolal01,Player of the Month,2015,AL
pujolal01,Player of the Week,2001,NL
pujolal01,Player of the Week,2002,NL
pujolal01,Player of the Week,2003,NL
pujolal01,Player of the Week,2005,NL
pujolal01,Player of the Week,2006,NL
pujolal01,Player of the Week,2007,NL
pujolal01,Player of the Week,2008,NL
pujolal01,Player of the Week,2008,NL
pujolal01,Player of the Week,2009,NL
pujolal01,Player of the Week,2009,NL
pujolal01,Player of the Week,2011,NL
pujolal01,Player of the Week,2012,AL
pujolal01,Player of the Week,2022,NL
pujolal01,Player of the Week,2022,NL
pujolal01,Roberto Clemente Award,2008,NL
pujolal01,Rookie of the Month,2001,NL
pujolal01,Rookie of the Month,2001,NL
pujolal01,Rookie of the Year,2001,NL
pujolal01,Silver Slugger,2001,NL
pujolal01,Silver Slugger,2003,NL
pujolal01,Silver Slugger,2004,NL
pujolal01,Silver Slugger,2008,NL
pujolal01,Silver Slugger,2009,NL
pujolal01,Silver Slugger,2010,NL
pujolal01,This Year in Baseball Hitter of the Year,2003,ML
pujolal01,This Year in Baseball Hitter of the Year,2008,ML
pujolal01,This Year in Baseball Performance of the Year,2006,ML
pujolal01,TSN All-Star,2003,NL
pujolal01,TSN All-Star,2004,NL
pujolal01,TSN All-Star,2005,NL
pujolal01,TSN Major League Player of the Year,2003,ML
pujolal01,TSN Major League Player of the Year,2008,ML
pujolal01,TSN Major League Player of the Year,2009,ML
pujolal01,TSN Rookie Player of the Year,2001,NL
purkebo01,TSN All-Star,1962,NL
putnapa01,TSN Rookie Player of the Year,1979,AL
putzjj01,Pitcher of the Month,2007,AL
putzjj01,Reliever of the Month,2007,ML
putzjj01,Reliever of the Month,2011,ML
putzjj01,Reliever of the Month,2011,ML
putzjj01,Reliever of the Year Award,2007,AL
quentca01,Player of the Week,2010,AL
quentca01,Player of the Week,2011,AL
quentca01,Silver Slugger,2008,AL
quinlro01,Rookie of the Month,2004,AL
quinnma01,TSN Rookie Player of the Year,2000,AL
quinolu01,Player of the Week,1989,NL
quintca01,Player of the Week,1991,AL
quiseda01,Player of the Week,1983,AL
quiseda01,Reliever of the Year Award,1980,AL
quiseda01,Reliever of the Year Award,1982,AL
quiseda01,Reliever of the Year Award,1983,AL
quiseda01,Reliever of the Year Award,1984,AL
quiseda01,Reliever of the Year Award,1985,AL
quiseda01,TSN Fireman of the Year,1980,AL
quiseda01,TSN Fireman of the Year,1982,AL
quiseda01,TSN Fireman of the Year,1983,AL
quiseda01,TSN Fireman of the Year,1984,AL
quiseda01,TSN Fireman of the Year,1985,AL
raburry01,Player of the Week,2013,AL
radatdi01,TSN Fireman of the Year,1962,AL
radatdi01,TSN Fireman of the Year,1964,AL
radboch01,Pitching Triple Crown,1884,NL
raderda01,TSN Rookie Player of the Year,1972,NL
raderdo02,Gold Glove,1970,NL
raderdo02,Gold Glove,1971,NL
raderdo02,Gold Glove,1972,NL
raderdo02,Gold Glove,1973,NL
raderdo02,Gold Glove,1974,NL
radkebr01,Pitcher of the Month,1997,AL
radkebr01,Pitcher of the Month,2001,AL
radkebr01,Player of the Week,1997,AL
rafaece01,Gold Glove,2025,AL
raganco01,Pitcher of the Month,2023,AL
rainech01,Pitcher of the Month,1980,AL
raineti01,All-Star Game MVP,1987,ML
raineti01,Player of the Week,1983,NL
raineti01,Player of the Week,1984,NL
raineti01,Player of the Week,1986,NL
raineti01,Player of the Week,1987,NL
raineti01,Player of the Week,1989,NL
raineti01,Silver Slugger,1986,NL
raineti01,TSN All-Star,1983,NL
raineti01,TSN All-Star,1986,NL
raineti01,TSN Rookie Player of the Year,1981,NL
raleica01,All-MLB Team - First Team,2025,ML
raleica01,Gold Glove,2024,AL
raleica01,Platinum Glove,2024,AL
raleica01,Player of the Month,2025,AL
raleica01,Player of the Week,2025,AL
raleica01,Player of the Week,2025,AL
raleica01,Silver Slugger,2025,AL
raleica01,TSN All-Star,2023,AL
raleica01,TSN All-Star,2024,AL
raleica01,TSN All-Star,2025,AL
raleica01,TSN Major League Player of the Year,2025,ML
raleica01,TSN Player of the Year,2025,ML
ramiral03,Player of the Week,2011,AL
ramiral03,Rookie of the Month,2008,AL
ramiral03,Silver Slugger,2010,AL
ramiral03,Silver Slugger,2014,AL
ramirar01,Hank Aaron Award,2008,NL
ramirar01,Player of the Week,2001,NL
ramirar01,Player of the Week,2005,NL
ramirar01,Player of the Week,2010,NL
ramirar01,Player of the Week,2011,NL
ramirar01,Player of the Week,2015,NL
ramirar01,Silver Slugger,2011,NL
ramirha01,Player of the Month,2008,NL
ramirha01,Player of the Week,2007,NL
ramirha01,Player of the Week,2009,NL
ramirha01,Player of the Week,2016,AL
ramirha01,Player of the Week,2016,AL
ramirha01,Rookie of the Year,2006,NL
ramirha01,Silver Slugger,2008,NL
ramirha01,Silver Slugger,2009,NL
ramirha01,TSN All-Star,2007,NL
ramirjo01,All-MLB Team - First Team,2024,ML
ramirjo01,All-MLB Team - First Team,2025,ML
ramirjo01,All-MLB Team - Second Team,2020,ML
ramirjo01,All-MLB Team - Second Team,2023,ML
ramirjo01,Player of the Month,2018,AL
ramirjo01,Player of the Month,2020,AL
ramirjo01,Player of the Month,2022,AL
ramirjo01,Player of the Week,2017,AL
ramirjo01,Player of the Week,2017,AL
ramirjo01,Player of the Week,2018,AL
ramirjo01,Player of the Week,2021,AL
ramirjo01,Player of the Week,2022,AL
ramirjo01,Player of the Week,2022,AL
ramirjo01,Player of the Week,2024,AL
ramirjo01,Player of the Week,2025,AL
ramirjo01,Silver Slugger,2017,AL
ramirjo01,Silver Slugger,2018,AL
ramirjo01,Silver Slugger,2020,AL
ramirjo01,Silver Slugger,2022,AL
ramirjo01,Silver Slugger,2024,AL
ramirjo01,Silver Slugger,2025,AL
ramirjo01,TSN All-Star,2018,AL
ramirjo01,TSN All-Star,2020,AL
ramirjo01,TSN All-Star,2021,AL
ramirjo01,TSN All-Star,2022,AL
ramirjo01,TSN All-Star,2023,AL
ramirjo01,TSN All-Star,2024,AL
ramirjo01,TSN All-Star,2025,AL
ramirma02,Hank Aaron Award,1999,AL
ramirma02,Hank Aaron Award,2004,AL
ramirma02,MLB Players Choice Outstanding Player,1999,AL
ramirma02,Player of the Month,1995,AL
ramirma02,Player of the Month,1999,AL
ramirma02,Player of the Month,2001,AL
ramirma02,Player of the Month,2002,AL
ramirma02,Player of the Month,2008,NL
ramirma02,Player of the Week,1994,AL
ramirma02,Player of the Week,1997,AL
ramirma02,Player of the Week,1998,AL
ramirma02,Player of the Week,1999,AL
ramirma02,Player of the Week,2000,AL
ramirma02,Player of the Week,2000,AL
ramirma02,Player of the Week,2001,AL
ramirma02,Player of the Week,2001,AL
ramirma02,Player of the Week,2002,AL
ramirma02,Player of the Week,2002,AL
ramirma02,Player of the Week,2003,AL
ramirma02,Player of the Week,2005,AL
ramirma02,Player of the Week,2005,AL
ramirma02,Player of the Week,2005,AL
ramirma02,Player of the Week,2007,AL
ramirma02,Player of the Week,2008,AL
ramirma02,Silver Slugger,1995,AL
ramirma02,Silver Slugger,1999,AL
ramirma02,Silver Slugger,2000,AL
ramirma02,Silver Slugger,2001,AL
ramirma02,Silver Slugger,2002,AL
ramirma02,Silver Slugger,2003,AL
ramirma02,Silver Slugger,2004,AL
ramirma02,Silver Slugger,2005,AL
ramirma02,Silver Slugger,2006,AL
ramirma02,TSN All-Star,1995,AL
ramirma02,TSN All-Star,1999,AL
ramirma02,TSN All-Star,2001,AL
ramirma02,TSN All-Star,2002,AL
ramirma02,TSN All-Star,2004,AL
ramirma02,TSN All-Star,2005,AL
ramirma02,TSN All-Star,2006,AL
ramirma02,World Series MVP,2004,ML
ramoswi01,Silver Slugger,2016,NL
randajo01,Player of the Month,1999,AL
randajo01,Player of the Week,1998,AL
randajo01,Player of the Week,1999,AL
randlle01,Player of the Week,1980,NL
randowi01,Silver Slugger,1980,AL
randowi01,TSN All-Star,1977,AL
randowi01,TSN All-Star,1980,AL
randowi01,TSN All-Star,1987,AL
raschvi01,Baseball Magazine All-Star,1948,AL
raschvi01,Baseball Magazine All-Star,1949,AL
raschvi01,Baseball Magazine All-Star,1949,ML
raschvi01,Baseball Magazine All-Star,1950,AL
raschvi01,Baseball Magazine All-Star,1950,ML
raschvi01,TSN All-Star,1950,ML
rasmuco01,Player of the Week,2010,NL
rasmuco01,Player of the Week,2016,AL
rasmudr01,Pitcher of the Month,2022,AL
raudo01,Player of the Week,1976,NL
rawlesh01,Pitcher of the Month,1985,NL
rawlesh01,Player of the Week,1981,AL
rayjo01,Player of the Month,1986,NL
rayjo01,Player of the Week,1984,NL
rayjo01,Player of the Week,1984,NL
rayjo01,Player of the Week,1985,NL
rayjo01,Player of the Week,1986,NL
rayjo01,Player of the Week,1988,AL
rayjo01,Silver Slugger,1983,NL
rayjo01,TSN All-Star,1988,AL
rayjo01,TSN Rookie Player of the Year,1982,NL
rayro02,All-MLB Team - First Team,2021,ML
rayro02,Cy Young Award,2021,AL
rayro02,MLB Players Choice Outstanding Pitcher,2021,AL
rayro02,Pitcher of the Month,2021,AL
rayro02,Pitcher of the Month,2025,NL
rayro02,Player of the Week,2016,NL
rayro02,Player of the Week,2021,AL
realmjt01,All-MLB Team - First Team,2019,ML
realmjt01,All-MLB Team - First Team,2022,ML
realmjt01,All-MLB Team - Second Team,2020,ML
realmjt01,Gold Glove,2019,NL
realmjt01,Gold Glove,2022,NL
realmjt01,Player of the Week,2017,NL
realmjt01,Silver Slugger,2018,NL
realmjt01,Silver Slugger,2019,NL
realmjt01,Silver Slugger,2022,NL
realmjt01,TSN All-Star,2018,NL
realmjt01,TSN All-Star,2019,NL
realmjt01,TSN All-Star,2020,NL
realmjt01,TSN All-Star,2021,NL
realmjt01,TSN All-Star,2022,NL
reardje01,Pitcher of the Month,1986,NL
reardje01,Player of the Week,1985,NL
reardje01,Player of the Week,1988,AL
reardje01,Reliever of the Year Award,1985,NL
reardje01,TSN Fireman of the Year,1985,NL
reardje01,TSN Fireman of the Year,1987,AL
reddijo01,Gold Glove,2012,AL
reddijo01,Player of the Week,2012,AL
reddijo01,Player of the Week,2014,AL
reddijo01,Player of the Week,2015,AL
redmama01,Player of the Week,2003,NL
redusga01,Player of the Week,1987,AL
reedjo01,Player of the Week,1991,AL
reedri01,Player of the Week,1997,NL
reesepe01,Baseball Magazine All-Star,1946,NL
reesepe01,Baseball Magazine All-Star,1947,NL
reesepe01,Baseball Magazine All-Star,1949,NL
reesepe01,Lou Gehrig Memorial Award,1956,ML
reesepe01,TSN All-Star,1953,ML
reesepo01,Gold Glove,1999,NL
reesepo01,Gold Glove,2000,NL
reganph01,TSN Comeback Player of the Year,1966,NL
reganph01,TSN Fireman of the Year,1966,NL
reganph01,TSN Fireman of the Year,1968,NL
reidfse01,Bob Feller Act of Valor Award - MLB Player,2024,ML
reimeke01,Player of the Week,1993,AL
reimono01,Rookie of the Month,2009,AL
reisepe01,Baseball Magazine All-Star,1941,NL
reisepe01,Baseball Magazine All-Star,1942,NL
reisepe01,TSN All-Star,1941,ML
reitsch01,Player of the Week,2001,NL
reitzke01,Gold Glove,1975,NL
reitzke01,Player of the Month,1977,NL
reitzke01,Player of the Week,1974,NL
reitzke01,Player of the Week,1975,NL
rendoan01,All-MLB Team - First Team,2019,ML
rendoan01,Comeback Player of the Year,2016,NL
rendoan01,MLB Players Choice Outstanding Player,2019,NL
rendoan01,Player of the Week,2017,NL
rendoan01,Player of the Week,2019,NL
rendoan01,Silver Slugger,2014,NL
rendoan01,Silver Slugger,2019,NL
rendoan01,This Year in Baseball Best Performance,2017,ML
rendoan01,TSN All-Star,2017,NL
rendoan01,TSN All-Star,2019,NL
renfrhu01,Player of the Week,2016,NL
rengilu01,Player of the Week,2023,AL
renteed01,Gold Glove,2002,NL
renteed01,Gold Glove,2003,NL
renteed01,Player of the Week,1998,NL
renteed01,Player of the Week,2003,NL
renteed01,Player of the Week,2005,AL
renteed01,Silver Slugger,2000,NL
renteed01,Silver Slugger,2002,NL
renteed01,Silver Slugger,2003,NL
renteed01,TSN All-Star,2000,NL
renteed01,TSN All-Star,2002,NL
renteed01,TSN All-Star,2003,NL
renteed01,TSN All-Star,2004,NL
renteed01,World Series MVP,2010,ML
retteme01,TSN All-Star,1971,AL
reulbed01,Baseball Magazine All-Star,1908,NL
reulbed01,Baseball Magazine All-Star,1909,NL
reuscri01,Gold Glove,1985,NL
reuscri01,Gold Glove,1987,NL
reuscri01,Hutch Award,1985,ML
reuscri01,Pitcher of the Month,1977,NL
reuscri01,Pitcher of the Month,1977,NL
reuscri01,Pitcher of the Month,1979,NL
reuscri01,Pitcher of the Month,1980,NL
reuscri01,Pitcher of the Month,1989,NL
reuscri01,Player of the Week,1987,NL
reuscri01,TSN All-Star,1977,NL
reuscri01,TSN Comeback Player of the Year,1985,NL
reussje01,Pitcher of the Month,1980,NL
reussje01,Player of the Week,1975,NL
reussje01,Player of the Week,1980,NL
reussje01,Player of the Week,1982,NL
reussje01,TSN Comeback Player of the Year,1980,NL
reverbe01,Rookie of the Month,2011,AL
reverbe01,This Year in Baseball Play of the Year,2011,ML
reyesjo01,Player of the Month,2007,NL
reyesjo01,Player of the Week,2006,NL
reyesjo01,Player of the Week,2006,NL
reyesjo01,Silver Slugger,2006,NL
reyesjo01,TSN All-Star,2006,NL
reynoal01,Baseball Magazine All-Star,1947,AL
reynoal01,TSN All-Star,1951,ML
reynoal01,TSN All-Star,1952,ML
reynobr01,Player of the Week,2023,NL
reynobr01,TSN All-Star,2021,NL
reynoha01,Gold Glove,1988,AL
reynoha01,Gold Glove,1989,AL
reynoha01,Gold Glove,1990,AL
reynoha01,Player of the Week,1988,AL
reynoha01,Player of the Week,1991,AL
reynoha01,Roberto Clemente Award,1991,ML
reynoma01,Player of the Week,2009,NL
reynoma01,Player of the Week,2009,NL
reynoma01,Player of the Week,2010,NL
reynoma01,Player of the Week,2018,NL
rhodear01,Player of the Week,1994,AL
rhodedu01,Babe Ruth Award,1954,NL
rhoderi01,Pitcher of the Month,1986,NL
rhoderi01,Silver Slugger,1984,NL
rhoderi01,Silver Slugger,1985,NL
rhoderi01,Silver Slugger,1986,NL
riceji01,Most Valuable Player,1978,AL
riceji01,Outstanding DH Award,1977,AL
riceji01,Player of the Month,1977,AL
riceji01,Player of the Month,1978,AL
riceji01,Player of the Month,1978,AL
riceji01,Player of the Month,1980,AL
riceji01,Player of the Week,1977,AL
riceji01,Player of the Week,1978,AL
riceji01,Player of the Week,1978,AL
riceji01,Player of the Week,1979,AL
riceji01,Player of the Week,1984,AL
riceji01,Silver Slugger,1983,AL
riceji01,Silver Slugger,1984,AL
riceji01,TSN All-Star,1975,AL
riceji01,TSN All-Star,1977,AL
riceji01,TSN All-Star,1978,AL
riceji01,TSN All-Star,1979,AL
riceji01,TSN All-Star,1983,AL
riceji01,TSN All-Star,1986,AL
riceji01,TSN Player of the Year,1978,AL
ricesa01,Baseball Magazine All-Star,1920,AL
richabo01,Gold Glove,1961,AL
richabo01,Gold Glove,1962,AL
richabo01,Gold Glove,1963,AL
richabo01,Gold Glove,1964,AL
richabo01,Gold Glove,1965,AL
richabo01,Lou Gehrig Memorial Award,1963,ML
richabo01,TSN All-Star,1961,AL
richabo01,TSN All-Star,1962,AL
richabo01,TSN All-Star,1963,AL
richabo01,TSN All-Star,1964,AL
richabo01,TSN All-Star,1965,AL
richabo01,TSN All-Star,1966,AL
richabo01,World Series MVP,1960,ML
richage01,Player of the Week,1977,NL
richajr01,Pitcher of the Month,1978,NL
richajr01,Pitcher of the Month,1979,NL
richajr01,Pitcher of the Month,1980,NL
richajr01,Player of the Week,1978,NL
richapa01,Baseball Magazine All-Star,1945,AL
richapa01,Baseball Magazine All-Star,1945,ML
richapa01,TSN All-Star,1945,ML
richmsc01,Rookie of the Month,2009,AL
riddlel01,Baseball Magazine All-Star,1941,ML
riddlel01,Baseball Magazine All-Star,1941,NL
riddlel01,Baseball Magazine All-Star,1943,NL
righeda01,Pitcher of the Month,1985,AL
righeda01,Player of the Week,1983,AL
righeda01,Player of the Week,1986,AL
righeda01,Reliever of the Year Award,1986,AL
righeda01,Reliever of the Year Award,1987,AL
righeda01,Rookie of the Year,1981,AL
righeda01,TSN Fireman of the Year,1986,AL
righeda01,TSN Fireman of the Year,1987,AL
righeda01,TSN Rookie Pitcher of the Year,1981,AL
rijojo01,Pitcher of the Month,1992,NL
rijojo01,Player of the Week,1989,NL
rijojo01,Player of the Week,1990,NL
rijojo01,TSN All-Star,1991,NL
rijojo01,World Series MVP,1990,ML
rileyau01,All-MLB Team - First Team,2021,ML
rileyau01,All-MLB Team - First Team,2023,ML
rileyau01,Player of the Month,2022,NL
rileyau01,Player of the Week,2021,NL
rileyau01,Player of the Week,2022,NL
rileyau01,Player of the Week,2023,NL
rileyau01,Rookie of the Month,2019,NL
rileyau01,Silver Slugger,2021,NL
rileyau01,Silver Slugger,2023,NL
rileyau01,TSN All-Star,2023,NL
rincoan01,Player of the Week,1980,NL
riosal01,Player of the Week,2008,AL
riosal01,Player of the Week,2013,AL
ripkeca01,All-Star Game MVP,1991,ML
ripkeca01,All-Star Game MVP,2001,ML
ripkeca01,Gold Glove,1991,AL
ripkeca01,Gold Glove,1992,AL
ripkeca01,Lou Gehrig Memorial Award,1992,ML
ripkeca01,Most Valuable Player,1983,AL
ripkeca01,Most Valuable Player,1991,AL
ripkeca01,Player of the Month,1983,AL
ripkeca01,Player of the Month,1991,AL
ripkeca01,Player of the Week,1982,AL
ripkeca01,Player of the Week,1984,AL
ripkeca01,Player of the Week,1984,AL
ripkeca01,Player of the Week,1985,AL
ripkeca01,Player of the Week,1987,AL
ripkeca01,Player of the Week,1991,AL
ripkeca01,Player of the Week,1992,AL
ripkeca01,Player of the Week,1995,AL
ripkeca01,Player of the Week,1996,AL
ripkeca01,Roberto Clemente Award,1992,ML
ripkeca01,Rookie of the Year,1982,AL
ripkeca01,Silver Slugger,1983,AL
ripkeca01,Silver Slugger,1984,AL
ripkeca01,Silver Slugger,1985,AL
ripkeca01,Silver Slugger,1986,AL
ripkeca01,Silver Slugger,1989,AL
ripkeca01,Silver Slugger,1991,AL
ripkeca01,Silver Slugger,1993,AL
ripkeca01,Silver Slugger,1994,AL
ripkeca01,TSN All-Star,1983,AL
ripkeca01,TSN All-Star,1984,AL
ripkeca01,TSN All-Star,1985,AL
ripkeca01,TSN All-Star,1989,AL
ripkeca01,TSN All-Star,1991,AL
ripkeca01,TSN All-Star,1993,AL
ripkeca01,TSN All-Star,1994,AL
ripkeca01,TSN All-Star,1995,AL
ripkeca01,TSN Major League Player of the Year,1983,ML
ripkeca01,TSN Major League Player of the Year,1991,ML
ripkeca01,TSN Player of the Year,1983,AL
ripkeca01,TSN Player of the Year,1991,AL
ripkeca01,TSN Rookie Player of the Year,1982,AL
ritchto01,Player of the Week,2001,NL
riverfe01,Reliever of the Month,2018,NL
riverfe01,Reliever of the Month,2019,NL
riverma01,ALCS MVP,2003,AL
riverma01,All-Star Game MVP,2013,NL
riverma01,Babe Ruth Award,1999,AL
riverma01,Comeback Player of the Year,2013,AL
riverma01,MLB Players Choice Comeback Player,2013,AL
riverma01,MLB Players Choice Man of the Year,2013,ML
riverma01,Pitcher of the Month,1999,AL
riverma01,Player of the Week,2008,AL
riverma01,Player of the Week,2009,AL
riverma01,Player of the Week,2011,AL
riverma01,Reliever of the Month,2008,ML
riverma01,Reliever of the Month,2009,ML
riverma01,Reliever of the Year Award,1999,AL
riverma01,Reliever of the Year Award,2001,AL
riverma01,Reliever of the Year Award,2004,AL
riverma01,Reliever of the Year Award,2005,AL
riverma01,Reliever of the Year Award,2009,AL
riverma01,This Year in Baseball Closer of the Year,2004,ML
riverma01,This Year in Baseball Closer of the Year,2005,ML
riverma01,This Year in Baseball Closer of the Year,2006,ML
riverma01,This Year in Baseball Closer of the Year,2009,ML
riverma01,TSN All-Star,2005,AL
riverma01,TSN Comeback Player of the Year,2013,AL
riverma01,TSN Fireman of the Year,1997,AL
riverma01,TSN Fireman of the Year,1999,AL
riverma01,TSN Reliever of the Year,2001,AL
riverma01,TSN Reliever of the Year,2004,AL
riverma01,TSN Reliever of the Year,2009,AL
riverma01,World Series MVP,1999,ML
rivermi01,TSN All-Star,1976,AL
rixeyep01,Baseball Magazine All-Star,1922,ML
rixeyep01,Baseball Magazine All-Star,1922,NL
rixeyep01,Baseball Magazine All-Star,1925,ML
rixeyep01,Baseball Magazine All-Star,1925,NL
rizzoan01,Branch Rickey Award,2014,ML
rizzoan01,Gold Glove,2016,NL
rizzoan01,Gold Glove,2018,NL
rizzoan01,Gold Glove,2019,NL
rizzoan01,Gold Glove,2020,NL
rizzoan01,MLB Players Choice Man of the Year,2017,ML
rizzoan01,Platinum Glove,2016,NL
rizzoan01,Player of the Week,2014,NL
rizzoan01,Player of the Week,2017,NL
rizzoan01,Player of the Week,2018,NL
rizzoan01,Player of the Week,2023,AL
rizzoan01,Player of the Week,2024,AL
rizzoan01,Roberto Clemente Award,2017,ML
rizzoan01,Rookie of the Month,2012,NL
rizzoan01,Silver Slugger,2016,NL
rizzoan01,This Year in Baseball Best Play - Defense,2016,ML
rizzoan01,This Year in Baseball Best Social Media Personality,2016,ML
rizzuph01,Babe Ruth Award,1951,AL
rizzuph01,Baseball Magazine All-Star,1950,AL
rizzuph01,Baseball Magazine All-Star,1950,ML
rizzuph01,Most Valuable Player,1950,AL
rizzuph01,TSN All-Star,1949,ML
rizzuph01,TSN All-Star,1950,ML
rizzuph01,TSN All-Star,1951,ML
rizzuph01,TSN All-Star,1952,ML
rizzuph01,TSN Major League Player of the Year,1950,ML
rizzuph01,TSN Player of the Year,1950,AL
roberbi01,Player of the Week,1992,NL
roberbr01,Player of the Month,2005,AL
roberbr01,Player of the Week,2004,AL
roberbr01,Player of the Week,2005,AL
roberbr01,TSN All-Star,2005,AL
roberda01,Baseball Magazine All-Star,1916,NL
roberda05,Player of the Week,1974,NL
roberda08,This Year in Baseball Setup Man of the Year,2011,ML
roberlu01,Gold Glove,2020,AL
roberlu01,Player of the Week,2023,AL
roberlu01,Rookie of the Month,2020,AL
roberlu01,Silver Slugger,2023,AL
roberlu01,TSN All-Star,2023,AL
roberro01,Lou Gehrig Memorial Award,1962,ML
roberro01,TSN All-Star,1952,ML
roberro01,TSN All-Star,1953,ML
roberro01,TSN All-Star,1954,ML
roberro01,TSN All-Star,1955,ML
roberro01,TSN Major League Player of the Year,1952,ML
roberro01,TSN Pitcher of the Year,1952,NL
roberro01,TSN Pitcher of the Year,1955,NL
robinaa01,Baseball Magazine All-Star,1946,AL
robinaa01,Baseball Magazine All-Star,1946,ML
robinaa01,TSN All-Star,1946,ML
robinbr01,All-Star Game MVP,1966,ML
robinbr01,Babe Ruth Award,1970,AL
robinbr01,Bob Feller Act of Valor Award - HOF Player,2020,ML
robinbr01,Gold Glove,1960,AL
robinbr01,Gold Glove,1961,AL
robinbr01,Gold Glove,1962,AL
robinbr01,Gold Glove,1963,AL
robinbr01,Gold Glove,1964,AL
robinbr01,Gold Glove,1965,AL
robinbr01,Gold Glove,1966,AL
robinbr01,Gold Glove,1967,AL
robinbr01,Gold Glove,1968,AL
robinbr01,Gold Glove,1969,AL
robinbr01,Gold Glove,1970,AL
robinbr01,Gold Glove,1971,AL
robinbr01,Gold Glove,1972,AL
robinbr01,Gold Glove,1973,AL
robinbr01,Gold Glove,1974,AL
robinbr01,Gold Glove,1975,AL
robinbr01,Lou Gehrig Memorial Award,1966,ML
robinbr01,Most Valuable Player,1964,AL
robinbr01,Roberto Clemente Award,1972,ML
robinbr01,TSN All-Star,1961,AL
robinbr01,TSN All-Star,1962,AL
robinbr01,TSN All-Star,1964,AL
robinbr01,TSN All-Star,1965,AL
robinbr01,TSN All-Star,1966,AL
robinbr01,TSN All-Star,1967,AL
robinbr01,TSN All-Star,1968,AL
robinbr01,TSN All-Star,1971,AL
robinbr01,TSN All-Star,1972,AL
robinbr01,TSN Player of the Year,1964,AL
robinbr01,World Series MVP,1970,ML
robindo01,Hutch Award,1984,ML
robindo01,Player of the Week,1978,NL
robindo01,Silver Slugger,1982,NL
robindo01,Silver Slugger,1989,NL
robindo01,Silver Slugger,1990,NL
robindo01,TSN Rookie Pitcher of the Year,1978,NL
robinfr02,All-Star Game MVP,1971,ML
robinfr02,Babe Ruth Award,1966,AL
robinfr02,Gold Glove,1958,NL
robinfr02,Most Valuable Player,1961,NL
robinfr02,Most Valuable Player,1966,AL
robinfr02,Rookie of the Year,1956,NL
robinfr02,Triple Crown,1966,AL
robinfr02,TSN All-Star,1961,NL
robinfr02,TSN All-Star,1962,NL
robinfr02,TSN All-Star,1966,AL
robinfr02,TSN All-Star,1967,AL
robinfr02,TSN Major League Player of the Year,1966,ML
robinfr02,TSN Player of the Year,1961,NL
robinfr02,TSN Player of the Year,1966,AL
robinfr02,TSN Rookie of the Year,1956,NL
robinfr02,World Series MVP,1966,ML
robinja02,Baseball Magazine All-Star,1948,NL
robinja02,Baseball Magazine All-Star,1949,ML
robinja02,Baseball Magazine All-Star,1949,NL
robinja02,Baseball Magazine All-Star,1950,NL
robinja02,Most Valuable Player,1949,NL
robinja02,Rookie of the Year,1947,ML
robinja02,TSN All-Star,1949,ML
robinja02,TSN All-Star,1950,ML
robinja02,TSN All-Star,1951,ML
robinja02,TSN All-Star,1952,ML
robinja02,TSN Rookie of the Year,1947,ML
rodgebr02,Gold Glove,2022,NL
rodgebr02,Player of the Week,2022,NL
rodnefe01,Comeback Player of the Year,2012,AL
rodnefe01,This Year in Baseball Closer of the Year,2012,ML
rodonca01,Player of the Week,2021,AL
rodrial01,Babe Ruth Award,2009,AL
rodrial01,Gold Glove,2002,AL
rodrial01,Gold Glove,2003,AL
rodrial01,Hank Aaron Award,2001,AL
rodrial01,Hank Aaron Award,2002,AL
rodrial01,Hank Aaron Award,2003,AL
rodrial01,Hank Aaron Award,2007,AL
rodrial01,MLB Players Choice Outstanding Player,1996,AL
rodrial01,MLB Players Choice Outstanding Player,1998,AL
rodrial01,MLB Players Choice Outstanding Player,2001,AL
rodrial01,MLB Players Choice Outstanding Player,2002,AL
rodrial01,MLB Players Choice Outstanding Player,2003,AL
rodrial01,MLB Players Choice Outstanding Player,2007,AL
rodrial01,MLB Players Choice Player of the Year,2002,ML
rodrial01,MLB Players Choice Player of the Year,2007,ML
rodrial01,Most Valuable Player,2003,AL
rodrial01,Most Valuable Player,2005,AL
rodrial01,Most Valuable Player,2007,AL
rodrial01,Player of the Month,1996,AL
rodrial01,Player of the Month,2002,AL
rodrial01,Player of the Month,2002,AL
rodrial01,Player of the Month,2003,AL
rodrial01,Player of the Month,2005,AL
rodrial01,Player of the Month,2005,AL
rodrial01,Player of the Month,2006,AL
rodrial01,Player of the Month,2007,AL
rodrial01,Player of the Month,2007,AL
rodrial01,Player of the Month,2010,AL
rodrial01,Player of the Week,1996,AL
rodrial01,Player of the Week,1996,AL
rodrial01,Player of the Week,1998,AL
rodrial01,Player of the Week,2000,AL
rodrial01,Player of the Week,2001,AL
rodrial01,Player of the Week,2001,AL
rodrial01,Player of the Week,2002,AL
rodrial01,Player of the Week,2002,AL
rodrial01,Player of the Week,2005,AL
rodrial01,Player of the Week,2006,AL
rodrial01,Player of the Week,2007,AL
rodrial01,Player of the Week,2007,AL
rodrial01,Player of the Week,2007,AL
rodrial01,Silver Slugger,1996,AL
rodrial01,Silver Slugger,1998,AL
rodrial01,Silver Slugger,1999,AL
rodrial01,Silver Slugger,2000,AL
rodrial01,Silver Slugger,2001,AL
rodrial01,Silver Slugger,2002,AL
rodrial01,Silver Slugger,2003,AL
rodrial01,Silver Slugger,2005,AL
rodrial01,Silver Slugger,2007,AL
rodrial01,Silver Slugger,2008,AL
rodrial01,This Year in Baseball Hitter of the Year,2002,ML
rodrial01,This Year in Baseball Hitter of the Year,2007,ML
rodrial01,This Year in Baseball Performance of the Year,2005,ML
rodrial01,TSN All-Star,1996,AL
rodrial01,TSN All-Star,1998,AL
rodrial01,TSN All-Star,2000,AL
rodrial01,TSN All-Star,2001,AL
rodrial01,TSN All-Star,2002,AL
rodrial01,TSN All-Star,2003,AL
rodrial01,TSN All-Star,2005,AL
rodrial01,TSN All-Star,2007,AL
rodrial01,TSN Major League Player of the Year,1996,ML
rodrial01,TSN Major League Player of the Year,2002,ML
rodrial01,TSN Major League Player of the Year,2007,ML
rodriau01,Gold Glove,1976,AL
rodriel01,Player of the Week,1974,AL
rodrifr03,Player of the Week,2008,AL
rodrifr03,Reliever of the Month,2006,ML
rodrifr03,Reliever of the Month,2008,ML
rodrifr03,Reliever of the Year Award,2006,AL
rodrifr03,Reliever of the Year Award,2008,AL
rodrifr03,This Year in Baseball Setup Man of the Year,2004,ML
rodrifr03,TSN Reliever of the Year,2006,AL
rodrifr03,TSN Reliever of the Year,2008,AL
rodrihe02,Player of the Week,1996,NL
rodriiv01,Gold Glove,1992,AL
rodriiv01,Gold Glove,1993,AL
rodriiv01,Gold Glove,1994,AL
rodriiv01,Gold Glove,1995,AL
rodriiv01,Gold Glove,1996,AL
rodriiv01,Gold Glove,1997,AL
rodriiv01,Gold Glove,1998,AL
rodriiv01,Gold Glove,1999,AL
rodriiv01,Gold Glove,2000,AL
rodriiv01,Gold Glove,2001,AL
rodriiv01,Gold Glove,2004,AL
rodriiv01,Gold Glove,2006,AL
rodriiv01,Gold Glove,2007,AL
rodriiv01,Most Valuable Player,1999,AL
rodriiv01,NLCS MVP,2003,NL
rodriiv01,Player of the Month,1998,AL
rodriiv01,Player of the Month,1999,AL
rodriiv01,Player of the Month,2004,AL
rodriiv01,Player of the Week,1998,AL
rodriiv01,Silver Slugger,1994,AL
rodriiv01,Silver Slugger,1995,AL
rodriiv01,Silver Slugger,1996,AL
rodriiv01,Silver Slugger,1997,AL
rodriiv01,Silver Slugger,1998,AL
rodriiv01,Silver Slugger,1999,AL
rodriiv01,Silver Slugger,2004,AL
rodriiv01,TSN All-Star,1994,AL
rodriiv01,TSN All-Star,1995,AL
rodriiv01,TSN All-Star,1996,AL
rodriiv01,TSN All-Star,1997,AL
rodriiv01,TSN All-Star,1998,AL
rodriiv01,TSN All-Star,1999,AL
rodriiv01,TSN All-Star,2004,AL
rodriju01,All-MLB Team - First Team,2025,ML
rodriju01,All-MLB Team - Second Team,2022,ML
rodriju01,MLB Players Choice Outstanding Rookie,2022,AL
rodriju01,Player of the Month,2023,AL
rodriju01,Player of the Week,2022,AL
rodriju01,Player of the Week,2023,AL
rodriju01,Player of the Week,2023,AL
rodriju01,Player of the Week,2024,AL
rodriju01,Rookie of the Month,2022,AL
rodriju01,Rookie of the Month,2022,AL
rodriju01,Rookie of the Year,2022,AL
rodriju01,Silver Slugger,2022,AL
rodriju01,Silver Slugger,2023,AL
rodriju01,TSN All-Star,2022,AL
rodriju01,TSN All-Star,2023,AL
rodriju01,TSN All-Star,2025,AL
rodriju01,TSN Rookie of the Year,2022,AL
rodrise01,Player of the Week,2016,NL
rodriwa01,Pitcher of the Month,2009,NL
roepr01,TSN All-Star,1951,ML
roepr01,TSN Pitcher of the Year,1951,NL
rogerke01,Gold Glove,2000,AL
rogerke01,Gold Glove,2002,AL
rogerke01,Gold Glove,2004,AL
rogerke01,Gold Glove,2005,AL
rogerke01,Gold Glove,2006,AL
rogerke01,Pitcher of the Month,1995,AL
rogerke01,Pitcher of the Month,2005,AL
rogerke01,Player of the Week,1994,AL
rogerst01,MLB Players Curt Flood Award,2022,ML
rogerst01,Pitcher of the Month,1982,NL
rogerst01,Player of the Week,1973,NL
rogerst01,Player of the Week,1974,NL
rogerst01,Player of the Week,1977,NL
rogerst01,TSN All-Star,1982,NL
rogerst01,TSN Rookie Pitcher of the Year,1973,NL
rogertr01,Pitcher of the Month,2025,AL
rogertr01,Rookie of the Month,2021,NL
rogertr01,Rookie of the Month,2021,NL
rojasco01,TSN All-Star,1971,AL
rojasmi01,TSN Fireman of the Year,1967,AL
rolensc01,Gold Glove,1998,NL
rolensc01,Gold Glove,2000,NL
rolensc01,Gold Glove,2001,NL
rolensc01,Gold Glove,2002,NL
rolensc01,Gold Glove,2003,NL
rolensc01,Gold Glove,2004,NL
rolensc01,Gold Glove,2006,NL
rolensc01,Gold Glove,2010,NL
rolensc01,MLB Players Choice Outstanding Rookie,1997,NL
rolensc01,Player of the Week,2001,NL
rolensc01,Player of the Week,2002,NL
rolensc01,Player of the Week,2004,NL
rolensc01,Rookie of the Year,1997,NL
rolensc01,Silver Slugger,2002,NL
rolensc01,TSN All-Star,2002,NL
rolensc01,TSN All-Star,2003,NL
rolensc01,TSN All-Star,2004,NL
rolensc01,TSN Rookie Player of the Year,1997,NL
rolfere01,Baseball Magazine All-Star,1938,AL
rolfere01,Baseball Magazine All-Star,1938,ML
rolfere01,Baseball Magazine All-Star,1939,AL
rolfere01,Baseball Magazine All-Star,1939,ML
rolfere01,TSN All-Star,1937,ML
rolfere01,TSN All-Star,1938,ML
rolfere01,TSN All-Star,1939,ML
rolliji01,Gold Glove,2007,NL
rolliji01,Gold Glove,2008,NL
rolliji01,Gold Glove,2009,NL
rolliji01,Gold Glove,2012,NL
rolliji01,Most Valuable Player,2007,NL
rolliji01,Player of the Week,2005,NL
rolliji01,Player of the Week,2007,NL
rolliji01,Roberto Clemente Award,2014,NL
rolliji01,Silver Slugger,2007,NL
romanjo03,Reliever of the Month,2022,AL
romanjo03,Reliever of the Month,2022,AL
romerri01,Pitcher of the Month,2011,AL
romerri01,Player of the Week,2011,AL
rommeed01,Baseball Magazine All-Star,1922,AL
rommeed01,Baseball Magazine All-Star,1922,ML
rommeed01,TSN All-Star,1925,ML
romose01,This Year in Baseball Setup Man of the Year,2012,ML
rookebr01,Player of the Week,2023,AL
rookebr01,Player of the Week,2024,AL
rookebr01,Silver Slugger,2024,AL
rootch01,Baseball Magazine All-Star,1927,ML
rootch01,Baseball Magazine All-Star,1927,NL
rootch01,TSN All-Star,1927,ML
rosared01,NLCS MVP,2021,NL
rosared01,Player of the Week,2017,AL
rosared01,Player of the Week,2023,NL
rosared01,Player of the Week,2024,NL
rosebjo01,Gold Glove,1961,NL
rosebjo01,Gold Glove,1966,NL
rosenal01,Most Valuable Player,1953,AL
rosenal01,TSN All-Star,1953,ML
rosenal01,TSN All-Star,1954,ML
rosenal01,TSN Major League Player of the Year,1953,ML
rosenal01,TSN Player of the Year,1953,AL
rosengo01,TSN All-Star,1945,ML
rosepe01,Gold Glove,1969,NL
rosepe01,Gold Glove,1970,NL
rosepe01,Hutch Award,1968,ML
rosepe01,Lou Gehrig Memorial Award,1969,ML
rosepe01,Most Valuable Player,1973,NL
rosepe01,Player of the Month,1973,NL
rosepe01,Player of the Month,1978,NL
rosepe01,Player of the Month,1979,NL
rosepe01,Player of the Week,1978,NL
rosepe01,Player of the Week,1978,NL
rosepe01,Player of the Week,1979,NL
rosepe01,Player of the Week,1979,NL
rosepe01,Player of the Week,1980,NL
rosepe01,Player of the Week,1981,NL
rosepe01,Roberto Clemente Award,1976,ML
rosepe01,Rookie of the Year,1963,NL
rosepe01,Silver Slugger,1981,NL
rosepe01,TSN All-Star,1965,NL
rosepe01,TSN All-Star,1966,NL
rosepe01,TSN All-Star,1968,NL
rosepe01,TSN All-Star,1973,NL
rosepe01,TSN All-Star,1978,NL
rosepe01,TSN All-Star,1981,NL
rosepe01,TSN Player of the Year,1968,NL
rosepe01,TSN Rookie Player of the Year,1963,NL
rosepe01,World Series MVP,1975,ML
rossco01,NLCS MVP,2010,NL
roushed01,Baseball Magazine All-Star,1917,ML
roushed01,Baseball Magazine All-Star,1917,NL
roushed01,Baseball Magazine All-Star,1918,ML
roushed01,Baseball Magazine All-Star,1918,NL
roushed01,Baseball Magazine All-Star,1919,ML
roushed01,Baseball Magazine All-Star,1919,NL
roushed01,Baseball Magazine All-Star,1920,ML
roushed01,Baseball Magazine All-Star,1920,NL
roushed01,Baseball Magazine All-Star,1921,NL
roushed01,Baseball Magazine All-Star,1923,ML
roushed01,Baseball Magazine All-Star,1923,NL
roushed01,Baseball Magazine All-Star,1924,ML
roushed01,Baseball Magazine All-Star,1924,NL
roushed01,Baseball Magazine All-Star,1926,NL
rowanaa01,Gold Glove,2007,NL
rowanaa01,TSN All-Star,2007,NL
rowesc01,Baseball Magazine All-Star,1934,AL
rowesc01,Baseball Magazine All-Star,1934,ML
rowesc01,TSN All-Star,1934,ML
rozemda01,TSN Rookie Pitcher of the Year,1977,AL
ruckena01,Baseball Magazine All-Star,1908,ML
ruckena01,Baseball Magazine All-Star,1908,NL
ruckena01,Baseball Magazine All-Star,1910,NL
ruckena01,Baseball Magazine All-Star,1911,ML
ruckena01,Baseball Magazine All-Star,1911,NL
ruckena01,Baseball Magazine All-Star,1912,ML
ruckena01,Baseball Magazine All-Star,1912,NL
rudijo01,Gold Glove,1974,AL
rudijo01,Gold Glove,1975,AL
rudijo01,Gold Glove,1976,AL
rudijo01,Player of the Week,1977,AL
rudijo01,TSN All-Star,1972,AL
rudijo01,TSN All-Star,1974,AL
rudijo01,TSN All-Star,1976,AL
ruelmu01,Baseball Magazine All-Star,1925,AL
ruelmu01,Baseball Magazine All-Star,1925,ML
ruelmu01,Baseball Magazine All-Star,1926,AL
ruelmu01,Baseball Magazine All-Star,1927,AL
rueteki01,TSN Rookie Pitcher of the Year,1993,NL
ruethdu01,Baseball Magazine All-Star,1922,NL
ruffire01,Baseball Magazine All-Star,1938,AL
ruffire01,Baseball Magazine All-Star,1938,ML
ruffire01,Baseball Magazine All-Star,1939,AL
ruffire01,Baseball Magazine All-Star,1939,ML
ruffire01,Baseball Magazine All-Star,1941,AL
ruffire01,TSN All-Star,1937,ML
ruffire01,TSN All-Star,1938,ML
ruffire01,TSN All-Star,1939,ML
ruizca01,Player of the Week,2014,NL
ruizca01,This Year in Baseball X-Factor Player of the Year,2010,ML
rusieam01,Pitching Triple Crown,1894,NL
russebi01,TSN All-Star,1973,NL
russeje01,Reliever of the Year Award,1989,AL
russeje01,TSN Fireman of the Year,1989,AL
ruthba01,Baseball Magazine All-Star,1916,AL
ruthba01,Baseball Magazine All-Star,1918,AL
ruthba01,Baseball Magazine All-Star,1918,ML
ruthba01,Baseball Magazine All-Star,1919,AL
ruthba01,Baseball Magazine All-Star,1919,ML
ruthba01,Baseball Magazine All-Star,1920,AL
ruthba01,Baseball Magazine All-Star,1920,ML
ruthba01,Baseball Magazine All-Star,1921,AL
ruthba01,Baseball Magazine All-Star,1921,ML
ruthba01,Baseball Magazine All-Star,1923,AL
ruthba01,Baseball Magazine All-Star,1923,ML
ruthba01,Baseball Magazine All-Star,1924,AL
ruthba01,Baseball Magazine All-Star,1924,ML
ruthba01,Baseball Magazine All-Star,1926,AL
ruthba01,Baseball Magazine All-Star,1926,ML
ruthba01,Baseball Magazine All-Star,1927,AL
ruthba01,Baseball Magazine All-Star,1927,ML
ruthba01,Baseball Magazine All-Star,1928,AL
ruthba01,Baseball Magazine All-Star,1928,ML
ruthba01,Baseball Magazine All-Star,1929,AL
ruthba01,Baseball Magazine All-Star,1929,ML
ruthba01,Baseball Magazine All-Star,1930,AL
ruthba01,Baseball Magazine All-Star,1930,ML
ruthba01,Baseball Magazine All-Star,1931,AL
ruthba01,Baseball Magazine All-Star,1931,ML
ruthba01,Baseball Magazine All-Star,1932,AL
ruthba01,Most Valuable Player,1923,AL
ruthba01,TSN All-Star,1926,ML
ruthba01,TSN All-Star,1927,ML
ruthba01,TSN All-Star,1928,ML
ruthba01,TSN All-Star,1929,ML
ruthba01,TSN All-Star,1930,ML
ruthba01,TSN All-Star,1931,ML
ruthvdi01,Pitcher of the Month,1982,NL
rutscad01,All-MLB Team - First Team,2023,ML
rutscad01,Silver Slugger,2023,AL
rutscad01,TSN All-Star,2023,AL
ryanbj01,Reliever of the Month,2008,ML
ryanno01,Pitcher of the Month,1982,NL
ryanno01,Pitcher of the Month,1984,NL
ryanno01,Player of the Month,1974,AL
ryanno01,Player of the Month,1976,AL
ryanno01,Player of the Week,1974,AL
ryanno01,Player of the Week,1974,AL
ryanno01,Player of the Week,1975,AL
ryanno01,Player of the Week,1975,AL
ryanno01,Player of the Week,1975,AL
ryanno01,Player of the Week,1979,AL
ryanno01,Player of the Week,1979,AL
ryanno01,Player of the Week,1981,NL
ryanno01,Player of the Week,1983,NL
ryanno01,Player of the Week,1984,NL
ryanno01,Player of the Week,1990,AL
ryanno01,Player of the Week,1990,AL
ryanno01,Player of the Week,1991,AL
ryanno01,TSN All-Star,1977,AL
ryanno01,TSN Pitcher of the Year,1977,AL
ryuhy01,All-MLB Team - Second Team,2019,ML
ryuhy01,All-MLB Team - Second Team,2020,ML
ryuhy01,Pitcher of the Month,2019,NL
ryuhy01,Player of the Week,2019,NL
saarlki01,Rookie of the Month,2002,NL
sabatcc01,ALCS MVP,2009,AL
sabatcc01,Cy Young Award,2007,AL
sabatcc01,MLB Players Choice Outstanding Pitcher,2007,AL
sabatcc01,Pitcher of the Month,2006,AL
sabatcc01,Pitcher of the Month,2008,NL
sabatcc01,Pitcher of the Month,2008,NL
sabatcc01,Pitcher of the Month,2009,AL
sabatcc01,Pitcher of the Month,2011,AL
sabatcc01,Player of the Week,2007,AL
sabatcc01,Player of the Week,2008,AL
sabatcc01,Rookie of the Month,2001,AL
sabatcc01,TSN All-Star,2007,AL
sabatcc01,TSN Pitcher of the Year,2007,AL
sabatcc01,TSN Rookie Pitcher of the Year,2001,AL
saberbr01,Babe Ruth Award,1985,AL
saberbr01,Cy Young Award,1985,AL
saberbr01,Cy Young Award,1989,AL
saberbr01,Gold Glove,1989,AL
saberbr01,Pitcher of the Month,1985,AL
saberbr01,Pitcher of the Month,1987,AL
saberbr01,Pitcher of the Month,1989,AL
saberbr01,Pitcher of the Month,1989,AL
saberbr01,Pitcher of the Month,1994,NL
saberbr01,Player of the Week,1985,AL
saberbr01,Player of the Week,1989,AL
saberbr01,Player of the Week,1989,AL
saberbr01,Player of the Week,1991,AL
saberbr01,TSN All-Star,1985,AL
saberbr01,TSN All-Star,1989,AL
saberbr01,TSN Comeback Player of the Year,1987,AL
saberbr01,TSN Comeback Player of the Year,1998,AL
saberbr01,TSN Pitcher of the Year,1985,AL
saberbr01,TSN Pitcher of the Year,1989,AL
saberbr01,World Series MVP,1985,ML
saboch01,Player of the Week,1988,NL
saboch01,Player of the Week,1989,NL
saboch01,Rookie of the Year,1988,NL
saiervi01,Baseball Magazine All-Star,1915,NL
sainjo01,Baseball Magazine All-Star,1946,NL
sainjo01,Baseball Magazine All-Star,1948,ML
sainjo01,Baseball Magazine All-Star,1948,NL
sainjo01,TSN All-Star,1948,ML
sainjo01,TSN Pitcher of the Year,1948,NL
saitota01,Reliever of the Month,2007,ML
salazda01,Pitcher of the Month,2016,AL
salech01,All-MLB Team - First Team,2024,ML
salech01,Comeback Player of the Year,2024,NL
salech01,Cy Young Award,2024,NL
salech01,Gold Glove,2024,NL
salech01,Lou Gehrig Memorial Award,2024,ML
salech01,MLB Players Choice Comeback Player,2024,NL
salech01,MLB Players Choice Outstanding Pitcher,2024,NL
salech01,Pitcher of the Month,2012,AL
salech01,Pitcher of the Month,2015,AL
salech01,Pitcher of the Month,2018,AL
salech01,Pitcher of the Month,2018,AL
salech01,Pitcher of the Month,2024,NL
salech01,Triple Crown,2024,AL
salech01,TSN All-Star,2017,AL
salech01,TSN All-Star,2018,AL
salech01,TSN All-Star,2024,NL
salech01,TSN Comeback Player of the Year,2024,NL
salech01,TSN Pitcher of the Year,2017,AL
salech01,TSN Pitcher of the Year,2018,AL
salech01,TSN Pitcher of the Year,2024,NL
salmoti01,Hutch Award,2002,ML
salmoti01,MLB Players Choice Comeback Player,2002,AL
salmoti01,Player of the Month,1997,AL
salmoti01,Player of the Week,1994,AL
salmoti01,Player of the Week,1998,AL
salmoti01,Player of the Week,1999,AL
salmoti01,Player of the Week,2000,AL
salmoti01,Player of the Week,2000,AL
salmoti01,Rookie of the Year,1993,AL
salmoti01,Silver Slugger,1995,AL
salmoti01,TSN All-Star,1995,AL
salmoti01,TSN All-Star,1997,AL
salmoti01,TSN Comeback Player of the Year,2002,AL
salmoti01,TSN Rookie Player of the Year,1993,AL
samarje01,Player of the Week,2013,NL
samarje01,Player of the Week,2017,NL
sambijo01,Player of the Week,1980,NL
samueju01,Player of the Week,1985,NL
samueju01,Silver Slugger,1987,NL
samueju01,TSN All-Star,1987,NL
samueju01,TSN Rookie Player of the Year,1984,NL
sanchan01,Player of the Week,2006,NL
sanchan01,Rookie of the Month,2006,NL
sanchca01,Gold Glove,2019,AL
sanchcr01,All-MLB Team - Second Team,2025,ML
sanchcr01,Pitcher of the Month,2024,NL
sanchga01,Player of the Week,2011,NL
sanchga01,Rookie of the Month,2010,NL
sanchga02,Player of the Month,2016,AL
sanchga02,Player of the Week,2016,AL
sanchga02,Player of the Week,2016,AL
sanchga02,Rookie of the Month,2016,AL
sanchga02,Silver Slugger,2017,AL
sanchga02,TSN All-Star,2017,AL
sanchjo01,Player of the Week,2008,NL
sanchjo01,Player of the Week,2009,NL
sandbry01,Gold Glove,1983,NL
sandbry01,Gold Glove,1984,NL
sandbry01,Gold Glove,1985,NL
sandbry01,Gold Glove,1986,NL
sandbry01,Gold Glove,1987,NL
sandbry01,Gold Glove,1988,NL
sandbry01,Gold Glove,1989,NL
sandbry01,Gold Glove,1990,NL
sandbry01,Gold Glove,1991,NL
sandbry01,Most Valuable Player,1984,NL
sandbry01,Player of the Month,1984,NL
sandbry01,Player of the Month,1990,NL
sandbry01,Player of the Week,1984,NL
sandbry01,Player of the Week,1984,NL
sandbry01,Player of the Week,1985,NL
sandbry01,Player of the Week,1986,NL
sandbry01,Player of the Week,1989,NL
sandbry01,Player of the Week,1990,NL
sandbry01,Player of the Week,1992,NL
sandbry01,Silver Slugger,1984,NL
sandbry01,Silver Slugger,1985,NL
sandbry01,Silver Slugger,1988,NL
sandbry01,Silver Slugger,1989,NL
sandbry01,Silver Slugger,1990,NL
sandbry01,Silver Slugger,1991,NL
sandbry01,Silver Slugger,1992,NL
sandbry01,TSN All-Star,1984,NL
sandbry01,TSN All-Star,1988,NL
sandbry01,TSN All-Star,1989,NL
sandbry01,TSN All-Star,1990,NL
sandbry01,TSN All-Star,1991,NL
sandbry01,TSN All-Star,1992,NL
sandbry01,TSN Major League Player of the Year,1984,ML
sandbry01,TSN Player of the Year,1984,NL
sandeke01,TSN Fireman of the Year,1971,AL
sandera01,Baseball Magazine All-Star,1944,NL
sandera01,TSN All-Star,1944,ML
sandere02,Player of the Week,1995,NL
sandere02,Player of the Week,1999,NL
sandere02,Player of the Week,2001,NL
sandere02,Player of the Week,2003,NL
sandere02,TSN All-Star,1995,NL
sandopa01,Babe Ruth Award,2012,NL
sandopa01,Babe Ruth Award,2012,NL
sandopa01,Player of the Week,2011,NL
sandopa01,This Year in Baseball Postseason MVP,2012,ML
sandopa01,World Series MVP,2012,ML
sanfoja02,Rookie of the Year,1957,NL
sanfoja02,TSN Rookie of the Year,1957,NL
sanguma01,Player of the Week,1975,NL
sanguma01,TSN All-Star,1971,NL
sanojja01,Gold Glove,2025,NL
sanomi01,Player of the Week,2017,AL
sanomi01,Rookie of the Month,2015,AL
santaan02,Silver Slugger,2024,AL
santaca01,Gold Glove,2024,AL
santaca01,Player of the Week,2014,AL
santaca01,Player of the Week,2016,AL
santaca01,Silver Slugger,2019,AL
santaca01,TSN All-Star,2019,AL
santada01,Player of the Week,2014,AL
santaer01,Player of the Week,2011,AL
santajo01,Cy Young Award,2004,AL
santajo01,Cy Young Award,2006,AL
santajo01,Gold Glove,2007,AL
santajo01,MLB Players Choice Outstanding Pitcher,2004,AL
santajo01,MLB Players Choice Outstanding Pitcher,2006,AL
santajo01,Pitcher of the Month,2003,AL
santajo01,Pitcher of the Month,2004,AL
santajo01,Pitcher of the Month,2004,AL
santajo01,Pitcher of the Month,2004,AL
santajo01,Pitcher of the Month,2006,AL
santajo01,Pitcher of the Month,2006,AL
santajo01,Pitcher of the Month,2008,NL
santajo01,Pitcher of the Month,2009,NL
santajo01,Pitching Triple Crown,2006,AL
santajo01,Player of the Week,2004,AL
santajo01,Player of the Week,2004,AL
santajo01,Player of the Week,2007,AL
santajo01,Player of the Week,2008,NL
santajo01,Player of the Week,2012,NL
santajo01,This Year in Baseball Starter of the Year,2004,ML
santajo01,TSN All-Star,2004,AL
santajo01,TSN Pitcher of the Year,2004,AL
santajo01,TSN Pitcher of the Year,2006,AL
santibe01,Gold Glove,1988,NL
santibe01,Gold Glove,1989,NL
santibe01,Gold Glove,1990,NL
santibe01,NLCS MVP,2002,NL
santibe01,Rookie of the Year,1987,NL
santibe01,Silver Slugger,1987,NL
santibe01,Silver Slugger,1988,NL
santibe01,Silver Slugger,1990,NL
santibe01,Silver Slugger,1991,NL
santibe01,TSN All-Star,1987,NL
santibe01,TSN All-Star,1989,NL
santibe01,TSN All-Star,1991,NL
santibe01,TSN Rookie Player of the Year,1987,NL
santoro01,Gold Glove,1964,NL
santoro01,Gold Glove,1965,NL
santoro01,Gold Glove,1966,NL
santoro01,Gold Glove,1967,NL
santoro01,Gold Glove,1968,NL
santoro01,Lou Gehrig Memorial Award,1973,ML
santoro01,Player of the Week,1973,NL
santoro01,TSN All-Star,1966,NL
santoro01,TSN All-Star,1967,NL
santoro01,TSN All-Star,1968,NL
santoro01,TSN All-Star,1969,NL
santoro01,TSN All-Star,1972,NL
sasakka01,Player of the Week,2001,AL
sasakka01,Rookie of the Year,2000,AL
sasakka01,TSN Rookie Pitcher of the Year,2000,AL
sauerha01,Most Valuable Player,1952,NL
sauerha01,TSN All-Star,1952,ML
sauerha01,TSN Player of the Year,1952,NL
saxst01,Player of the Month,1986,NL
saxst01,Rookie of the Year,1982,NL
saxst01,Silver Slugger,1986,NL
saxst01,TSN All-Star,1986,NL
schalra01,Baseball Magazine All-Star,1914,AL
schalra01,Baseball Magazine All-Star,1915,AL
schalra01,Baseball Magazine All-Star,1916,AL
schalra01,Baseball Magazine All-Star,1916,ML
schalra01,Baseball Magazine All-Star,1917,AL
schanwa01,Baseball Magazine All-Star,1913,AL
schanwa01,Baseball Magazine All-Star,1914,AL
schanwa01,Baseball Magazine All-Star,1914,ML
scheiri01,TSN All-Star,1972,AL
scherma01,All-MLB Team - First Team,2019,ML
scherma01,All-MLB Team - First Team,2021,ML
scherma01,All-MLB Team - Second Team,2022,ML
scherma01,Cy Young Award,2013,AL
scherma01,Cy Young Award,2016,NL
scherma01,Cy Young Award,2017,NL
scherma01,MLB Players Choice Outstanding Pitcher,2013,AL
scherma01,MLB Players Choice Outstanding Pitcher,2017,NL
scherma01,MLB Players Choice Outstanding Pitcher,2021,NL
scherma01,Pitcher of the Month,2015,NL
scherma01,Pitcher of the Month,2015,NL
scherma01,Pitcher of the Month,2017,NL
scherma01,Pitcher of the Month,2018,NL
scherma01,Pitcher of the Month,2018,NL
scherma01,Pitcher of the Month,2019,NL
scherma01,Player of the Week,2013,AL
scherma01,Player of the Week,2015,NL
scherma01,Player of the Week,2015,NL
scherma01,Player of the Week,2018,NL
scherma01,Player of the Week,2019,NL
scherma01,Player of the Week,2021,NL
scherma01,This Year in Baseball Best Performance,2015,ML
scherma01,This Year in Baseball Best Performance,2016,ML
scherma01,This Year in Baseball Best Pitcher,2016,ML
scherma01,TSN All-Star,2016,NL
scherma01,TSN All-Star,2017,NL
scherma01,TSN All-Star,2021,NL
scherma01,TSN Pitcher of the Year,2016,NL
scherma01,TSN Pitcher of the Year,2017,NL
scherma01,TSN Pitcher of the Year,2021,NL
schilcu01,Babe Ruth Award,2001,NL
schilcu01,Branch Rickey Award,2001,ML
schilcu01,Hutch Award,2001,ML
schilcu01,Lou Gehrig Memorial Award,1995,ML
schilcu01,MLB Players Choice Outstanding Pitcher,2001,NL
schilcu01,MLB Players Choice Outstanding Pitcher,2002,NL
schilcu01,NLCS MVP,1993,NL
schilcu01,Pitcher of the Month,1999,NL
schilcu01,Pitcher of the Month,2001,NL
schilcu01,Pitcher of the Month,2002,NL
schilcu01,Pitcher of the Month,2002,NL
schilcu01,Player of the Week,2001,NL
schilcu01,Player of the Week,2001,NL
schilcu01,Player of the Week,2003,NL
schilcu01,Roberto Clemente Award,2001,ML
schilcu01,TSN All-Star,2001,NL
schilcu01,TSN All-Star,2002,NL
schilcu01,TSN Pitcher of the Year,2001,NL
schilcu01,TSN Pitcher of the Year,2002,NL
schilcu01,World Series MVP,2001,ML
schimry01,Rookie of the Month,2016,NL
schmija01,MLB Players Choice Outstanding Pitcher,2004,NL
schmija01,Pitcher of the Month,2004,NL
schmija01,Pitcher of the Month,2006,NL
schmija01,Player of the Week,2002,NL
schmija01,TSN All-Star,2004,NL
schmija01,TSN Pitcher of the Year,2004,NL
schmijo01,Baseball Magazine All-Star,1948,NL
schmimi01,Gold Glove,1976,NL
schmimi01,Gold Glove,1977,NL
schmimi01,Gold Glove,1978,NL
schmimi01,Gold Glove,1979,NL
schmimi01,Gold Glove,1980,NL
schmimi01,Gold Glove,1981,NL
schmimi01,Gold Glove,1982,NL
schmimi01,Gold Glove,1983,NL
schmimi01,Gold Glove,1984,NL
schmimi01,Gold Glove,1986,NL
schmimi01,Lou Gehrig Memorial Award,1983,ML
schmimi01,Most Valuable Player,1980,NL
schmimi01,Most Valuable Player,1981,NL
schmimi01,Most Valuable Player,1986,NL
schmimi01,Player of the Month,1976,NL
schmimi01,Player of the Month,1979,NL
schmimi01,Player of the Month,1980,NL
schmimi01,Player of the Month,1981,NL
schmimi01,Player of the Month,1982,NL
schmimi01,Player of the Week,1974,NL
schmimi01,Player of the Week,1976,NL
schmimi01,Player of the Week,1980,NL
schmimi01,Player of the Week,1984,NL
schmimi01,Player of the Week,1986,NL
schmimi01,Player of the Week,1987,NL
schmimi01,Silver Slugger,1980,NL
schmimi01,Silver Slugger,1981,NL
schmimi01,Silver Slugger,1982,NL
schmimi01,Silver Slugger,1983,NL
schmimi01,Silver Slugger,1984,NL
schmimi01,Silver Slugger,1986,NL
schmimi01,TSN All-Star,1974,NL
schmimi01,TSN All-Star,1976,NL
schmimi01,TSN All-Star,1977,NL
schmimi01,TSN All-Star,1979,NL
schmimi01,TSN All-Star,1980,NL
schmimi01,TSN All-Star,1981,NL
schmimi01,TSN All-Star,1982,NL
schmimi01,TSN All-Star,1983,NL
schmimi01,TSN All-Star,1984,NL
schmimi01,TSN All-Star,1986,NL
schmimi01,TSN Player of the Year,1980,NL
schmimi01,TSN Player of the Year,1986,NL
schmimi01,World Series MVP,1980,ML
schmiwa01,Baseball Magazine All-Star,1920,NL
schmiwa01,Baseball Magazine All-Star,1921,NL
schoere01,TSN All-Star,1953,ML
schoere01,TSN All-Star,1957,ML
schoojo01,Player of the Week,2017,AL
schoojo01,Player of the Week,2018,AL
schoupe01,TSN All-Star,1995,NL
schulfr01,Baseball Magazine All-Star,1908,NL
schulfr01,Baseball Magazine All-Star,1910,NL
schulfr01,Baseball Magazine All-Star,1911,NL
schulfr01,Most Valuable Player,1911,NL
schumha02,Baseball Magazine All-Star,1934,NL
schwado01,Rookie of the Year,1961,AL
schwado01,TSN Rookie of the Year,1961,AL
schwaky01,All-MLB Team - Second Team,2022,ML
schwaky01,All-MLB Team - Second Team,2025,ML
schwaky01,All-Star Game MVP,2025,ML
schwaky01,Player of the Month,2021,NL
schwaky01,Player of the Month,2022,NL
schwaky01,Player of the Week,2021,NL
schwaky01,Player of the Week,2024,NL
schwaky01,Player of the Week,2025,NL
schwaky01,Silver Slugger,2022,NL
schwifr01,Player of the Week,2021,NL
schwifr01,Rookie of the Month,2021,NL
schwifr01,Rookie of the Month,2021,NL
sciosmi01,TSN All-Star,1990,NL
scorehe01,Rookie of the Year,1955,AL
scorehe01,TSN Rookie of the Year,1955,AL
scottev01,Baseball Magazine All-Star,1920,AL
scottev01,Baseball Magazine All-Star,1922,AL
scottge02,Gold Glove,1967,AL
scottge02,Gold Glove,1968,AL
scottge02,Gold Glove,1971,AL
scottge02,Gold Glove,1972,AL
scottge02,Gold Glove,1973,AL
scottge02,Gold Glove,1974,AL
scottge02,Gold Glove,1975,AL
scottge02,Gold Glove,1976,AL
scottge02,Player of the Week,1975,AL
scottge02,Player of the Week,1976,AL
scottji01,Baseball Magazine All-Star,1915,AL
scottlu01,Player of the Week,2008,AL
scottlu01,Player of the Week,2009,AL
scottlu01,Player of the Week,2010,AL
scottmi03,Cy Young Award,1986,NL
scottmi03,NLCS MVP,1986,NL
scottmi03,Pitcher of the Month,1989,NL
scottmi03,Player of the Week,1986,NL
scottmi03,Player of the Week,1987,NL
scottmi03,Player of the Week,1988,NL
scottmi03,TSN All-Star,1986,NL
scottmi03,TSN All-Star,1989,NL
scottmi03,TSN Pitcher of the Year,1986,NL
scottta01,Reliever of the Month,2023,NL
scottta01,Reliever of the Month,2024,NL
scutama01,NLCS MVP,2012,NL
seageco01,All-MLB Team - First Team,2023,ML
seageco01,All-MLB Team - Second Team,2020,ML
seageco01,MLB Players Choice Outstanding Rookie,2016,NL
seageco01,NLCS MVP,2020,NL
seageco01,Player of the Week,2019,NL
seageco01,Player of the Week,2022,AL
seageco01,Player of the Week,2023,NL
seageco01,Rookie of the Month,2016,NL
seageco01,Rookie of the Year,2016,NL
seageco01,Silver Slugger,2016,NL
seageco01,Silver Slugger,2017,NL
seageco01,Silver Slugger,2023,AL
seageco01,This Year in Baseball Best Rookie,2016,ML
seageco01,TSN All-Star,2016,NL
seageco01,TSN All-Star,2017,NL
seageco01,TSN All-Star,2023,AL
seageco01,TSN Rookie of the Year,2016,NL
seageco01,World Series MVP,2020,ML
seageco01,World Series MVP,2023,ML
seageky01,Gold Glove,2014,AL
seageky01,Player of the Week,2014,AL
seageky01,Player of the Week,2014,AL
seaveto01,Bob Feller Act of Valor Award - HOF Player,2017,ML
seaveto01,Cy Young Award,1969,NL
seaveto01,Cy Young Award,1973,NL
seaveto01,Cy Young Award,1975,NL
seaveto01,Pitcher of the Month,1975,NL
seaveto01,Pitcher of the Month,1977,NL
seaveto01,Pitcher of the Month,1977,NL
seaveto01,Pitcher of the Month,1981,NL
seaveto01,Player of the Week,1973,NL
seaveto01,Player of the Week,1975,NL
seaveto01,Player of the Week,1975,NL
seaveto01,Player of the Week,1977,NL
seaveto01,Player of the Week,1978,NL
seaveto01,Player of the Week,1979,NL
seaveto01,Player of the Week,1985,AL
seaveto01,Rookie of the Year,1967,NL
seaveto01,TSN All-Star,1969,NL
seaveto01,TSN All-Star,1973,NL
seaveto01,TSN All-Star,1975,NL
seaveto01,TSN All-Star,1981,NL
seaveto01,TSN Pitcher of the Year,1969,NL
seaveto01,TSN Pitcher of the Year,1975,NL
seguida01,Player of the Week,1996,NL
seguida01,Player of the Week,1998,AL
segurje01,Player of the Week,2013,NL
seitzke01,Player of the Week,1987,AL
seleaa01,TSN Rookie Pitcher of the Year,1993,AL
semiema01,All-MLB Team - First Team,2021,ML
semiema01,All-MLB Team - First Team,2023,ML
semiema01,All-MLB Team - Second Team,2019,ML
semiema01,Gold Glove,2021,AL
semiema01,Gold Glove,2025,AL
semiema01,MLB Players Choice Man of the Year,2021,ML
semiema01,MLB Players Choice Man of the Year,2023,ML
semiema01,Player of the Month,2021,AL
semiema01,Player of the Week,2019,AL
semiema01,Player of the Week,2024,AL
semiema01,Silver Slugger,2021,AL
semiema01,Silver Slugger,2023,AL
semiema01,TSN All-Star,2019,AL
semiema01,TSN All-Star,2021,AL
semiema01,TSN All-Star,2023,AL
senzaan01,Rookie of the Month,2017,NL
senzeni01,Player of the Week,2023,NL
seweljo01,Baseball Magazine All-Star,1923,AL
seweljo01,Baseball Magazine All-Star,1924,AL
seweljo01,Baseball Magazine All-Star,1925,AL
seweljo01,Baseball Magazine All-Star,1926,AL
seweljo01,Baseball Magazine All-Star,1927,AL
seweljo01,Baseball Magazine All-Star,1928,AL
seweljo01,Baseball Magazine All-Star,1928,ML
seweljo01,TSN All-Star,1926,ML
sewelri01,Baseball Magazine All-Star,1943,ML
sewelri01,Baseball Magazine All-Star,1943,NL
sewelri01,TSN All-Star,1943,ML
sexsori01,Player of the Week,2002,NL
shantbo01,Gold Glove,1957,ML
shantbo01,Gold Glove,1958,AL
shantbo01,Gold Glove,1959,AL
shantbo01,Gold Glove,1960,AL
shantbo01,Gold Glove,1961,NL
shantbo01,Gold Glove,1962,NL
shantbo01,Gold Glove,1963,NL
shantbo01,Gold Glove,1964,NL
shantbo01,Most Valuable Player,1952,AL
shantbo01,TSN All-Star,1952,ML
shantbo01,TSN Pitcher of the Year,1952,AL
shawje01,Pitcher of the Month,1997,NL
shawje01,Reliever of the Year Award,1997,NL
shawje01,TSN Fireman of the Year,1997,NL
sheetbe01,Pitcher of the Month,2007,NL
sheetbe01,Player of the Week,2004,NL
sheetbe01,Rookie of the Month,2001,NL
sheffga01,Player of the Month,1992,NL
sheffga01,Player of the Week,1992,NL
sheffga01,Player of the Week,1993,NL
sheffga01,Player of the Week,1994,NL
sheffga01,Player of the Week,1995,NL
sheffga01,Player of the Week,1996,NL
sheffga01,Player of the Week,2000,NL
sheffga01,Player of the Week,2000,NL
sheffga01,Player of the Week,2001,NL
sheffga01,Player of the Week,2003,NL
sheffga01,Player of the Week,2004,AL
sheffga01,Player of the Week,2005,AL
sheffga01,Player of the Week,2007,AL
sheffga01,Silver Slugger,1992,NL
sheffga01,Silver Slugger,1996,NL
sheffga01,Silver Slugger,2003,NL
sheffga01,Silver Slugger,2004,AL
sheffga01,Silver Slugger,2005,AL
sheffga01,TSN All-Star,1992,NL
sheffga01,TSN All-Star,1996,NL
sheffga01,TSN All-Star,2003,NL
sheffga01,TSN Comeback Player of the Year,1992,NL
sheffga01,TSN Major League Player of the Year,1992,ML
sheltch01,Player of the Week,2006,AL
sherdbi01,Baseball Magazine All-Star,1928,NL
sheripa01,Player of the Week,1988,AL
sherrla01,Babe Ruth Award,1959,NL
sherrla01,World Series MVP,1959,ML
shielja02,Player of the Week,2008,AL
shielja02,Player of the Week,2011,AL
shielja02,Player of the Week,2011,AL
shielja02,Player of the Week,2012,AL
shirlbo01,Player of the Week,1985,AL
shockur01,Baseball Magazine All-Star,1920,AL
shockur01,Baseball Magazine All-Star,1921,AL
shockur01,Baseball Magazine All-Star,1922,AL
shockur01,Baseball Magazine All-Star,1923,AL
shoemma01,Pitcher of the Month,2014,AL
shoemma01,Player of the Week,2016,AL
shoemma01,Rookie of the Month,2014,AL
siebeno01,Gold Glove,1958,AL
siebeno01,TSN All-Star,1962,AL
sierrru01,MLB Players Choice Comeback Player,2001,AL
sierrru01,Player of the Month,1989,AL
sierrru01,Player of the Month,1991,AL
sierrru01,Player of the Week,1991,AL
sierrru01,Player of the Week,2004,AL
sierrru01,Silver Slugger,1989,AL
sierrru01,TSN All-Star,1989,AL
sierrru01,TSN Comeback Player of the Year,2001,AL
sierrru01,TSN Player of the Year,1989,AL
sievero01,Rookie of the Year,1949,AL
sievero01,TSN Rookie of the Year,1949,AL
simmoal01,Baseball Magazine All-Star,1925,AL
simmoal01,Baseball Magazine All-Star,1925,ML
simmoal01,Baseball Magazine All-Star,1927,AL
simmoal01,Baseball Magazine All-Star,1927,ML
simmoal01,Baseball Magazine All-Star,1928,AL
simmoal01,Baseball Magazine All-Star,1929,AL
simmoal01,Baseball Magazine All-Star,1929,ML
simmoal01,Baseball Magazine All-Star,1930,AL
simmoal01,Baseball Magazine All-Star,1930,ML
simmoal01,Baseball Magazine All-Star,1931,AL
simmoal01,Baseball Magazine All-Star,1931,ML
simmoal01,Baseball Magazine All-Star,1932,AL
simmoal01,Baseball Magazine All-Star,1933,AL
simmoal01,Baseball Magazine All-Star,1933,ML
simmoal01,Baseball Magazine All-Star,1934,AL
simmoal01,Baseball Magazine All-Star,1934,ML
simmoal01,TSN All-Star,1927,ML
simmoal01,TSN All-Star,1929,ML
simmoal01,TSN All-Star,1930,ML
simmoal01,TSN All-Star,1931,ML
simmoal01,TSN All-Star,1933,ML
simmoal01,TSN All-Star,1934,ML
simmoal01,TSN Guide MVP,1929,AL
simmoan01,Gold Glove,2013,NL
simmoan01,Gold Glove,2014,NL
simmoan01,Gold Glove,2017,AL
simmoan01,Gold Glove,2018,AL
simmoan01,Platinum Glove,2013,NL
simmoan01,Rookie of the Month,2012,NL
simmoan01,This Year in Baseball Defensive Player of the Year,2014,ML
simmote01,Player of the Week,1974,NL
simmote01,Player of the Week,1974,NL
simmote01,Player of the Week,1977,NL
simmote01,Player of the Week,1978,NL
simmote01,Player of the Week,1979,NL
simmote01,Silver Slugger,1980,NL
simmote01,TSN All-Star,1977,NL
simmote01,TSN All-Star,1978,NL
simmote01,TSN All-Star,1979,NL
simonja01,Rookie of the Month,2002,NL
simonra01,Player of the Week,2002,AL
singlch01,Player of the Week,2000,AL
singlke01,Player of the Month,1981,AL
singlke01,Player of the Week,1975,AL
singlke01,Player of the Week,1981,AL
singlke01,Roberto Clemente Award,1982,ML
singlke01,TSN All-Star,1979,AL
sislege01,Baseball Magazine All-Star,1916,AL
sislege01,Baseball Magazine All-Star,1917,AL
sislege01,Baseball Magazine All-Star,1917,ML
sislege01,Baseball Magazine All-Star,1918,AL
sislege01,Baseball Magazine All-Star,1918,ML
sislege01,Baseball Magazine All-Star,1919,AL
sislege01,Baseball Magazine All-Star,1919,ML
sislege01,Baseball Magazine All-Star,1920,AL
sislege01,Baseball Magazine All-Star,1920,ML
sislege01,Baseball Magazine All-Star,1921,AL
sislege01,Baseball Magazine All-Star,1921,ML
sislege01,Baseball Magazine All-Star,1922,AL
sislege01,Baseball Magazine All-Star,1922,ML
sislege01,Baseball Magazine All-Star,1925,AL
sislege01,Baseball Magazine All-Star,1925,ML
sislege01,Most Valuable Player,1922,AL
sizemgr01,Gold Glove,2007,AL
sizemgr01,Gold Glove,2008,AL
sizemgr01,Silver Slugger,2008,AL
sizemte01,Rookie of the Year,1969,NL
skenepa01,All-MLB Team - First Team,2024,ML
skenepa01,All-MLB Team - First Team,2025,ML
skenepa01,Cy Young Award,2025,NL
skenepa01,Pitcher of the Month,2025,NL
skenepa01,Rookie of the Month,2024,NL
skenepa01,Rookie of the Year,2024,NL
skenepa01,TSN All-Star,2025,NL
skowrbi01,TSN All-Star,1960,ML
skubata01,All-MLB Team - First Team,2024,ML
skubata01,All-MLB Team - First Team,2025,ML
skubata01,Cy Young Award,2024,AL
skubata01,Cy Young Award,2025,AL
skubata01,MLB Players Choice Outstanding Pitcher,2024,AL
skubata01,Pitcher of the Month,2023,AL
skubata01,Player of the Week,2025,AL
skubata01,Triple Crown,2024,NL
skubata01,TSN All-Star,2024,AL
skubata01,TSN All-Star,2025,AL
skubata01,TSN Pitcher of the Year,2024,AL
slatoji01,Player of the Week,1976,AL
slaugen01,Baseball Magazine All-Star,1941,NL
slaugen01,Baseball Magazine All-Star,1942,ML
slaugen01,Baseball Magazine All-Star,1942,NL
slaugen01,Baseball Magazine All-Star,1946,ML
slaugen01,Baseball Magazine All-Star,1946,NL
slaugen01,Baseball Magazine All-Star,1947,ML
slaugen01,Baseball Magazine All-Star,1947,NL
slaugen01,Baseball Magazine All-Star,1948,NL
slaugen01,Baseball Magazine All-Star,1949,NL
slaugen01,TSN All-Star,1942,ML
slaugen01,TSN All-Star,1946,ML
slaugen01,TSN Player of the Year,1949,NL
sledgte01,Rookie of the Month,2004,NL
slocuhe01,Pitcher of the Month,1995,NL
smallro02,Player of the Week,1979,AL
smallro02,Player of the Week,1981,AL
smallro02,TSN All-Star,1979,AL
smilejo01,Pitcher of the Month,1992,AL
smithal03,Baseball Magazine All-Star,1943,AL
smithbu02,Player of the Week,2001,NL
smithbu02,Rookie of the Month,2001,NL
smithca05,Reliever of the Month,2025,AL
smithea02,Baseball Magazine All-Star,1925,NL
smithea02,Baseball Magazine All-Star,1926,ML
smithea02,Baseball Magazine All-Star,1926,NL
smithjo09,Player of the Week,2025,AL
smithle02,Pitcher of the Month,1991,NL
smithle02,Player of the Week,1991,NL
smithle02,Player of the Week,1992,NL
smithle02,Player of the Week,1993,NL
smithle02,Reliever of the Year Award,1991,NL
smithle02,Reliever of the Year Award,1992,NL
smithle02,Reliever of the Year Award,1994,AL
smithle02,TSN Fireman of the Year,1983,NL
smithle02,TSN Fireman of the Year,1991,NL
smithle02,TSN Fireman of the Year,1992,NL
smithle02,TSN Fireman of the Year,1994,AL
smithlo01,Player of the Week,1982,NL
smithlo01,TSN All-Star,1982,NL
smithlo01,TSN Comeback Player of the Year,1989,NL
smithlo01,TSN Rookie Player of the Year,1980,NL
smithoz01,Branch Rickey Award,1994,ML
smithoz01,Gold Glove,1980,NL
smithoz01,Gold Glove,1981,NL
smithoz01,Gold Glove,1982,NL
smithoz01,Gold Glove,1983,NL
smithoz01,Gold Glove,1984,NL
smithoz01,Gold Glove,1985,NL
smithoz01,Gold Glove,1986,NL
smithoz01,Gold Glove,1987,NL
smithoz01,Gold Glove,1988,NL
smithoz01,Gold Glove,1989,NL
smithoz01,Gold Glove,1990,NL
smithoz01,Gold Glove,1991,NL
smithoz01,Gold Glove,1992,NL
smithoz01,Lou Gehrig Memorial Award,1989,ML
smithoz01,NLCS MVP,1985,NL
smithoz01,Roberto Clemente Award,1995,ML
smithoz01,Silver Slugger,1987,NL
smithoz01,TSN All-Star,1982,NL
smithoz01,TSN All-Star,1984,NL
smithoz01,TSN All-Star,1985,NL
smithoz01,TSN All-Star,1986,NL
smithoz01,TSN All-Star,1987,NL
smithre06,Gold Glove,1968,AL
smithre06,Player of the Week,1975,NL
smithre06,Player of the Week,1976,NL
smithre06,Player of the Week,1982,NL
smithre06,TSN All-Star,1970,AL
smithse01,Player of the Week,2009,NL
smithse01,Player of the Week,2014,NL
smithwi05,All-MLB Team - Second Team,2022,ML
smithwi05,All-MLB Team - Second Team,2025,ML
smithwi05,TSN All-Star,2023,NL
smithwi05,TSN All-Star,2025,NL
smithza01,TSN All-Star,1987,NL
smoakju01,Player of the Week,2012,AL
smoakju01,Player of the Week,2018,AL
smoltjo01,Branch Rickey Award,2007,ML
smoltjo01,Cy Young Award,1996,NL
smoltjo01,Lou Gehrig Memorial Award,2005,ML
smoltjo01,MLB Players Choice Comeback Player,2002,NL
smoltjo01,MLB Players Choice Man of the Year,2002,ML
smoltjo01,MLB Players Choice Man of the Year,2003,ML
smoltjo01,MLB Players Choice Outstanding Pitcher,1996,NL
smoltjo01,NLCS MVP,1992,NL
smoltjo01,Pitcher of the Month,1996,NL
smoltjo01,Pitcher of the Month,1996,NL
smoltjo01,Pitcher of the Month,1999,NL
smoltjo01,Player of the Week,1997,NL
smoltjo01,Player of the Week,2004,NL
smoltjo01,Player of the Week,2005,NL
smoltjo01,Reliever of the Year Award,2002,NL
smoltjo01,Roberto Clemente Award,2005,ML
smoltjo01,Silver Slugger,1997,NL
smoltjo01,This Year in Baseball Closer of the Year,2002,ML
smoltjo01,TSN All-Star,1996,NL
smoltjo01,TSN Pitcher of the Year,1996,NL
smoltjo01,TSN Reliever of the Year,2002,NL
snellbl01,All-MLB Team - First Team,2023,ML
snellbl01,Cy Young Award,2018,AL
snellbl01,Cy Young Award,2023,NL
snellbl01,MLB Players Choice Outstanding Pitcher,2018,AL
snellbl01,MLB Players Choice Outstanding Pitcher,2023,NL
snellbl01,Pitcher of the Month,2018,AL
snellbl01,Pitcher of the Month,2018,AL
snellbl01,Pitcher of the Month,2023,NL
snellbl01,Pitcher of the Month,2023,NL
snellbl01,Pitcher of the Month,2024,NL
snellbl01,Player of the Week,2024,NL
snellbl01,TSN All-Star,2023,NL
snellbl01,TSN Pitcher of the Year,2023,NL
snidedu01,Baseball Magazine All-Star,1950,NL
snidedu01,TSN All-Star,1953,ML
snidedu01,TSN All-Star,1954,ML
snidedu01,TSN All-Star,1955,ML
snidedu01,TSN Major League Player of the Year,1955,ML
snidedu01,TSN Player of the Year,1955,NL
snowjt01,Gold Glove,1995,AL
snowjt01,Gold Glove,1996,AL
snowjt01,Gold Glove,1997,NL
snowjt01,Gold Glove,1998,NL
snowjt01,Gold Glove,1999,NL
snowjt01,Gold Glove,2000,NL
snowjt01,Player of the Week,1993,AL
snowjt01,Player of the Week,1993,AL
snowjt01,Player of the Week,1997,NL
snowjt01,Player of the Week,1999,NL
snydeco02,Player of the Month,1992,NL
snydeco02,Player of the Week,1992,NL
snydefr01,Baseball Magazine All-Star,1915,ML
snydefr01,Baseball Magazine All-Star,1915,NL
snydefr01,Baseball Magazine All-Star,1922,NL
soderer01,TSN Comeback Player of the Year,1977,AL
solando01,Silver Slugger,2020,NL
solando01,TSN All-Star,2020,NL
solerjo01,Player of the Week,2019,AL
solerjo01,World Series MVP,2021,ML
sorenla01,Player of the Week,1978,AL
soriaal01,All-Star Game MVP,2004,ML
soriaal01,Player of the Month,2003,AL
soriaal01,Player of the Month,2003,AL
soriaal01,Player of the Month,2007,NL
soriaal01,Player of the Week,2002,AL
soriaal01,Player of the Week,2003,AL
soriaal01,Player of the Week,2003,AL
soriaal01,Player of the Week,2005,AL
soriaal01,Player of the Week,2007,NL
soriaal01,Player of the Week,2008,NL
soriaal01,Player of the Week,2013,AL
soriaal01,Silver Slugger,2002,AL
soriaal01,Silver Slugger,2004,AL
soriaal01,Silver Slugger,2005,AL
soriaal01,Silver Slugger,2006,NL
soriaal01,TSN All-Star,2002,AL
soriaal01,TSN All-Star,2004,AL
soriaal01,TSN All-Star,2006,NL
soriajo01,Reliever of the Month,2008,ML
soriajo01,Reliever of the Month,2009,ML
soriara01,Reliever of the Month,2010,ML
soriara01,Reliever of the Month,2010,ML
soriara01,Reliever of the Month,2010,ML
soriara01,Reliever of the Year Award,2010,AL
soriara01,Rookie of the Month,2003,AL
soriara01,TSN Reliever of the Year,2010,AL
soriara01,TSN Rookie Pitcher of the Year,2003,AL
sorokmi01,All-MLB Team - Second Team,2019,ML
sosasa01,Hank Aaron Award,1999,NL
sosasa01,MLB Players Choice Man of the Year,1999,ML
sosasa01,MLB Players Choice Outstanding Player,1998,NL
sosasa01,Most Valuable Player,1998,NL
sosasa01,Player of the Month,1996,NL
sosasa01,Player of the Month,1998,NL
sosasa01,Player of the Month,1999,NL
sosasa01,Player of the Month,2000,NL
sosasa01,Player of the Month,2001,NL
sosasa01,Player of the Week,1993,NL
sosasa01,Player of the Week,1995,NL
sosasa01,Player of the Week,1995,NL
sosasa01,Player of the Week,1996,NL
sosasa01,Player of the Week,1997,NL
sosasa01,Player of the Week,1998,NL
sosasa01,Player of the Week,1998,NL
sosasa01,Player of the Week,1998,NL
sosasa01,Player of the Week,2001,NL
sosasa01,Player of the Week,2002,NL
sosasa01,Player of the Week,2003,NL
sosasa01,Roberto Clemente Award,1998,ML
sosasa01,Silver Slugger,1995,NL
sosasa01,Silver Slugger,1998,NL
sosasa01,Silver Slugger,1999,NL
sosasa01,Silver Slugger,2000,NL
sosasa01,Silver Slugger,2001,NL
sosasa01,Silver Slugger,2002,NL
sosasa01,TSN All-Star,1995,NL
sosasa01,TSN All-Star,1998,NL
sosasa01,TSN All-Star,1999,NL
sosasa01,TSN All-Star,2000,NL
sosasa01,TSN All-Star,2001,NL
sosasa01,TSN All-Star,2002,NL
sosasa01,TSN Major League Player of the Year,1998,ML
sotoge01,MLB Players Choice Outstanding Rookie,2008,NL
sotoge01,Rookie of the Month,2008,NL
sotoge01,Rookie of the Month,2008,NL
sotoge01,Rookie of the Year,2008,NL
sotoge01,TSN Rookie of the Year,2008,NL
sotoju01,All-MLB Team - First Team,2020,ML
sotoju01,All-MLB Team - First Team,2021,ML
sotoju01,All-MLB Team - First Team,2024,ML
sotoju01,All-MLB Team - First Team,2025,ML
sotoju01,All-MLB Team - Second Team,2019,ML
sotoju01,Babe Ruth Award,2019,ML
sotoju01,Player of the Week,2020,NL
sotoju01,Player of the Week,2023,NL
sotoju01,Player of the Week,2024,AL
sotoju01,Player of the Week,2024,AL
sotoju01,Rookie of the Month,2018,NL
sotoju01,Rookie of the Month,2018,NL
sotoju01,Rookie of the Month,2018,NL
sotoju01,Silver Slugger,2020,NL
sotoju01,Silver Slugger,2021,NL
sotoju01,Silver Slugger,2022,NL
sotoju01,Silver Slugger,2023,NL
sotoju01,Silver Slugger,2024,AL
sotoju01,Silver Slugger,2025,NL
sotoju01,TSN All-Star,2020,NL
sotoju01,TSN All-Star,2021,NL
sotoju01,TSN All-Star,2022,NL
sotoju01,TSN All-Star,2023,NL
sotoju01,TSN All-Star,2024,AL
sotoju01,TSN All-Star,2025,NL
souzast01,Player of the Week,2017,AL
souzast01,This Year in Baseball Play of the Year,2014,ML
spahnwa01,Baseball Magazine All-Star,1947,NL
spahnwa01,Baseball Magazine All-Star,1949,ML
spahnwa01,Baseball Magazine All-Star,1949,NL
spahnwa01,Baseball Magazine All-Star,1950,ML
spahnwa01,Baseball Magazine All-Star,1950,NL
spahnwa01,Cy Young Award,1957,ML
spahnwa01,Lou Gehrig Memorial Award,1961,ML
spahnwa01,TSN All-Star,1953,ML
spahnwa01,TSN All-Star,1957,ML
spahnwa01,TSN All-Star,1958,ML
spahnwa01,TSN All-Star,1960,ML
spahnwa01,TSN All-Star,1961,NL
spahnwa01,TSN Pitcher of the Year,1953,NL
spahnwa01,TSN Pitcher of the Year,1957,NL
spahnwa01,TSN Pitcher of the Year,1958,NL
spahnwa01,TSN Pitcher of the Year,1961,NL
sparkst02,Pitcher of the Month,2000,AL
speaktr01,Baseball Magazine All-Star,1909,AL
speaktr01,Baseball Magazine All-Star,1909,ML
speaktr01,Baseball Magazine All-Star,1910,AL
speaktr01,Baseball Magazine All-Star,1910,ML
speaktr01,Baseball Magazine All-Star,1912,AL
speaktr01,Baseball Magazine All-Star,1912,ML
speaktr01,Baseball Magazine All-Star,1913,AL
speaktr01,Baseball Magazine All-Star,1913,ML
speaktr01,Baseball Magazine All-Star,1914,AL
speaktr01,Baseball Magazine All-Star,1914,ML
speaktr01,Baseball Magazine All-Star,1915,AL
speaktr01,Baseball Magazine All-Star,1915,ML
speaktr01,Baseball Magazine All-Star,1916,AL
speaktr01,Baseball Magazine All-Star,1916,ML
speaktr01,Baseball Magazine All-Star,1917,AL
speaktr01,Baseball Magazine All-Star,1917,ML
speaktr01,Baseball Magazine All-Star,1918,AL
speaktr01,Baseball Magazine All-Star,1918,ML
speaktr01,Baseball Magazine All-Star,1920,AL
speaktr01,Baseball Magazine All-Star,1920,ML
speaktr01,Baseball Magazine All-Star,1921,AL
speaktr01,Baseball Magazine All-Star,1921,ML
speaktr01,Baseball Magazine All-Star,1922,AL
speaktr01,Baseball Magazine All-Star,1922,ML
speaktr01,Baseball Magazine All-Star,1923,AL
speaktr01,Baseball Magazine All-Star,1923,ML
speaktr01,Most Valuable Player,1912,AL
speiech01,TSN All-Star,1972,NL
spencji01,Gold Glove,1970,AL
spencji01,Gold Glove,1977,AL
spencsh01,Player of the Week,1998,AL
spencst01,Baseball Magazine All-Star,1942,AL
spencst01,Baseball Magazine All-Star,1943,AL
spencst01,Baseball Magazine All-Star,1944,AL
spiezsc01,Player of the Week,2003,AL
springe01,Player of the Week,2017,AL
springe01,Player of the Week,2019,AL
springe01,Player of the Week,2021,AL
springe01,Player of the Week,2021,AL
springe01,Player of the Week,2021,AL
springe01,Player of the Week,2025,AL
springe01,Rookie of the Month,2014,AL
springe01,Silver Slugger,2017,AL
springe01,Silver Slugger,2019,AL
springe01,Silver Slugger,2025,AL
springe01,TSN All-Star,2019,AL
springe01,TSN All-Star,2020,AL
springe01,TSN All-Star,2025,AL
springe01,World Series MVP,2017,ML
squirmi01,Gold Glove,1981,AL
stairma01,Player of the Week,1997,AL
stallja01,Gold Glove,2021,NL
stammcr01,Bob Feller Act of Valor Award - MLB Player,2020,ML
stanaos01,Baseball Magazine All-Star,1911,AL
stanaos01,Baseball Magazine All-Star,1912,AL
stanked01,Baseball Magazine All-Star,1946,NL
stanked01,Baseball Magazine All-Star,1947,NL
stanlbo01,Pitcher of the Month,1980,AL
stanlbo01,Player of the Week,1980,AL
stanlbo01,Player of the Week,1983,AL
stanlmi01,Gold Glove,1968,AL
stanlmi01,Gold Glove,1969,AL
stanlmi01,Gold Glove,1970,AL
stanlmi01,Gold Glove,1973,AL
stanlmi02,Silver Slugger,1993,AL
stanlmi02,TSN All-Star,1993,AL
stantle01,Player of the Week,1975,AL
stantmi03,ALCS MVP,2024,AL
stantmi03,All-Star Game MVP,2022,AL
stantmi03,Hank Aaron Award,2014,NL
stantmi03,Hank Aaron Award,2017,NL
stantmi03,MLB Players Choice Outstanding Player,2014,NL
stantmi03,MLB Players Choice Outstanding Player,2017,NL
stantmi03,Most Valuable Player,2017,NL
stantmi03,Player of the Month,2012,NL
stantmi03,Player of the Month,2015,NL
stantmi03,Player of the Month,2017,NL
stantmi03,Player of the Week,2010,NL
stantmi03,Player of the Week,2012,NL
stantmi03,Player of the Week,2015,NL
stantmi03,Player of the Week,2016,NL
stantmi03,Player of the Week,2017,NL
stantmi03,Player of the Week,2017,NL
stantmi03,Player of the Week,2017,NL
stantmi03,Player of the Week,2021,AL
stantmi03,Silver Slugger,2014,NL
stantmi03,Silver Slugger,2017,NL
stantmi03,TSN All-Star,2017,NL
stargwi01,Babe Ruth Award,1979,NL
stargwi01,Hutch Award,1978,ML
stargwi01,Lou Gehrig Memorial Award,1974,ML
stargwi01,Most Valuable Player,1979,NL
stargwi01,NLCS MVP,1979,NL
stargwi01,Player of the Week,1973,NL
stargwi01,Player of the Week,1977,NL
stargwi01,Roberto Clemente Award,1974,ML
stargwi01,TSN All-Star,1965,NL
stargwi01,TSN All-Star,1966,NL
stargwi01,TSN All-Star,1971,NL
stargwi01,TSN All-Star,1972,NL
stargwi01,TSN Comeback Player of the Year,1978,NL
stargwi01,TSN Major League Player of the Year,1979,ML
stargwi01,World Series MVP,1979,ML
stassma01,Player of the Week,2021,AL
staubru01,Outstanding DH Award,1978,AL
staubru01,Player of the Week,1983,NL
staubru01,TSN All-Star,1978,AL
steersp01,Player of the Week,2024,NL
steersp01,Player of the Week,2025,NL
steersp01,Rookie of the Month,2023,NL
steinte01,All-Star Game MVP,1988,ML
stennre01,Player of the Week,1974,NL
stennre01,Player of the Week,1975,NL
stephga01,Pitcher of the Month,2000,NL
stephve01,Baseball Magazine All-Star,1942,AL
stephve01,Baseball Magazine All-Star,1942,ML
stephve01,Baseball Magazine All-Star,1944,AL
stephve01,Baseball Magazine All-Star,1945,AL
stephve01,Baseball Magazine All-Star,1945,ML
stephve01,Baseball Magazine All-Star,1949,AL
stephve01,Baseball Magazine All-Star,1949,ML
stewada01,ALCS MVP,1990,AL
stewada01,ALCS MVP,1993,AL
stewada01,Babe Ruth Award,1989,AL
stewada01,Pitcher of the Month,1988,AL
stewada01,Pitcher of the Month,1990,AL
stewada01,Pitcher of the Month,1990,AL
stewada01,Player of the Week,1990,AL
stewada01,Roberto Clemente Award,1990,ML
stewada01,TSN All-Star,1988,AL
stewada01,World Series MVP,1989,ML
stewaia01,Player of the Week,2009,NL
stewaia01,Rookie of the Month,2008,NL
stewash01,Player of the Week,1999,AL
stiebda01,Pitcher of the Month,1980,AL
stiebda01,Pitcher of the Month,1983,AL
stiebda01,Pitcher of the Month,1985,AL
stiebda01,Player of the Week,1980,AL
stiebda01,Player of the Week,1983,AL
stiebda01,Player of the Week,1990,AL
stiebda01,TSN All-Star,1982,AL
stiebda01,TSN Pitcher of the Year,1982,AL
stillku01,Player of the Week,1988,AL
stinsbo01,Player of the Week,1978,AL
stirnsn01,Baseball Magazine All-Star,1944,AL
stirnsn01,Baseball Magazine All-Star,1944,ML
stirnsn01,Baseball Magazine All-Star,1945,AL
stirnsn01,Baseball Magazine All-Star,1945,ML
stirnsn01,TSN All-Star,1945,ML
stockmi01,Baseball Magazine All-Star,1919,NL
stockmi01,Baseball Magazine All-Star,1922,NL
stoddti01,Pitcher of the Month,1980,AL
stonege01,Baseball Magazine All-Star,1908,AL
stonege01,Baseball Magazine All-Star,1910,AL
stonest01,Cy Young Award,1980,AL
stonest01,Pitcher of the Month,1980,AL
stonest01,Player of the Week,1980,AL
stonest01,TSN All-Star,1980,AL
stonest01,TSN Pitcher of the Year,1980,AL
storytr01,Player of the Week,2016,NL
storytr01,Player of the Week,2016,NL
storytr01,Player of the Week,2019,NL
storytr01,Player of the Week,2022,AL
storytr01,Player of the Week,2025,AL
storytr01,Rookie of the Month,2016,NL
storytr01,Silver Slugger,2018,NL
storytr01,Silver Slugger,2019,NL
storytr01,TSN All-Star,2018,NL
storytr01,TSN All-Star,2019,NL
stottme01,TSN All-Star,1965,AL
stottto01,Branch Rickey Award,2000,ML
stottto01,Lou Gehrig Memorial Award,2000,ML
stottto01,Player of the Week,1998,NL
stoweky01,Player of the Week,2025,NL
stoweky01,Player of the Week,2025,NL
strasst01,All-MLB Team - First Team,2019,ML
strasst01,Babe Ruth Award,2019,ML
strasst01,Pitcher of the Month,2012,NL
strasst01,Pitcher of the Month,2016,NL
strasst01,Pitcher of the Month,2017,NL
strasst01,Pitcher of the Month,2019,NL
strasst01,Player of the Week,2010,NL
strasst01,Player of the Week,2015,NL
strasst01,Silver Slugger,2012,NL
strasst01,World Series MVP,2019,ML
strawda01,Player of the Month,1987,NL
strawda01,Player of the Week,1984,NL
strawda01,Player of the Week,1985,NL
strawda01,Player of the Week,1985,NL
strawda01,Player of the Week,1990,NL
strawda01,Player of the Week,1991,NL
strawda01,Player of the Week,1998,AL
strawda01,Rookie of the Year,1983,NL
strawda01,Silver Slugger,1988,NL
strawda01,Silver Slugger,1990,NL
strawda01,TSN All-Star,1988,NL
strawda01,TSN All-Star,1990,NL
strawda01,TSN Rookie Player of the Year,1983,NL
strawmy01,Gold Glove,2022,AL
streega01,Baseball Magazine All-Star,1909,AL
streehu01,MLB Players Choice Outstanding Rookie,2005,AL
streehu01,Player of the Week,2009,NL
streehu01,Player of the Week,2013,NL
streehu01,Reliever of the Month,2011,ML
streehu01,Rookie of the Year,2005,AL
streehu01,TSN Rookie of the Year,2005,AL
stridsp01,All-MLB Team - First Team,2023,ML
stridsp01,MLB Players Choice Outstanding Rookie,2022,NL
stridsp01,Rookie of the Month,2022,NL
stridsp01,TSN Rookie of the Year,2022,NL
stromma01,Gold Glove,2017,AL
stromma01,Player of the Week,2023,AL
stuardi01,TSN All-Star,1964,AL
stubbdr01,Player of the Week,2012,NL
stubbfr01,Player of the Week,1986,NL
stubbfr01,Player of the Week,1990,NL
suareeu01,Player of the Month,2019,NL
suareeu01,Player of the Week,2025,NL
suareeu01,Player of the Week,2025,NL
suareeu01,Player of the Week,2025,NL
suareeu01,Player of the Week,2025,NL
suarera01,Pitcher of the Month,2024,NL
suarera01,Player of the Week,2025,NL
suarero01,Reliever of the Month,2024,NL
suarero01,Reliever of the Month,2025,NL
suhrgu01,Baseball Magazine All-Star,1936,NL
sullibi03,Baseball Magazine All-Star,1908,AL
sullibi03,Baseball Magazine All-Star,1909,AL
sundbji01,Gold Glove,1976,AL
sundbji01,Gold Glove,1977,AL
sundbji01,Gold Glove,1978,AL
sundbji01,Gold Glove,1979,AL
sundbji01,Gold Glove,1980,AL
sundbji01,Gold Glove,1981,AL
sundbji01,Player of the Week,1978,AL
sundbji01,TSN All-Star,1978,AL
sundbji01,TSN All-Star,1981,AL
suppaje01,NLCS MVP,2006,NL
surhobj01,Player of the Week,1995,AL
surhobj01,Player of the Week,1995,AL
sutclri01,Cy Young Award,1984,NL
sutclri01,Lou Gehrig Memorial Award,1987,ML
sutclri01,Pitcher of the Month,1982,AL
sutclri01,Pitcher of the Month,1984,NL
sutclri01,Player of the Week,1989,NL
sutclri01,Roberto Clemente Award,1987,ML
sutclri01,Rookie of the Year,1979,NL
sutclri01,TSN All-Star,1984,NL
sutclri01,TSN All-Star,1987,NL
sutclri01,TSN Comeback Player of the Year,1987,NL
sutclri01,TSN Comeback Player of the Year,1992,AL
sutclri01,TSN Pitcher of the Year,1984,NL
sutclri01,TSN Pitcher of the Year,1987,NL
sutclri01,TSN Rookie Pitcher of the Year,1979,NL
suterbr01,Reliever of the Month,2019,NL
suttebr01,Babe Ruth Award,1982,NL
suttebr01,Cy Young Award,1979,NL
suttebr01,Pitcher of the Month,1977,NL
suttebr01,Player of the Week,1977,NL
suttebr01,Player of the Week,1978,NL
suttebr01,Player of the Week,1979,NL
suttebr01,Player of the Week,1982,NL
suttebr01,Player of the Week,1982,NL
suttebr01,Player of the Week,1984,NL
suttebr01,Player of the Week,1984,NL
suttebr01,Reliever of the Year Award,1979,NL
suttebr01,Reliever of the Year Award,1981,NL
suttebr01,Reliever of the Year Award,1982,NL
suttebr01,Reliever of the Year Award,1984,NL
suttebr01,TSN Fireman of the Year,1979,NL
suttebr01,TSN Fireman of the Year,1981,NL
suttebr01,TSN Fireman of the Year,1982,NL
suttebr01,TSN Fireman of the Year,1984,NL
suttodo01,All-Star Game MVP,1977,ML
suttodo01,Lou Gehrig Memorial Award,1976,ML
suttodo01,Pitcher of the Month,1975,NL
suttodo01,Pitcher of the Month,1975,NL
suttodo01,Pitcher of the Month,1976,NL
suttodo01,Player of the Week,1975,NL
suttodo01,Player of the Week,1976,NL
suttodo01,Player of the Week,1980,NL
suttodo01,Player of the Week,1986,AL
suttodo01,TSN All-Star,1976,NL
suttodo01,TSN Rookie Pitcher of the Year,1966,NL
suzukic01,All-Star Game MVP,2007,ML
suzukic01,Gold Glove,2001,AL
suzukic01,Gold Glove,2002,AL
suzukic01,Gold Glove,2003,AL
suzukic01,Gold Glove,2004,AL
suzukic01,Gold Glove,2005,AL
suzukic01,Gold Glove,2006,AL
suzukic01,Gold Glove,2007,AL
suzukic01,Gold Glove,2008,AL
suzukic01,Gold Glove,2009,AL
suzukic01,Gold Glove,2010,AL
suzukic01,MLB Players Choice Outstanding Player,2004,AL
suzukic01,MLB Players Choice Outstanding Rookie,2001,AL
suzukic01,Most Valuable Player,2001,AL
suzukic01,Player of the Month,2004,AL
suzukic01,Player of the Week,2004,AL
suzukic01,Player of the Week,2006,AL
suzukic01,Player of the Week,2010,AL
suzukic01,Player of the Week,2012,AL
suzukic01,Player of the Week,2016,NL
suzukic01,Rookie of the Month,2001,AL
suzukic01,Rookie of the Month,2001,AL
suzukic01,Rookie of the Month,2001,AL
suzukic01,Rookie of the Month,2001,AL
suzukic01,Rookie of the Year,2001,AL
suzukic01,Silver Slugger,2001,AL
suzukic01,Silver Slugger,2007,AL
suzukic01,Silver Slugger,2009,AL
suzukic01,This Year in Baseball Defensive Player of the Year,2005,ML
suzukic01,This Year in Baseball Dependable Player of the Year,2010,ML
suzukic01,TSN All-Star,2001,AL
suzukic01,TSN All-Star,2004,AL
suzukic01,TSN All-Star,2007,AL
suzukic01,TSN Rookie Player of the Year,2001,AL
suzukse01,Player of the Week,2022,NL
suzukse01,Player of the Week,2025,NL
suzukse01,Player of the Week,2025,NL
suzukse01,Rookie of the Month,2022,NL
swansda01,Gold Glove,2022,NL
swansda01,Gold Glove,2023,NL
swansda01,TSN All-Star,2023,NL
sweened01,Baseball Magazine All-Star,1910,AL
sweenmi01,Hutch Award,2007,ML
sweenmi01,MLB Players Choice Man of the Year,2005,ML
sweenmi01,Player of the Month,2001,AL
sweenmi01,Player of the Week,1999,AL
sweenmi01,Player of the Week,2001,AL
sweenmi01,Player of the Week,2002,AL
sweenmi01,Player of the Week,2002,AL
swiftbi02,Pitcher of the Month,1992,NL
swiftbi02,Pitcher of the Month,1993,NL
swindgr01,Player of the Week,1988,AL
swishni01,Bob Feller Act of Valor Award - MLB Player,2014,ML
swishst01,Player of the Week,1976,NL
syndeno01,Player of the Week,2015,NL
syndeno01,Player of the Week,2016,NL
syndeno01,Player of the Week,2019,NL
syndeno01,Player of the Week,2019,NL
tablepa01,Player of the Week,1986,AL
tablepa01,Player of the Week,1987,AL
taborji01,Baseball Magazine All-Star,1941,AL
taillja01,Pitcher of the Month,2021,AL
taillja01,Player of the Week,2018,NL
tanakma01,Pitcher of the Month,2014,AL
tananfr01,Player of the Month,1976,AL
tananfr01,Player of the Month,1977,AL
tananfr01,Player of the Month,1978,AL
tananfr01,Player of the Week,1975,AL
tananfr01,TSN All-Star,1976,AL
tananfr01,TSN All-Star,1977,AL
tananfr01,TSN Rookie Pitcher of the Year,1974,AL
tapanke01,Pitcher of the Month,1991,AL
tapanke01,Player of the Week,1993,AL
tartada01,Player of the Week,1991,AL
tartada01,Player of the Week,1991,AL
tatisfe01,MLB Players Choice Comeback Player,2008,NL
tatisfe01,TSN Comeback Player of the Year,2008,NL
tatisfe02,All-MLB Team - First Team,2020,ML
tatisfe02,All-MLB Team - First Team,2021,ML
tatisfe02,Gold Glove,2023,NL
tatisfe02,Gold Glove,2025,NL
tatisfe02,Platinum Glove,2023,NL
tatisfe02,Platinum Glove,2025,NL
tatisfe02,Player of the Month,2020,NL
tatisfe02,Player of the Month,2021,NL
tatisfe02,Player of the Week,2020,NL
tatisfe02,Player of the Week,2021,NL
tatisfe02,Player of the Week,2025,NL
tatisfe02,Silver Slugger,2020,NL
tatisfe02,Silver Slugger,2021,NL
tatisfe02,TSN All-Star,2020,NL
tatisfe02,TSN All-Star,2021,NL
tatisfe02,TSN All-Star,2025,NL
tavarju01,TSN Rookie Pitcher of the Year,1995,AL
taverfr01,Player of the Week,1980,NL
taverwi01,MLB Players Choice Outstanding Rookie,2005,NL
taverwi01,TSN Rookie of the Year,2005,NL
tayloch03,NLCS MVP,2017,NL
tayloch03,Player of the Week,2021,NL
taylomi02,Gold Glove,2021,AL
teahema01,Hutch Award,2009,ML
teahema01,Player of the Week,2006,AL
tebbebi01,Baseball Magazine All-Star,1948,AL
tebbebi01,Baseball Magazine All-Star,1948,ML
tebbebi01,TSN All-Star,1948,ML
teixema01,Gold Glove,2005,AL
teixema01,Gold Glove,2006,AL
teixema01,Gold Glove,2009,AL
teixema01,Gold Glove,2010,AL
teixema01,Gold Glove,2012,AL
teixema01,Player of the Month,2004,AL
teixema01,Player of the Month,2007,NL
teixema01,Player of the Week,2004,AL
teixema01,Player of the Week,2005,AL
teixema01,Player of the Week,2005,AL
teixema01,Player of the Week,2007,NL
teixema01,Player of the Week,2010,AL
teixema01,Player of the Week,2015,AL
teixema01,Silver Slugger,2004,AL
teixema01,Silver Slugger,2005,AL
teixema01,Silver Slugger,2009,AL
teixema01,TSN All-Star,2005,AL
tejadmi01,All-Star Game MVP,2005,ML
tejadmi01,Most Valuable Player,2002,AL
tejadmi01,Player of the Week,1999,AL
tejadmi01,Player of the Week,2003,AL
tejadmi01,Player of the Week,2004,AL
tejadmi01,Player of the Week,2004,AL
tejadmi01,Player of the Week,2006,AL
tejadmi01,Player of the Week,2009,NL
tejadmi01,Silver Slugger,2004,AL
tejadmi01,Silver Slugger,2005,AL
tejadmi01,TSN All-Star,2004,AL
tekulke01,Pitcher of the Month,1978,NL
tekulke01,Player of the Week,1986,NL
tellero01,Player of the Week,2022,NL
templga01,Silver Slugger,1980,NL
templga01,Silver Slugger,1984,NL
templga01,TSN All-Star,1977,NL
templga01,TSN All-Star,1979,NL
templga01,TSN All-Star,1980,NL
tenacge01,Babe Ruth Award,1972,AL
tenacge01,Player of the Month,1975,AL
tenacge01,Player of the Week,1975,AL
tenacge01,Player of the Week,1980,NL
tenacge01,World Series MVP,1972,ML
tennefr02,Baseball Magazine All-Star,1908,NL
teperry01,Reliever of the Month,2021,NL
terrewa01,Player of the Week,1991,AL
terrybi01,Baseball Magazine All-Star,1927,NL
terrybi01,Baseball Magazine All-Star,1929,ML
terrybi01,Baseball Magazine All-Star,1929,NL
terrybi01,Baseball Magazine All-Star,1930,ML
terrybi01,Baseball Magazine All-Star,1930,NL
terrybi01,Baseball Magazine All-Star,1931,NL
terrybi01,Baseball Magazine All-Star,1932,NL
terrybi01,Baseball Magazine All-Star,1933,NL
terrybi01,Baseball Magazine All-Star,1934,NL
terrybi01,Baseball Magazine All-Star,1935,NL
terrybi01,TSN All-Star,1930,ML
terrybi01,TSN Guide MVP,1930,NL
terryra01,Babe Ruth Award,1962,AL
terryra01,TSN All-Star,1962,AL
terryra01,World Series MVP,1962,ML
tesreje01,Baseball Magazine All-Star,1912,NL
tettlmi01,Player of the Week,1990,AL
tettlmi01,Player of the Week,1993,AL
tettlmi01,Player of the Week,1995,AL
tettlmi01,Silver Slugger,1989,AL
tettlmi01,Silver Slugger,1991,AL
tettlmi01,Silver Slugger,1992,AL
tettlmi01,TSN All-Star,1989,AL
tettlmi01,TSN All-Star,1991,AL
tettlmi01,TSN All-Star,1992,AL
tewksbo01,Pitcher of the Month,1994,NL
thigpbo01,Pitcher of the Month,1990,AL
thigpbo01,Reliever of the Year Award,1990,AL
thigpbo01,TSN Fireman of the Year,1990,AL
thomafr03,TSN All-Star,1958,ML
thomafr04,MLB Players Choice Comeback Player,2000,AL
thomafr04,MLB Players Choice Comeback Player,2006,AL
thomafr04,MLB Players Choice Outstanding Player,1993,AL
thomafr04,MLB Players Choice Outstanding Player,1994,AL
thomafr04,Most Valuable Player,1993,AL
thomafr04,Most Valuable Player,1994,AL
thomafr04,Player of the Month,1991,AL
thomafr04,Player of the Month,1992,AL
thomafr04,Player of the Month,1993,AL
thomafr04,Player of the Month,1994,AL
thomafr04,Player of the Month,1994,AL
thomafr04,Player of the Month,1996,AL
thomafr04,Player of the Month,1996,AL
thomafr04,Player of the Month,1997,AL
thomafr04,Player of the Week,1990,AL
thomafr04,Player of the Week,1991,AL
thomafr04,Player of the Week,1991,AL
thomafr04,Player of the Week,1992,AL
thomafr04,Player of the Week,1992,AL
thomafr04,Player of the Week,1994,AL
thomafr04,Player of the Week,1994,AL
thomafr04,Player of the Week,1997,AL
thomafr04,Player of the Week,1997,AL
thomafr04,Player of the Week,1999,AL
thomafr04,Player of the Week,2000,AL
thomafr04,Player of the Week,2000,AL
thomafr04,Player of the Week,2003,AL
thomafr04,Player of the Week,2006,AL
thomafr04,Silver Slugger,1991,AL
thomafr04,Silver Slugger,1993,AL
thomafr04,Silver Slugger,1994,AL
thomafr04,Silver Slugger,2000,AL
thomafr04,TSN All-Star,1993,AL
thomafr04,TSN All-Star,1994,AL
thomafr04,TSN All-Star,2003,AL
thomafr04,TSN Comeback Player of the Year,2000,AL
thomafr04,TSN Major League Player of the Year,1993,ML
thomago01,Player of the Week,1979,AL
thomago01,Player of the Week,1982,AL
thomago01,TSN All-Star,1982,AL
thomago01,TSN Comeback Player of the Year,1985,AL
thomair01,Baseball Magazine All-Star,1910,AL
thomair01,Baseball Magazine All-Star,1911,AL
thomair01,Baseball Magazine All-Star,1911,ML
thomato02,Baseball Magazine All-Star,1927,AL
thomeji01,Lou Gehrig Memorial Award,2004,ML
thomeji01,MLB Players Choice Man of the Year,2001,ML
thomeji01,MLB Players Choice Man of the Year,2004,ML
thomeji01,Player of the Month,2001,AL
thomeji01,Player of the Month,2003,NL
thomeji01,Player of the Month,2004,NL
thomeji01,Player of the Week,2001,AL
thomeji01,Player of the Week,2001,AL
thomeji01,Player of the Week,2002,AL
thomeji01,Player of the Week,2003,NL
thomeji01,Player of the Week,2004,NL
thomeji01,Player of the Week,2009,AL
thomeji01,Player of the Week,2010,AL
thomeji01,Player of the Week,2011,AL
thomeji01,Roberto Clemente Award,2002,ML
thomeji01,Silver Slugger,1996,AL
thomeji01,TSN All-Star,1995,AL
thomeji01,TSN All-Star,1996,AL
thomeji01,TSN All-Star,2001,AL
thomeji01,TSN Comeback Player of the Year,2006,AL
thompda01,Hutch Award,1974,ML
thompja01,Player of the Week,1978,AL
thompja01,Player of the Week,1980,AL
thompja01,Player of the Week,1982,NL
thompja01,Player of the Week,1982,NL
thompro01,Gold Glove,1993,NL
thompro01,Player of the Week,1993,NL
thompro01,Silver Slugger,1993,NL
thompro01,TSN All-Star,1993,NL
thompro01,TSN Rookie Player of the Year,1986,NL
thondi01,Silver Slugger,1983,NL
thondi01,TSN All-Star,1983,NL
thornan01,Hutch Award,1982,ML
thornan01,Player of the Month,1975,NL
thornan01,Player of the Week,1977,AL
thornan01,Player of the Week,1978,AL
thornan01,Player of the Week,1982,AL
thornan01,Player of the Week,1982,AL
thornan01,Player of the Week,1983,AL
thornan01,Roberto Clemente Award,1979,ML
thornan01,Silver Slugger,1984,AL
thornan01,TSN Comeback Player of the Year,1982,AL
thurmma01,TSN All-Star,1984,NL
thurssl01,Baseball Magazine All-Star,1924,AL
tiantlu01,Babe Ruth Award,1975,AL
tiantlu01,Player of the Month,1976,AL
tiantlu01,Player of the Week,1974,AL
tiantlu01,Player of the Week,1976,AL
tiantlu01,TSN Comeback Player of the Year,1972,AL
tidrodi01,Pitcher of the Month,1979,NL
tidrodi01,TSN Rookie Pitcher of the Year,1972,AL
timlimi01,Lou Gehrig Memorial Award,2007,ML
tolanbo01,Hutch Award,1972,ML
tolanbo01,TSN All-Star,1970,NL
tolanbo01,TSN Comeback Player of the Year,1972,NL
tollbbr01,Player of the Week,2000,NL
tomlira01,Pitcher of the Month,1992,NL
tomlira01,Player of the Week,1991,NL
torregl01,Player of the Week,2018,AL
torregl01,Player of the Week,2018,AL
torregl01,Rookie of the Month,2018,AL
torrejo01,Bob Feller Act of Valor Award - HOF Player,2021,ML
torrejo01,Gold Glove,1965,NL
torrejo01,Hutch Award,1971,ML
torrejo01,Most Valuable Player,1971,NL
torrejo01,Player of the Week,1976,NL
torrejo01,TSN All-Star,1964,NL
torrejo01,TSN All-Star,1965,NL
torrejo01,TSN All-Star,1966,NL
torrejo01,TSN All-Star,1971,NL
torrejo01,TSN Major League Player of the Year,1971,ML
torrejo01,TSN Player of the Year,1971,NL
tovarez01,Gold Glove,2024,NL
towerjo01,Rookie of the Month,2001,AL
trachst01,Player of the Week,2003,NL
trachst01,TSN Rookie Pitcher of the Year,1994,NL
trammal01,Gold Glove,1980,AL
trammal01,Gold Glove,1981,AL
trammal01,Gold Glove,1983,AL
trammal01,Gold Glove,1984,AL
trammal01,Player of the Month,1984,AL
trammal01,Player of the Month,1987,AL
trammal01,Player of the Week,1980,AL
trammal01,Player of the Week,1987,AL
trammal01,Silver Slugger,1987,AL
trammal01,Silver Slugger,1988,AL
trammal01,Silver Slugger,1990,AL
trammal01,TSN All-Star,1987,AL
trammal01,TSN All-Star,1988,AL
trammal01,TSN All-Star,1990,AL
trammal01,TSN Comeback Player of the Year,1983,AL
trammal01,World Series MVP,1984,ML
travice01,Baseball Magazine All-Star,1941,AL
travice01,Baseball Magazine All-Star,1941,ML
travice01,TSN All-Star,1941,ML
travide01,Rookie of the Month,2015,AL
traynpi01,Baseball Magazine All-Star,1924,NL
traynpi01,Baseball Magazine All-Star,1925,ML
traynpi01,Baseball Magazine All-Star,1925,NL
traynpi01,Baseball Magazine All-Star,1926,ML
traynpi01,Baseball Magazine All-Star,1926,NL
traynpi01,Baseball Magazine All-Star,1927,ML
traynpi01,Baseball Magazine All-Star,1927,NL
traynpi01,Baseball Magazine All-Star,1928,ML
traynpi01,Baseball Magazine All-Star,1928,NL
traynpi01,Baseball Magazine All-Star,1929,ML
traynpi01,Baseball Magazine All-Star,1929,NL
traynpi01,Baseball Magazine All-Star,1931,ML
traynpi01,Baseball Magazine All-Star,1931,NL
traynpi01,Baseball Magazine All-Star,1932,ML
traynpi01,Baseball Magazine All-Star,1932,NL
traynpi01,Baseball Magazine All-Star,1933,ML
traynpi01,Baseball Magazine All-Star,1933,NL
traynpi01,Baseball Magazine All-Star,1934,ML
traynpi01,Baseball Magazine All-Star,1934,NL
traynpi01,TSN All-Star,1925,ML
traynpi01,TSN All-Star,1926,ML
traynpi01,TSN All-Star,1927,ML
traynpi01,TSN All-Star,1929,ML
traynpi01,TSN All-Star,1931,ML
traynpi01,TSN All-Star,1932,ML
traynpi01,TSN All-Star,1933,ML
treadje01,Player of the Week,1990,NL
treinbl01,Reliever of the Month,2018,AL
treinbl01,Reliever of the Month,2018,AL
treshto01,Gold Glove,1965,AL
treshto01,Rookie of the Year,1962,AL
treshto01,TSN All-Star,1962,AL
treshto01,TSN Rookie of the Year,1962,AL
trevijo01,Gold Glove,2022,AL
trevijo01,Platinum Glove,2022,AL
trillma01,Gold Glove,1979,NL
trillma01,Gold Glove,1981,NL
trillma01,Gold Glove,1982,NL
trillma01,NLCS MVP,1980,NL
trillma01,Player of the Week,1975,NL
trillma01,Player of the Week,1977,NL
trillma01,Silver Slugger,1980,NL
trillma01,Silver Slugger,1981,NL
trillma01,TSN All-Star,1980,NL
trillma01,TSN All-Star,1981,NL
trillma01,TSN All-Star,1982,NL
triolja01,Gold Glove,2024,NL
trivilo01,Reliever of the Month,2021,AL
troutdi01,Baseball Magazine All-Star,1943,AL
troutdi01,Baseball Magazine All-Star,1944,AL
troutdi01,TSN All-Star,1944,ML
troutmi01,All-MLB Team - First Team,2019,ML
troutmi01,All-MLB Team - First Team,2020,ML
troutmi01,All-MLB Team - First Team,2022,ML
troutmi01,All-Star Game MVP,2014,AL
troutmi01,All-Star Game MVP,2015,AL
troutmi01,Hank Aaron Award,2014,AL
troutmi01,Hank Aaron Award,2019,AL
troutmi01,MLB Players Choice Outstanding Player,2014,AL
troutmi01,MLB Players Choice Outstanding Player,2019,AL
troutmi01,MLB Players Choice Outstanding Rookie,2012,AL
troutmi01,MLB Players Choice Player of the Year,2019,ML
troutmi01,Most Valuable Player,2014,AL
troutmi01,Most Valuable Player,2016,AL
troutmi01,Most Valuable Player,2019,AL
troutmi01,Player of the Month,2012,AL
troutmi01,Player of the Month,2014,AL
troutmi01,Player of the Month,2015,AL
troutmi01,Player of the Month,2017,AL
troutmi01,Player of the Month,2018,AL
troutmi01,Player of the Week,2012,AL
troutmi01,Player of the Week,2014,AL
troutmi01,Player of the Week,2015,AL
troutmi01,Player of the Week,2019,AL
troutmi01,Player of the Week,2019,AL
troutmi01,Rookie of the Month,2012,AL
troutmi01,Rookie of the Month,2012,AL
troutmi01,Rookie of the Month,2012,AL
troutmi01,Rookie of the Month,2012,AL
troutmi01,Rookie of the Year,2012,AL
troutmi01,Silver Slugger,2012,AL
troutmi01,Silver Slugger,2013,AL
troutmi01,Silver Slugger,2014,AL
troutmi01,Silver Slugger,2015,AL
troutmi01,Silver Slugger,2016,AL
troutmi01,Silver Slugger,2018,AL
troutmi01,Silver Slugger,2019,AL
troutmi01,Silver Slugger,2020,AL
troutmi01,Silver Slugger,2022,AL
troutmi01,This Year in Baseball Best Major Leaguer,2016,ML
troutmi01,This Year in Baseball Hitting Performance of the Year,2013,ML
troutmi01,This Year in Baseball Play of the Year,2012,ML
troutmi01,This Year in Baseball Rookie of the Year,2012,ML
troutmi01,TSN All-Star,2016,AL
troutmi01,TSN All-Star,2017,AL
troutmi01,TSN All-Star,2018,AL
troutmi01,TSN All-Star,2019,AL
troutmi01,TSN All-Star,2020,AL
troutmi01,TSN All-Star,2022,AL
troutmi01,TSN Major League Player of the Year,2019,ML
troutmi01,TSN Rookie of the Year,2012,AL
trumbma01,MLB Players Choice Comeback Player,2016,AL
trumbma01,MLB Players Choice Outstanding Rookie,2011,AL
trumbma01,Player of the Week,2016,AL
trumbma01,Silver Slugger,2016,AL
trumbma01,TSN Comeback Player of the Year,2016,AL
trumbma01,TSN Rookie of the Year,2011,AL
tuckeky01,All-MLB Team - Second Team,2021,ML
tuckeky01,All-MLB Team - Second Team,2022,ML
tuckeky01,All-MLB Team - Second Team,2023,ML
tuckeky01,Gold Glove,2022,AL
tuckeky01,Player of the Month,2021,AL
tuckeky01,Player of the Week,2025,NL
tuckeky01,Silver Slugger,2023,AL
tuckeky01,Silver Slugger,2025,NL
tuckeky01,TSN All-Star,2021,AL
tuckeky01,TSN All-Star,2023,AL
tuckemi01,Player of the Week,1998,NL
tudorjo01,Pitcher of the Month,1985,NL
tudorjo01,Pitcher of the Month,1990,NL
tudorjo01,Player of the Week,1985,NL
tudorjo01,TSN All-Star,1985,NL
tudorjo01,TSN Comeback Player of the Year,1990,NL
tulowtr01,Gold Glove,2010,NL
tulowtr01,Gold Glove,2011,NL
tulowtr01,Player of the Month,2010,NL
tulowtr01,Player of the Month,2014,NL
tulowtr01,Player of the Week,2007,NL
tulowtr01,Player of the Week,2009,NL
tulowtr01,Player of the Week,2010,NL
tulowtr01,Player of the Week,2010,NL
tulowtr01,Player of the Week,2014,NL
tulowtr01,Rookie of the Month,2007,NL
tulowtr01,Silver Slugger,2010,NL
tulowtr01,Silver Slugger,2011,NL
tulowtr01,This Year in Baseball Rookie of the Year,2007,ML
turanbr02,All-MLB Team - Second Team,2025,ML
turanbr02,Gold Glove,2024,NL
turanbr02,Platinum Glove,2024,NL
turanbr02,TSN All-Star,2025,NL
turlebo01,Cy Young Award,1958,ML
turlebo01,TSN All-Star,1958,ML
turlebo01,TSN Major League Player of the Year,1958,ML
turlebo01,TSN Pitcher of the Year,1958,AL
turlebo01,World Series MVP,1958,ML
turnbsp01,Player of the Week,2021,AL
turneji01,Baseball Magazine All-Star,1937,NL
turneji01,Baseball Magazine All-Star,1938,NL
turneju01,NLCS MVP,2017,NL
turneju01,Player of the Month,2018,NL
turneju01,Roberto Clemente Award,2022,ML
turneju01,Rookie of the Month,2011,NL
turnetr01,All-MLB Team - First Team,2022,ML
turnetr01,All-MLB Team - Second Team,2021,ML
turnetr01,Player of the Week,2021,NL
turnetr01,Player of the Week,2023,NL
turnetr01,Player of the Week,2024,NL
turnetr01,Player of the Week,2024,NL
turnetr01,Rookie of the Month,2016,NL
turnetr01,Rookie of the Month,2016,NL
turnetr01,Silver Slugger,2022,NL
turnetr01,TSN All-Star,2022,NL
turnetr01,TSN All-Star,2025,NL
twitcwa01,Player of the Week,1973,NL
ueharko01,ALCS MVP,2013,AL
ugglada01,MLB Players Choice Outstanding Rookie,2006,NL
ugglada01,Player of the Month,2011,NL
ugglada01,Rookie of the Month,2006,NL
ugglada01,Silver Slugger,2010,NL
ugglada01,TSN Rookie of the Year,2006,NL
uhlege01,Baseball Magazine All-Star,1923,AL
uhlege01,Baseball Magazine All-Star,1923,ML
uhlege01,Baseball Magazine All-Star,1926,AL
uhlege01,Baseball Magazine All-Star,1926,ML
uhlege01,TSN All-Star,1926,ML
unserde01,TSN Rookie Player of the Year,1968,AL
upshawi01,Player of the Week,1985,AL
uptonbj01,Player of the Month,2009,AL
uptonbj01,Player of the Week,2007,AL
uptonbj01,Player of the Week,2009,AL
uptonbj01,Player of the Week,2012,AL
uptonju01,Player of the Month,2009,NL
uptonju01,Player of the Month,2013,NL
uptonju01,Player of the Week,2011,NL
uptonju01,Player of the Week,2011,NL
uptonju01,Player of the Week,2014,NL
uptonju01,Player of the Week,2016,AL
uptonju01,Silver Slugger,2011,NL
uptonju01,Silver Slugger,2014,NL
uptonju01,Silver Slugger,2017,AL
urbinug01,Player of the Week,2003,NL
urbinug01,TSN Fireman of the Year,1999,NL
uriasju01,All-MLB Team - Second Team,2021,ML
uriasju01,All-MLB Team - Second Team,2022,ML
uriasra01,Gold Glove,2022,AL
utleych01,Player of the Month,2006,NL
utleych01,Player of the Month,2008,NL
utleych01,Player of the Week,2005,NL
utleych01,Player of the Week,2006,NL
utleych01,Player of the Week,2006,NL
utleych01,Player of the Week,2007,NL
utleych01,Player of the Week,2008,NL
utleych01,Silver Slugger,2006,NL
utleych01,Silver Slugger,2007,NL
utleych01,Silver Slugger,2008,NL
utleych01,Silver Slugger,2009,NL
utleych01,This Year in Baseball Postseason Moment of the Year,2008,ML
utleych01,TSN All-Star,2006,NL
utleych01,TSN All-Star,2007,NL
valdefr01,All-MLB Team - First Team,2022,ML
valdefr01,All-MLB Team - Second Team,2024,ML
valdefr01,Player of the Week,2023,AL
valenbo02,Branch Rickey Award,2002,ML
valenel01,Gold Glove,1978,NL
valenfe01,Cy Young Award,1981,NL
valenfe01,Gold Glove,1986,NL
valenfe01,Pitcher of the Month,1981,NL
valenfe01,Pitcher of the Month,1985,NL
valenfe01,Pitcher of the Month,1985,NL
valenfe01,Pitcher of the Month,1993,AL
valenfe01,Player of the Week,1981,NL
valenfe01,Player of the Week,1981,NL
valenfe01,Player of the Week,1986,NL
valenfe01,Player of the Week,1986,NL
valenfe01,Player of the Week,1990,NL
valenfe01,Rookie of the Year,1981,NL
valenfe01,Silver Slugger,1981,NL
valenfe01,Silver Slugger,1983,NL
valenfe01,TSN All-Star,1981,NL
valenfe01,TSN All-Star,1986,NL
valenfe01,TSN Major League Player of the Year,1981,ML
valenfe01,TSN Pitcher of the Year,1981,NL
valenfe01,TSN Rookie Pitcher of the Year,1981,NL
valenjo02,Player of the Week,1995,AL
valenjo02,Player of the Week,1997,AL
valenjo02,Silver Slugger,1995,AL
valvejo01,Player of the Week,2003,NL
valvejo01,Player of the Week,2007,NL
valvejo01,Reliever of the Month,2008,ML
valvejo01,Reliever of the Year Award,2007,NL
valvejo01,Reliever of the Year Award,2011,AL
valvejo01,This Year in Baseball Closer of the Year,2011,ML
valvejo01,TSN All-Star,2007,NL
valvejo01,TSN Reliever of the Year,2007,NL
vanceda01,Baseball Magazine All-Star,1923,NL
vanceda01,Baseball Magazine All-Star,1924,ML
vanceda01,Baseball Magazine All-Star,1924,NL
vanceda01,Baseball Magazine All-Star,1925,ML
vanceda01,Baseball Magazine All-Star,1925,NL
vanceda01,Baseball Magazine All-Star,1928,ML
vanceda01,Baseball Magazine All-Star,1928,NL
vanceda01,Baseball Magazine All-Star,1930,NL
vanceda01,Most Valuable Player,1924,NL
vanceda01,Pitching Triple Crown,1924,NL
vanceda01,TSN All-Star,1925,ML
vandeed01,TSN Rookie Pitcher of the Year,1982,AL
vandejo01,Baseball Magazine All-Star,1938,ML
vandejo01,Baseball Magazine All-Star,1938,NL
vandejo01,Baseball Magazine All-Star,1942,ML
vandejo01,Baseball Magazine All-Star,1942,NL
vandejo01,TSN All-Star,1938,ML
vandejo01,TSN Major League Player of the Year,1938,ML
vanslan01,Gold Glove,1988,NL
vanslan01,Gold Glove,1989,NL
vanslan01,Gold Glove,1990,NL
vanslan01,Gold Glove,1991,NL
vanslan01,Gold Glove,1992,NL
vanslan01,Player of the Week,1992,NL
vanslan01,Silver Slugger,1988,NL
vanslan01,Silver Slugger,1992,NL
vanslan01,TSN All-Star,1988,NL
vanslan01,TSN All-Star,1992,NL
vanslan01,TSN Player of the Year,1988,NL
vargaja01,Pitcher of the Month,2012,AL
vargaja01,Pitcher of the Month,2013,AL
vargake01,Player of the Week,2016,AL
vargami01,Player of the Week,2025,AL
varitja01,Gold Glove,2005,AL
varitja01,Player of the Week,2001,AL
varitja01,Silver Slugger,2005,AL
varitja01,TSN All-Star,2005,AL
varshda01,Gold Glove,2024,AL
vaughar01,Baseball Magazine All-Star,1933,NL
vaughar01,Baseball Magazine All-Star,1934,ML
vaughar01,Baseball Magazine All-Star,1934,NL
vaughar01,Baseball Magazine All-Star,1935,ML
vaughar01,Baseball Magazine All-Star,1935,NL
vaughar01,Baseball Magazine All-Star,1936,NL
vaughar01,Baseball Magazine All-Star,1937,NL
vaughar01,Baseball Magazine All-Star,1938,ML
vaughar01,Baseball Magazine All-Star,1938,NL
vaughar01,Baseball Magazine All-Star,1939,NL
vaughar01,Baseball Magazine All-Star,1942,NL
vaughar01,Baseball Magazine All-Star,1943,NL
vaughar01,TSN All-Star,1935,ML
vaughar01,TSN Guide MVP,1935,NL
vaughgr01,MLB Players Choice Comeback Player,1998,NL
vaughgr01,Player of the Month,1999,NL
vaughgr01,Player of the Week,1996,AL
vaughgr01,Player of the Week,1998,NL
vaughgr01,Player of the Week,2001,AL
vaughgr01,Silver Slugger,1998,NL
vaughgr01,TSN All-Star,1998,NL
vaughgr01,TSN Comeback Player of the Year,1998,NL
vaughhi01,Baseball Magazine All-Star,1918,ML
vaughhi01,Baseball Magazine All-Star,1918,NL
vaughhi01,Baseball Magazine All-Star,1919,ML
vaughhi01,Baseball Magazine All-Star,1919,NL
vaughhi01,Pitching Triple Crown,1918,NL
vaughmo01,Most Valuable Player,1995,AL
vaughmo01,Player of the Month,1996,AL
vaughmo01,Player of the Week,1995,AL
vaughmo01,Player of the Week,1996,AL
vaughmo01,Player of the Week,1996,AL
vaughmo01,Player of the Week,1999,AL
vaughmo01,Player of the Week,2000,AL
vaughmo01,Silver Slugger,1995,AL
vaughmo01,TSN All-Star,1995,AL
vazquch01,TSN All-Star,2019,AL
vazquja01,Pitcher of the Month,2001,NL
vazquja01,Pitcher of the Month,2011,NL
vazquja01,Player of the Week,2008,AL
vazquja01,Player of the Week,2009,NL
velezot01,Player of the Month,1977,AL
velezot01,Player of the Week,1979,AL
venabwi01,Player of the Week,2013,NL
ventejo01,Comeback Player of the Year,2018,NL
venturo01,Gold Glove,1991,AL
venturo01,Gold Glove,1992,AL
venturo01,Gold Glove,1993,AL
venturo01,Gold Glove,1996,AL
venturo01,Gold Glove,1998,AL
venturo01,Gold Glove,1999,NL
venturo01,Player of the Month,1991,AL
venturo01,Player of the Week,1991,AL
venturo01,Player of the Week,1999,NL
verbaem01,Baseball Magazine All-Star,1944,NL
verbaem01,Baseball Magazine All-Star,1945,NL
verlaju01,ALCS MVP,2017,AL
verlaju01,All-MLB Team - First Team,2019,ML
verlaju01,All-MLB Team - First Team,2022,ML
verlaju01,Babe Ruth Award,2017,ML
verlaju01,Bob Feller Act of Valor Award - MLB Player,2013,ML
verlaju01,Comeback Player of the Year,2022,AL
verlaju01,Cy Young Award,2011,AL
verlaju01,Cy Young Award,2019,AL
verlaju01,Cy Young Award,2022,AL
verlaju01,MLB Players Choice Comeback Player,2022,AL
verlaju01,MLB Players Choice Outstanding Pitcher,2011,AL
verlaju01,MLB Players Choice Outstanding Pitcher,2019,AL
verlaju01,MLB Players Choice Outstanding Pitcher,2022,AL
verlaju01,MLB Players Choice Outstanding Rookie,2006,AL
verlaju01,MLB Players Choice Player of the Year,2011,ML
verlaju01,Most Valuable Player,2011,AL
verlaju01,Pitcher of the Month,2009,AL
verlaju01,Pitcher of the Month,2011,AL
verlaju01,Pitcher of the Month,2012,AL
verlaju01,Pitcher of the Month,2016,AL
verlaju01,Pitcher of the Month,2018,AL
verlaju01,Pitching Triple Crown,2011,AL
verlaju01,Player of the Week,2006,AL
verlaju01,Player of the Week,2007,AL
verlaju01,Player of the Week,2011,AL
verlaju01,Player of the Week,2011,AL
verlaju01,Player of the Week,2011,AL
verlaju01,Player of the Week,2012,AL
verlaju01,Player of the Week,2018,AL
verlaju01,Player of the Week,2018,AL
verlaju01,Player of the Week,2019,AL
verlaju01,Player of the Week,2023,AL
verlaju01,Rookie of the Month,2006,AL
verlaju01,Rookie of the Year,2006,AL
verlaju01,This Year in Baseball Best Major Leaguer - Postseason,2017,ML
verlaju01,This Year in Baseball Starter of the Year,2011,ML
verlaju01,TSN All-Star,2022,AL
verlaju01,TSN Comeback Player of the Year,2022,AL
verlaju01,TSN Major League Player of the Year,2011,ML
verlaju01,TSN Pitcher of the Year,2011,AL
verlaju01,TSN Pitcher of the Year,2012,AL
verlaju01,TSN Pitcher of the Year,2022,AL
verlaju01,TSN Rookie of the Year,2006,AL
vernomi01,Baseball Magazine All-Star,1946,AL
vernomi01,TSN All-Star,1953,ML
versazo01,Gold Glove,1963,AL
versazo01,Gold Glove,1965,AL
versazo01,Most Valuable Player,1965,AL
versazo01,TSN All-Star,1965,AL
victosh01,Branch Rickey Award,2011,ML
victosh01,Gold Glove,2008,NL
victosh01,Gold Glove,2009,NL
victosh01,Gold Glove,2010,NL
victosh01,Gold Glove,2013,AL
victosh01,Lou Gehrig Memorial Award,2008,ML
victosh01,Player of the Week,2013,AL
vidrojo01,Silver Slugger,2003,NL
villach01,Rookie of the Month,2018,NL
vinafe01,Gold Glove,2001,NL
vinafe01,Gold Glove,2002,NL
violafr01,Babe Ruth Award,1987,AL
violafr01,Cy Young Award,1988,AL
violafr01,Pitcher of the Month,1987,AL
violafr01,Pitcher of the Month,1988,AL
violafr01,Player of the Week,1989,AL
violafr01,TSN All-Star,1988,AL
violafr01,TSN All-Star,1990,NL
violafr01,TSN Pitcher of the Year,1988,AL
violafr01,World Series MVP,1987,ML
vioxji01,Baseball Magazine All-Star,1913,NL
virdobi01,Gold Glove,1962,NL
virdobi01,Rookie of the Year,1955,NL
virdobi01,TSN Rookie of the Year,1955,NL
vizquom01,Gold Glove,1993,AL
vizquom01,Gold Glove,1994,AL
vizquom01,Gold Glove,1995,AL
vizquom01,Gold Glove,1996,AL
vizquom01,Gold Glove,1997,AL
vizquom01,Gold Glove,1998,AL
vizquom01,Gold Glove,1999,AL
vizquom01,Gold Glove,2000,AL
vizquom01,Gold Glove,2001,AL
vizquom01,Gold Glove,2005,NL
vizquom01,Gold Glove,2006,NL
vizquom01,Hutch Award,1996,ML
vizquom01,Player of the Week,2002,AL
voisebi01,Baseball Magazine All-Star,1944,NL
voisebi01,TSN Pitcher of the Year,1944,NL
voitlu01,Player of the Week,2018,AL
voitlu01,Player of the Week,2019,AL
voitlu01,Player of the Week,2021,AL
volpean01,Gold Glove,2023,AL
volqued01,Player of the Week,2017,NL
vosmijo01,Baseball Magazine All-Star,1935,AL
vosmijo01,Baseball Magazine All-Star,1937,AL
vottojo01,Gold Glove,2011,NL
vottojo01,Hank Aaron Award,2010,NL
vottojo01,Lou Gehrig Memorial Award,2017,ML
vottojo01,Most Valuable Player,2010,NL
vottojo01,Player of the Month,2021,NL
vottojo01,Player of the Week,2009,NL
vottojo01,Player of the Week,2011,NL
vottojo01,Player of the Week,2013,NL
vottojo01,Player of the Week,2017,NL
vottojo01,Player of the Week,2018,NL
vottojo01,Player of the Week,2021,NL
vottojo01,Rookie of the Month,2008,NL
vottojo01,TSN All-Star,2017,NL
vuckope01,Cy Young Award,1982,AL
wachami01,NLCS MVP,2013,NL
wachami01,Pitcher of the Month,2023,NL
wadderu01,Baseball Magazine All-Star,1908,AL
wadderu01,Pitching Triple Crown,1905,AL
wagnebi02,Reliever of the Month,2007,ML
wagnebi02,Reliever of the Year Award,1999,NL
wagnehe01,Baseball Magazine All-Star,1912,AL
wagneho01,Baseball Magazine All-Star,1908,ML
wagneho01,Baseball Magazine All-Star,1908,NL
wagneho01,Baseball Magazine All-Star,1909,ML
wagneho01,Baseball Magazine All-Star,1909,NL
wagneho01,Baseball Magazine All-Star,1910,ML
wagneho01,Baseball Magazine All-Star,1910,NL
wagneho01,Baseball Magazine All-Star,1911,ML
wagneho01,Baseball Magazine All-Star,1911,NL
wagneho01,Baseball Magazine All-Star,1912,ML
wagneho01,Baseball Magazine All-Star,1912,NL
wagneho01,Baseball Magazine All-Star,1913,ML
wagneho01,Baseball Magazine All-Star,1913,NL
wagnele01,All-Star Game MVP,1962,ML
wagnele01,TSN All-Star,1962,AL
wainwad01,Gold Glove,2009,NL
wainwad01,Gold Glove,2013,NL
wainwad01,Hutch Award,2015,ML
wainwad01,MLB Players Choice Outstanding Pitcher,2009,NL
wainwad01,Pitcher of the Month,2013,NL
wainwad01,Pitcher of the Month,2014,NL
wainwad01,Pitcher of the Month,2021,NL
wainwad01,Player of the Week,2014,NL
wainwad01,Roberto Clemente Award,2020,ML
wainwad01,Silver Slugger,2017,NL
waitsri01,Player of the Week,1979,AL
wakefdi01,Baseball Magazine All-Star,1943,AL
wakefdi01,Baseball Magazine All-Star,1944,AL
wakefdi01,Baseball Magazine All-Star,1944,ML
wakefdi01,TSN All-Star,1943,ML
wakefdi01,TSN All-Star,1944,ML
wakefti01,Pitcher of the Month,1995,AL
wakefti01,Player of the Week,1995,AL
wakefti01,Player of the Week,1996,AL
wakefti01,Roberto Clemente Award,2010,ML
wakefti01,TSN Comeback Player of the Year,1995,AL
wakefti01,TSN Rookie Pitcher of the Year,1992,NL
walberu01,Baseball Magazine All-Star,1931,AL
walkech02,Gold Glove,2022,NL
walkech02,Gold Glove,2023,NL
walkech02,Gold Glove,2024,NL
walkedi02,Baseball Magazine All-Star,1945,ML
walkedi02,Baseball Magazine All-Star,1945,NL
walkedi02,TSN All-Star,1944,ML
walkedu01,Player of the Week,1984,NL
walkegr01,Player of the Month,1984,AL
walkegr01,Player of the Week,1984,AL
walkela01,Gold Glove,1992,NL
walkela01,Gold Glove,1993,NL
walkela01,Gold Glove,1997,NL
walkela01,Gold Glove,1998,NL
walkela01,Gold Glove,1999,NL
walkela01,Gold Glove,2001,NL
walkela01,Gold Glove,2002,NL
walkela01,MLB Players Choice Outstanding Player,1997,NL
walkela01,Most Valuable Player,1997,NL
walkela01,Player of the Month,1997,NL
walkela01,Player of the Month,2002,NL
walkela01,Player of the Week,1996,NL
walkela01,Player of the Week,1997,NL
walkela01,Player of the Week,1997,NL
walkela01,Player of the Week,1999,NL
walkela01,Silver Slugger,1992,NL
walkela01,Silver Slugger,1997,NL
walkela01,Silver Slugger,1999,NL
walkela01,TSN All-Star,1992,NL
walkela01,TSN All-Star,1997,NL
walkela01,TSN All-Star,1999,NL
walkene01,Silver Slugger,2014,NL
walketo04,Player of the Week,1998,AL
wallabo01,Baseball Magazine All-Star,1908,AL
wallabo01,Baseball Magazine All-Star,1910,AL
wallati01,Gold Glove,1985,NL
wallati01,Gold Glove,1988,NL
wallati01,Gold Glove,1990,NL
wallati01,Player of the Month,1982,NL
wallati01,Player of the Week,1987,NL
wallati01,Player of the Week,1990,NL
wallati01,Silver Slugger,1985,NL
wallati01,Silver Slugger,1987,NL
wallati01,TSN All-Star,1985,NL
wallati01,TSN All-Star,1987,NL
wallati01,TSN Comeback Player of the Year,1994,NL
walshed01,Baseball Magazine All-Star,1908,AL
walshed01,Baseball Magazine All-Star,1908,ML
walshed01,Baseball Magazine All-Star,1909,AL
walshed01,Baseball Magazine All-Star,1909,ML
walshed01,Baseball Magazine All-Star,1910,AL
walshed01,Baseball Magazine All-Star,1910,ML
walshed01,Baseball Magazine All-Star,1911,AL
walshed01,Baseball Magazine All-Star,1911,ML
walshja01,Rookie of the Month,2020,AL
waltebu01,Baseball Magazine All-Star,1939,ML
waltebu01,Baseball Magazine All-Star,1939,NL
waltebu01,Baseball Magazine All-Star,1940,ML
waltebu01,Baseball Magazine All-Star,1940,NL
waltebu01,Baseball Magazine All-Star,1944,ML
waltebu01,Baseball Magazine All-Star,1944,NL
waltebu01,Most Valuable Player,1939,NL
waltebu01,Pitching Triple Crown,1939,NL
waltebu01,TSN All-Star,1939,ML
waltebu01,TSN All-Star,1940,ML
waltebu01,TSN Guide MVP,1939,NL
waltoje01,Rookie of the Year,1989,NL
waltoje01,TSN Rookie Player of the Year,1989,NL
wanerll01,Baseball Magazine All-Star,1927,NL
wanerll01,Baseball Magazine All-Star,1928,NL
wanerll01,Baseball Magazine All-Star,1932,ML
wanerll01,Baseball Magazine All-Star,1932,NL
wanerpa01,Baseball Magazine All-Star,1927,ML
wanerpa01,Baseball Magazine All-Star,1927,NL
wanerpa01,Baseball Magazine All-Star,1928,ML
wanerpa01,Baseball Magazine All-Star,1928,NL
wanerpa01,Baseball Magazine All-Star,1934,ML
wanerpa01,Baseball Magazine All-Star,1934,NL
wanerpa01,Baseball Magazine All-Star,1936,ML
wanerpa01,Baseball Magazine All-Star,1936,NL
wanerpa01,Baseball Magazine All-Star,1937,ML
wanerpa01,Baseball Magazine All-Star,1937,NL
wanerpa01,Most Valuable Player,1927,NL
wanerpa01,TSN All-Star,1927,ML
wanerpa01,TSN All-Star,1928,ML
wanerpa01,TSN All-Star,1937,ML
wangch01,This Year in Baseball Starter of the Year,2006,ML
wardda01,Player of the Week,2004,NL
wardga01,Player of the Month,1984,AL
wardga01,Player of the Week,1982,AL
wardga01,Player of the Week,1982,AL
wardga01,Player of the Week,1984,AL
wardga01,Player of the Week,1985,AL
wardpe01,TSN Rookie Player of the Year,1963,AL
wardta01,Player of the Week,2022,AL
wardta01,Player of the Week,2025,AL
warnelo01,Baseball Magazine All-Star,1932,ML
warnelo01,Baseball Magazine All-Star,1932,NL
warnelo01,Baseball Magazine All-Star,1933,NL
warnelo01,Baseball Magazine All-Star,1934,NL
warnelo01,Baseball Magazine All-Star,1935,NL
warnelo01,Baseball Magazine All-Star,1937,ML
warnelo01,Baseball Magazine All-Star,1937,NL
warnelo01,Baseball Magazine All-Star,1941,NL
warnelo01,TSN All-Star,1932,ML
warremi01,Player of the Week,1983,AL
washbja01,Pitcher of the Month,2009,AL
washicl01,Player of the Month,1982,NL
washicl01,Player of the Week,1979,AL
watsobo01,Player of the Month,1975,NL
watsobo01,Player of the Week,1973,NL
watsobo01,Player of the Week,1976,NL
weavebu01,Baseball Magazine All-Star,1917,AL
weavebu01,Baseball Magazine All-Star,1919,AL
weaveje02,Pitcher of the Month,2011,AL
weaveje02,Player of the Week,2012,AL
webbbr01,Cy Young Award,2006,NL
webbbr01,Pitcher of the Month,2008,NL
webbbr01,Player of the Week,2007,NL
webblo01,Gold Glove,2025,NL
weeksje01,Rookie of the Month,2011,AL
wegmabi01,Hutch Award,1991,ML
weisal01,Babe Ruth Award,1969,NL
weisswa01,Rookie of the Year,1988,AL
weisswa01,TSN Rookie Player of the Year,1988,AL
welchbo01,Cy Young Award,1990,AL
welchbo01,Player of the Week,1980,NL
welchbo01,Player of the Week,1989,AL
welchbo01,TSN All-Star,1990,AL
welchbo01,TSN Pitcher of the Year,1990,AL
welleto01,Pitcher of the Month,2008,NL
wellsda01,ALCS MVP,1998,AL
wellsda01,Player of the Week,1998,AL
wellsda01,TSN All-Star,1998,AL
wellsda01,TSN All-Star,2000,AL
wellsve01,Branch Rickey Award,2010,ML
wellsve01,Gold Glove,2004,AL
wellsve01,Gold Glove,2005,AL
wellsve01,Gold Glove,2006,AL
wellsve01,Player of the Week,2003,AL
wellsve01,Player of the Week,2006,AL
wellsve01,Silver Slugger,2003,AL
wellsve01,TSN All-Star,2003,AL
wellsve01,TSN All-Star,2006,AL
werbebi01,Baseball Magazine All-Star,1934,AL
werbebi01,Baseball Magazine All-Star,1940,NL
werthja01,Player of the Month,2013,NL
werthja01,Player of the Month,2014,NL
werthja01,Player of the Week,2009,NL
werthja01,Player of the Week,2010,NL
werthja01,Player of the Week,2014,NL
wertzvi01,Baseball Magazine All-Star,1949,AL
wertzvi01,Baseball Magazine All-Star,1949,ML
wertzvi01,Baseball Magazine All-Star,1950,AL
westbja01,Player of the Week,2004,AL
westbjo01,Player of the Week,2024,AL
westsa01,Baseball Magazine All-Star,1933,AL
westsa01,Baseball Magazine All-Star,1934,AL
wettejo01,Pitcher of the Month,1993,NL
wettejo01,Player of the Week,1992,NL
wettejo01,Player of the Week,1996,AL
wettejo01,Reliever of the Year Award,1996,AL
wettejo01,TSN Fireman of the Year,1996,AL
wettejo01,World Series MVP,1996,ML
wheatza01,Baseball Magazine All-Star,1913,NL
wheatza01,Baseball Magazine All-Star,1914,NL
wheatza01,Baseball Magazine All-Star,1915,NL
wheatza01,Baseball Magazine All-Star,1916,NL
wheatza01,Baseball Magazine All-Star,1918,NL
wheatza01,Baseball Magazine All-Star,1920,NL
wheatza01,Baseball Magazine All-Star,1923,NL
wheatza01,Baseball Magazine All-Star,1924,ML
wheatza01,Baseball Magazine All-Star,1924,NL
wheatza01,Baseball Magazine All-Star,1925,ML
wheatza01,Baseball Magazine All-Star,1925,NL
wheelza01,All-MLB Team - First Team,2024,ML
wheelza01,All-MLB Team - Second Team,2021,ML
wheelza01,All-MLB Team - Second Team,2025,ML
wheelza01,Gold Glove,2023,NL
wheelza01,Pitcher of the Month,2022,NL
wheelza01,Pitcher of the Month,2025,NL
wheelza01,Player of the Week,2025,NL
whitalo01,Gold Glove,1983,AL
whitalo01,Gold Glove,1984,AL
whitalo01,Gold Glove,1985,AL
whitalo01,Player of the Month,1983,AL
whitalo01,Player of the Week,1983,AL
whitalo01,Rookie of the Year,1978,AL
whitalo01,Silver Slugger,1983,AL
whitalo01,Silver Slugger,1984,AL
whitalo01,Silver Slugger,1985,AL
whitalo01,Silver Slugger,1987,AL
whitalo01,TSN All-Star,1983,AL
whitalo01,TSN All-Star,1984,AL
whitebi03,Gold Glove,1960,NL
whitebi03,Gold Glove,1961,NL
whitebi03,Gold Glove,1962,NL
whitebi03,Gold Glove,1963,NL
whitebi03,Gold Glove,1964,NL
whitebi03,Gold Glove,1965,NL
whitebi03,Gold Glove,1966,NL
whitebi03,TSN All-Star,1963,NL
whitebi03,TSN All-Star,1964,NL
whitede03,Gold Glove,1988,AL
whitede03,Gold Glove,1989,AL
whitede03,Gold Glove,1991,AL
whitede03,Gold Glove,1992,AL
whitede03,Gold Glove,1993,AL
whitede03,Gold Glove,1994,AL
whitede03,Gold Glove,1995,AL
whiteea01,Baseball Magazine All-Star,1933,AL
whiteea01,Baseball Magazine All-Star,1933,ML
whiteer01,Baseball Magazine All-Star,1941,ML
whiteer01,Baseball Magazine All-Star,1941,NL
whiteev01,Gold Glove,2020,AL
whitefr01,ALCS MVP,1980,AL
whitefr01,Gold Glove,1977,AL
whitefr01,Gold Glove,1978,AL
whitefr01,Gold Glove,1979,AL
whitefr01,Gold Glove,1980,AL
whitefr01,Gold Glove,1981,AL
whitefr01,Gold Glove,1982,AL
whitefr01,Gold Glove,1986,AL
whitefr01,Gold Glove,1987,AL
whitefr01,Player of the Week,1984,AL
whitefr01,Silver Slugger,1986,AL
whitefr01,TSN All-Star,1978,AL
whitema01,Player of the Week,1993,NL
whitema01,Player of the Week,1993,NL
whitero01,Player of the Week,1974,AL
whitero01,Player of the Week,1975,AL
whitero01,Player of the Week,1977,AL
whitero02,Player of the Week,1995,NL
whitero02,Player of the Week,2001,NL
whitety01,Player of the Week,2016,AL
whitffr01,TSN All-Star,1965,AL
whitnpi01,Baseball Magazine All-Star,1937,ML
whitnpi01,Baseball Magazine All-Star,1937,NL
whitsed01,Pitcher of the Month,1981,NL
whitter01,TSN All-Star,1988,AL
wietema01,Gold Glove,2011,AL
wietema01,Gold Glove,2012,AL
wiggity01,Player of the Week,2008,NL
wilcomi01,Player of the Week,1983,AL
wilkebr01,TSN Rookie Player of the Year,2002,NL
willeca01,TSN Rookie of the Year,1958,NL
willibe02,ALCS MVP,1996,AL
willibe02,Gold Glove,1997,AL
willibe02,Gold Glove,1998,AL
willibe02,Gold Glove,1999,AL
willibe02,Gold Glove,2000,AL
willibe02,Player of the Month,1997,AL
willibe02,Player of the Month,1998,AL
willibe02,Player of the Week,1997,AL
willibe02,Player of the Week,1998,AL
willibe02,Player of the Week,2001,AL
willibe02,Player of the Week,2002,AL
willibe02,Silver Slugger,2002,AL
willibe02,TSN All-Star,2000,AL
willibe02,TSN All-Star,2002,AL
willibi01,Player of the Week,1973,NL
willibi01,Player of the Week,1974,NL
willibi01,Rookie of the Year,1961,NL
willibi01,TSN All-Star,1964,NL
willibi01,TSN All-Star,1968,NL
willibi01,TSN All-Star,1970,NL
willibi01,TSN All-Star,1972,NL
willibi01,TSN Major League Player of the Year,1972,ML
willibi01,TSN Player of the Year,1972,NL
willibi01,TSN Rookie of the Year,1961,NL
willicy01,Baseball Magazine All-Star,1915,NL
willicy01,Baseball Magazine All-Star,1916,NL
willicy01,Baseball Magazine All-Star,1922,AL
willide03,All-MLB Team - Second Team,2020,ML
willide03,All-MLB Team - Second Team,2023,ML
willide03,Reliever of the Month,2020,NL
willide03,Reliever of the Month,2021,NL
willide03,Reliever of the Month,2023,NL
willide03,Reliever of the Year Award,2020,NL
willide03,Reliever of the Year Award,2023,NL
willide03,Rookie of the Year,2020,NL
willide03,TSN All-Star,2020,NL
willide03,TSN All-Star,2023,NL
willide03,TSN Reliever of the Year,2020,NL
willide03,TSN Reliever of the Year,2023,NL
willido03,Pitcher of the Month,2003,NL
willido03,Pitcher of the Month,2005,NL
willido03,Player of the Week,2003,NL
willido03,Rookie of the Month,2003,NL
willido03,Rookie of the Year,2003,NL
willido03,TSN Rookie Pitcher of the Year,2003,NL
williea02,Rookie of the Year,1971,NL
williea02,TSN Rookie Player of the Year,1971,NL
willijo03,Player of the Week,2009,NL
willijo03,Player of the Week,2012,AL
willijo03,Silver Slugger,2012,AL
willima04,Gold Glove,1991,NL
willima04,Gold Glove,1993,NL
willima04,Gold Glove,1994,NL
willima04,Gold Glove,1997,AL
willima04,Player of the Month,1995,NL
willima04,Player of the Month,1999,NL
willima04,Player of the Week,1994,NL
willima04,Player of the Week,1999,NL
willima04,Player of the Week,1999,NL
willima04,Silver Slugger,1990,NL
willima04,Silver Slugger,1993,NL
willima04,Silver Slugger,1994,NL
willima04,Silver Slugger,1997,AL
willima04,TSN All-Star,1990,NL
willima04,TSN All-Star,1993,NL
willima04,TSN All-Star,1994,NL
willima04,TSN All-Star,1997,AL
willimi02,Pitcher of the Month,1991,NL
willimi02,Player of the Week,1991,NL
willisc01,Rookie of the Year,1999,NL
willisc01,TSN Rookie Pitcher of the Year,1999,NL
willite01,Baseball Magazine All-Star,1939,AL
willite01,Baseball Magazine All-Star,1939,ML
willite01,Baseball Magazine All-Star,1941,AL
willite01,Baseball Magazine All-Star,1941,ML
willite01,Baseball Magazine All-Star,1942,AL
willite01,Baseball Magazine All-Star,1942,ML
willite01,Baseball Magazine All-Star,1946,AL
willite01,Baseball Magazine All-Star,1946,ML
willite01,Baseball Magazine All-Star,1947,AL
willite01,Baseball Magazine All-Star,1947,ML
willite01,Baseball Magazine All-Star,1948,AL
willite01,Baseball Magazine All-Star,1948,ML
willite01,Baseball Magazine All-Star,1949,AL
willite01,Baseball Magazine All-Star,1949,ML
willite01,Baseball Magazine All-Star,1950,AL
willite01,Most Valuable Player,1946,AL
willite01,Most Valuable Player,1949,AL
willite01,Triple Crown,1942,AL
willite01,Triple Crown,1947,AL
willite01,TSN All-Star,1939,ML
willite01,TSN All-Star,1940,ML
willite01,TSN All-Star,1941,ML
willite01,TSN All-Star,1942,ML
willite01,TSN All-Star,1946,ML
willite01,TSN All-Star,1947,ML
willite01,TSN All-Star,1948,ML
willite01,TSN All-Star,1949,ML
willite01,TSN All-Star,1951,ML
willite01,TSN All-Star,1955,ML
willite01,TSN All-Star,1956,ML
willite01,TSN All-Star,1957,ML
willite01,TSN All-Star,1958,ML
willite01,TSN Major League Player of the Year,1941,ML
willite01,TSN Major League Player of the Year,1942,ML
willite01,TSN Major League Player of the Year,1947,ML
willite01,TSN Major League Player of the Year,1949,ML
willite01,TSN Major League Player of the Year,1957,ML
willite01,TSN Player of the Year,1949,AL
willite01,TSN Player of the Year,1957,AL
willivi01,Baseball Magazine All-Star,1908,NL
williwo02,Pitcher of the Month,2001,NL
willsma01,All-Star Game MVP,1962,ML
willsma01,Gold Glove,1961,NL
willsma01,Gold Glove,1962,NL
willsma01,Most Valuable Player,1962,NL
willsma01,TSN All-Star,1961,NL
willsma01,TSN All-Star,1962,NL
willsma01,TSN All-Star,1965,NL
willsma01,TSN Major League Player of the Year,1962,ML
willsma01,TSN Player of the Year,1962,NL
wilsobr01,This Year in Baseball Closer of the Year,2010,ML
wilsoch01,Baseball Magazine All-Star,1912,NL
wilsocj01,Player of the Week,2011,AL
wilsocr03,Player of the Week,2002,NL
wilsocr03,Player of the Week,2003,NL
wilsocr03,Player of the Week,2006,NL
wilsodo01,Player of the Week,1974,NL
wilsoea01,TSN All-Star,1966,AL
wilsoea01,TSN All-Star,1967,AL
wilsoha01,Baseball Magazine All-Star,1926,NL
wilsoha01,Baseball Magazine All-Star,1927,NL
wilsoha01,Baseball Magazine All-Star,1929,ML
wilsoha01,Baseball Magazine All-Star,1929,NL
wilsoha01,Baseball Magazine All-Star,1930,ML
wilsoha01,Baseball Magazine All-Star,1930,NL
wilsoha01,TSN All-Star,1929,ML
wilsoha01,TSN All-Star,1930,ML
wilsoja02,Player of the Week,2007,NL
wilsoja02,Silver Slugger,2004,NL
wilsoji01,Baseball Magazine All-Star,1927,NL
wilsoji01,Baseball Magazine All-Star,1929,NL
wilsopr01,MLB Players Choice Outstanding Rookie,1999,NL
wilsopr01,Player of the Week,2003,NL
wilsopr01,TSN Rookie Player of the Year,1999,NL
wilsowi02,Gold Glove,1980,AL
wilsowi02,Player of the Month,1981,AL
wilsowi02,Player of the Week,1979,AL
wilsowi02,Silver Slugger,1980,AL
wilsowi02,Silver Slugger,1982,AL
winebo01,Gold Glove,1963,NL
winfida01,Babe Ruth Award,1992,AL
winfida01,Branch Rickey Award,1992,ML
winfida01,Gold Glove,1979,NL
winfida01,Gold Glove,1980,NL
winfida01,Gold Glove,1982,AL
winfida01,Gold Glove,1983,AL
winfida01,Gold Glove,1984,AL
winfida01,Gold Glove,1985,AL
winfida01,Gold Glove,1987,AL
winfida01,MLB Players Curt Flood Award,2024,ML
winfida01,Outstanding DH Award,1992,AL
winfida01,Player of the Month,1978,NL
winfida01,Player of the Month,1982,AL
winfida01,Player of the Month,1988,AL
winfida01,Player of the Week,1979,NL
winfida01,Player of the Week,1983,AL
winfida01,Player of the Week,1983,AL
winfida01,Player of the Week,1991,AL
winfida01,Player of the Week,1991,AL
winfida01,Player of the Week,1991,AL
winfida01,Player of the Week,1993,AL
winfida01,Roberto Clemente Award,1994,ML
winfida01,Silver Slugger,1981,AL
winfida01,Silver Slugger,1982,AL
winfida01,Silver Slugger,1983,AL
winfida01,Silver Slugger,1984,AL
winfida01,Silver Slugger,1985,AL
winfida01,Silver Slugger,1992,AL
winfida01,TSN All-Star,1979,NL
winfida01,TSN All-Star,1982,AL
winfida01,TSN All-Star,1983,AL
winfida01,TSN All-Star,1984,AL
winfida01,TSN Comeback Player of the Year,1990,AL
wingoiv01,Baseball Magazine All-Star,1914,NL
wingoiv01,Baseball Magazine All-Star,1919,NL
winnma01,Gold Glove,2025,NL
winnra01,Player of the Month,2005,NL
winnra01,Player of the Week,2005,NL
wisdopa01,Player of the Week,2021,NL
wisdopa01,Rookie of the Month,2021,NL
wisede01,This Year in Baseball Play of the Year,2009,ML
wittbo01,Pitcher of the Month,1990,AL
wittbo01,Player of the Week,1994,AL
wittbo02,All-MLB Team - First Team,2024,ML
wittbo02,All-MLB Team - First Team,2025,ML
wittbo02,Gold Glove,2024,AL
wittbo02,Gold Glove,2025,AL
wittbo02,Platinum Glove,2025,AL
wittbo02,Player of the Month,2024,AL
wittbo02,Player of the Week,2024,AL
wittbo02,Player of the Week,2024,AL
wittbo02,Silver Slugger,2024,AL
wittbo02,Silver Slugger,2025,AL
wittbo02,TSN All-Star,2024,AL
wittbo02,TSN All-Star,2025,AL
wittmi01,Pitcher of the Month,1986,AL
wittmi01,Player of the Week,1984,AL
wittmi01,Player of the Week,1987,AL
wittmi01,Player of the Week,1988,AL
wolffro01,Baseball Magazine All-Star,1945,AL
wolfra02,TSN All-Star,2003,NL
wongko01,Gold Glove,2019,NL
wongko01,Gold Glove,2020,NL
wongko01,Rookie of the Month,2014,NL
woobr01,All-MLB Team - Second Team,2025,ML
woodal02,Pitcher of the Month,2017,NL
woodal02,Player of the Week,2017,NL
woodjo02,Baseball Magazine All-Star,1909,AL
woodjo02,Baseball Magazine All-Star,1912,AL
woodjo02,Baseball Magazine All-Star,1912,ML
woodke02,MLB Players Choice Outstanding Rookie,1998,NL
woodke02,Player of the Week,1998,NL
woodke02,Rookie of the Year,1998,NL
woodke02,TSN Rookie Pitcher of the Year,1998,NL
woodrbr01,Player of the Week,2021,NL
woodwi01,TSN All-Star,1972,AL
woodwi01,TSN Fireman of the Year,1968,AL
woodwi01,TSN Pitcher of the Year,1972,AL
workmbr01,Reliever of the Month,2019,AL
worreto01,Pitcher of the Month,1986,NL
worreto01,Player of the Week,1986,NL
worreto01,Reliever of the Year Award,1986,NL
worreto01,Rookie of the Year,1986,NL
worreto01,TSN Fireman of the Year,1986,NL
worreto01,TSN Rookie Pitcher of the Year,1986,NL
worthcr01,TSN Rookie Player of the Year,1989,AL
wrighcl01,TSN Comeback Player of the Year,1970,AL
wrighda03,Gold Glove,2007,NL
wrighda03,Gold Glove,2008,NL
wrighda03,Player of the Month,2006,NL
wrighda03,Player of the Month,2010,NL
wrighda03,Player of the Week,2005,NL
wrighda03,Player of the Week,2006,NL
wrighda03,Player of the Week,2011,NL
wrighda03,Silver Slugger,2007,NL
wrighda03,Silver Slugger,2008,NL
wrighda03,This Year in Baseball Play of the Year,2005,ML
wrighda03,This Year in Baseball Rookie of the Year,2004,ML
wrighda03,TSN All-Star,2006,NL
wrighda03,TSN All-Star,2007,NL
wrighge03,Player of the Week,1983,AL
wrighgl01,Baseball Magazine All-Star,1925,ML
wrighgl01,Baseball Magazine All-Star,1925,NL
wrighgl01,TSN All-Star,1925,ML
wyattwh01,Baseball Magazine All-Star,1941,ML
wyattwh01,Baseball Magazine All-Star,1941,NL
wyattwh01,Baseball Magazine All-Star,1942,ML
wyattwh01,Baseball Magazine All-Star,1942,NL
wyattwh01,TSN All-Star,1941,ML
wynegbu01,TSN Rookie Player of the Year,1976,AL
wynnea01,Cy Young Award,1959,ML
wynnea01,TSN All-Star,1959,ML
wynnea01,TSN Major League Player of the Year,1959,ML
wynnea01,TSN Pitcher of the Year,1959,AL
wynnji01,Player of the Week,1973,NL
wynnji01,Player of the Week,1974,NL
wynnji01,TSN All-Star,1967,NL
wynnji01,TSN All-Star,1974,NL
wynnji01,TSN Comeback Player of the Year,1974,NL
wyseha01,Baseball Magazine All-Star,1945,NL
yamamyo01,All-MLB Team - First Team,2025,ML
yamamyo01,Pitcher of the Month,2025,NL
yamamyo01,Pitcher of the Month,2025,NL
yamamyo01,World Series MVP,2025,ML
yastrca01,All-Star Game MVP,1970,ML
yastrca01,Gold Glove,1963,AL
yastrca01,Gold Glove,1965,AL
yastrca01,Gold Glove,1967,AL
yastrca01,Gold Glove,1968,AL
yastrca01,Gold Glove,1969,AL
yastrca01,Gold Glove,1971,AL
yastrca01,Gold Glove,1977,AL
yastrca01,Hutch Award,1967,ML
yastrca01,Most Valuable Player,1967,AL
yastrca01,Player of the Week,1975,AL
yastrca01,Player of the Week,1977,AL
yastrca01,Player of the Week,1979,AL
yastrca01,Triple Crown,1967,AL
yastrca01,TSN All-Star,1963,AL
yastrca01,TSN All-Star,1965,AL
yastrca01,TSN All-Star,1967,AL
yastrca01,TSN Major League Player of the Year,1967,ML
yastrca01,TSN Player of the Year,1967,AL
yastrmi01,All-MLB Team - Second Team,2020,ML
yateski01,All-MLB Team - First Team,2019,ML
yateski01,All-MLB Team - Second Team,2024,ML
yateski01,Reliever of the Month,2019,NL
yateski01,TSN All-Star,2019,NL
yateski01,TSN Reliever of the Year,2019,NL
yeagest01,World Series MVP,1981,ML
yelicch01,All-MLB Team - First Team,2019,ML
yelicch01,Gold Glove,2014,NL
yelicch01,Hank Aaron Award,2018,NL
yelicch01,Hank Aaron Award,2019,NL
yelicch01,MLB Players Choice Outstanding Player,2018,NL
yelicch01,Most Valuable Player,2018,NL
yelicch01,Player of the Month,2018,NL
yelicch01,Player of the Week,2018,NL
yelicch01,Player of the Week,2018,NL
yelicch01,Player of the Week,2018,NL
yelicch01,Player of the Week,2019,NL
yelicch01,Player of the Week,2019,NL
yelicch01,Player of the Week,2025,NL
yelicch01,Silver Slugger,2016,NL
yelicch01,Silver Slugger,2018,NL
yelicch01,Silver Slugger,2019,NL
yelicch01,TSN All-Star,2016,NL
yelicch01,TSN All-Star,2018,NL
yelicch01,TSN All-Star,2019,NL
yelicch01,TSN Comeback Player of the Year,2025,NL
yorkru01,Baseball Magazine All-Star,1943,AL
yorkru01,Baseball Magazine All-Star,1943,ML
yorkru01,Baseball Magazine All-Star,1944,AL
yorkru01,Baseball Magazine All-Star,1944,ML
yorkru01,TSN All-Star,1943,ML
yoshima02,Player of the Week,2023,AL
youklke01,Gold Glove,2007,AL
youklke01,Hank Aaron Award,2008,AL
youklke01,Player of the Week,2008,AL
youklke01,Player of the Week,2012,AL
youklke01,Rookie of the Month,2004,AL
youmafl01,Pitcher of the Month,1987,NL
youngch03,Comeback Player of the Year,2014,AL
youngch04,MLB Players Choice Comeback Player,2014,AL
youngch04,Pitcher of the Month,2006,NL
youngch04,TSN Comeback Player of the Year,2014,AL
youngcy01,Baseball Magazine All-Star,1908,AL
youngcy01,Baseball Magazine All-Star,1908,ML
youngcy01,Pitching Triple Crown,1901,AL
youngde03,ALCS MVP,2012,AL
youngde03,Player of the Month,2010,AL
youngde03,Player of the Week,2009,AL
youngdm01,Comeback Player of the Year,2007,NL
youngdm01,MLB Players Choice Comeback Player,2007,NL
youngdm01,Player of the Week,2003,AL
youngdm01,Player of the Week,2005,AL
youngdm01,TSN Comeback Player of the Year,2007,NL
younger01,Silver Slugger,1996,NL
younger01,TSN All-Star,1996,NL
youngke01,Player of the Week,1999,NL
youngmi01,Player of the Week,1985,AL
youngmi02,All-Star Game MVP,2006,ML
youngmi02,Gold Glove,2008,AL
youngmi02,MLB Players Choice Man of the Year,2008,ML
youngmi02,MLB Players Choice Man of the Year,2011,ML
youngmi02,Player of the Week,2002,AL
youngmi02,Player of the Week,2009,AL
youngmi02,Player of the Week,2011,AL
youngmi02,TSN All-Star,2005,AL
youngro01,Baseball Magazine All-Star,1920,NL
youngro01,Baseball Magazine All-Star,1921,NL
youngro01,Baseball Magazine All-Star,1922,NL
youngro01,Baseball Magazine All-Star,1923,NL
youngro01,Baseball Magazine All-Star,1924,NL
yountro01,Gold Glove,1982,AL
yountro01,Most Valuable Player,1982,AL
yountro01,Most Valuable Player,1989,AL
yountro01,Player of the Month,1975,AL
yountro01,Player of the Month,1982,AL
yountro01,Player of the Month,1989,AL
yountro01,Player of the Week,1982,AL
yountro01,Player of the Week,1985,AL
yountro01,Player of the Week,1987,AL
yountro01,Player of the Week,1992,AL
yountro01,Silver Slugger,1980,AL
yountro01,Silver Slugger,1982,AL
yountro01,Silver Slugger,1989,AL
yountro01,TSN All-Star,1978,AL
yountro01,TSN All-Star,1980,AL
yountro01,TSN All-Star,1982,AL
yountro01,TSN All-Star,1989,AL
yountro01,TSN Major League Player of the Year,1982,ML
yountro01,TSN Player of the Year,1982,AL
zachrpa01,Pitcher of the Month,1980,NL
zachrpa01,Rookie of the Year,1976,NL
zahnge01,Pitcher of the Month,1982,AL
zahnge01,TSN All-Star,1982,AL
zambrca01,Pitcher of the Month,2004,NL
zambrca01,Pitcher of the Month,2006,NL
zambrca01,Pitcher of the Month,2007,NL
zambrca01,Player of the Week,2008,NL
zambrca01,Silver Slugger,2006,NL
zambrca01,Silver Slugger,2008,NL
zambrca01,Silver Slugger,2009,NL
zamoros01,Player of the Week,1975,NL
zeileto01,Player of the Week,1993,NL
zeileto01,Player of the Week,1999,AL
zieglbr01,Bob Feller Act of Valor Award - MLB Player,2016,ML
zimmehe01,Baseball Magazine All-Star,1912,ML
zimmehe01,Baseball Magazine All-Star,1912,NL
zimmehe01,Baseball Magazine All-Star,1913,NL
zimmehe01,Baseball Magazine All-Star,1917,ML
zimmehe01,Baseball Magazine All-Star,1917,NL
zimmejo02,Pitcher of the Month,2012,NL
zimmejo02,Pitcher of the Month,2016,AL
zimmejo02,Player of the Week,2014,NL
zimmejo02,Player of the Week,2014,NL
zimmery01,Comeback Player of the Year,2017,NL
zimmery01,Gold Glove,2009,NL
zimmery01,Lou Gehrig Memorial Award,2011,ML
zimmery01,MLB Players Choice Comeback Player,2017,NL
zimmery01,Player of the Month,2017,NL
zimmery01,Player of the Week,2007,NL
zimmery01,Player of the Week,2011,NL
zimmery01,Player of the Week,2012,NL
zimmery01,Player of the Week,2017,NL
zimmery01,Player of the Week,2018,NL
zimmery01,Silver Slugger,2009,NL
zimmery01,Silver Slugger,2010,NL
ziskri01,Player of the Week,1973,NL
ziskri01,Player of the Week,1974,NL
ziskri01,Player of the Week,1977,AL
ziskri01,Player of the Week,1979,AL
ziskri01,TSN All-Star,1974,NL
ziskri01,TSN All-Star,1981,AL
ziskri01,TSN Comeback Player of the Year,1981,AL
zitoba01,Cy Young Award,2002,AL
zitoba01,Hutch Award,2012,ML
zitoba01,Lou Gehrig Memorial Award,2012,ML
zitoba01,MLB Players Choice Outstanding Pitcher,2002,AL
zitoba01,Pitcher of the Month,2001,AL
zitoba01,Pitcher of the Month,2001,AL
zitoba01,Pitcher of the Month,2005,AL
zitoba01,Player of the Week,2000,AL
zitoba01,Player of the Week,2003,AL
zitoba01,TSN All-Star,2002,AL
zitoba01,TSN Pitcher of the Year,2002,AL
zobribe01,Player of the Week,2008,AL
zobribe01,Player of the Week,2011,AL
zobribe01,Player of the Week,2016,NL
zobribe01,World Series MVP,2016,ML
zumayjo01,This Year in Baseball Setup Man of the Year,2006,ML
