playerID,yearID,teamID,inseason,G,W,L,plyrMgr
wrighha01,1871,BS1,1,31,20,10,Y
woodji01,1871,CH1,1,28,19,9,Y
paborch01,1871,CL1,1,29,10,19,Y
lennobi01,1871,FW1,1,14,5,9,Y
deaneha01,1871,FW1,2,5,2,3,Y
fergubo01,1871,NY2,1,33,16,17,Y
mcbridi01,1871,PH1,1,28,21,7,Y
hastisc01,1871,RC1,1,25,4,21,Y
pikeli01,1871,TRO,1,4,1,3,Y
cravebi01,1871,TRO,2,25,12,12,Y
youngni99,1871,WS3,1,32,15,15,N
cravebi01,1872,BL1,1,41,27,13,Y
millsev01,1872,BL1,2,17,8,6,Y
clintji01,1872,BR1,1,11,0,11,Y
woodji01,1872,BR1,2,18,3,15,Y
fergubo01,1872,BR2,1,37,9,28,Y
wrighha01,1872,BS1,1,48,39,8,Y
hastisc01,1872,CL1,1,20,6,14,Y
whitede01,1872,CL1,2,2,0,2,Y
clappjo01,1872,MID,1,24,5,19,Y
pearcdi01,1872,NY2,1,16,10,6,Y
hatfijo01,1872,NY2,2,40,24,14,Y
mcbridi01,1872,PH1,1,47,30,14,Y
woodji01,1872,TRO,1,25,15,10,Y
youngni99,1872,WS3,1,9,2,7,N
millejo01,1872,WS4,1,11,0,11,Y
mcveyca01,1873,BL1,1,33,20,13,Y
careyto01,1873,BL1,2,24,14,9,Y
smithbi01,1873,BL4,1,5,0,5,Y
fergubo01,1873,BR2,1,55,17,37,Y
wrighha01,1873,BS1,1,60,43,16,Y
allisdo01,1873,ELI,1,23,2,21,N
hatfijo01,1873,NY2,1,28,11,17,Y
startjo01,1873,NY2,2,25,18,7,Y
mcbridi01,1873,PH1,1,52,28,23,Y
malonfe01,1873,PH2,1,10,8,2,Y
woodji01,1873,PH2,2,43,28,15,Y
youngni99,1873,WS5,1,39,8,31,N
whitewa01,1874,BL1,1,47,9,38,Y
fergubo01,1874,BR2,1,56,22,33,Y
wrighha01,1874,BS1,1,71,52,18,Y
malonfe01,1874,CH2,1,36,18,18,Y
woodji01,1874,CH2,2,23,10,13,N
pikeli01,1874,HR1,1,53,16,37,Y
careyto01,1874,NY2,1,25,13,12,Y
highadi01,1874,NY2,2,40,29,11,Y
mcbridi01,1874,PH1,1,56,33,23,Y
cravebi01,1874,PH2,1,58,29,29,Y
paborch01,1875,BR2,1,42,2,40,Y
boydbi01,1875,BR2,2,2,0,2,Y
wrighha01,1875,BS1,1,82,71,8,Y
woodji01,1875,CH2,1,69,30,37,N
fergubo01,1875,HR1,1,86,54,28,Y
simmojo01,1875,KEO,1,13,1,12,Y
gouldch01,1875,NH1,1,23,2,21,Y
lathaju01,1875,NH1,2,18,4,14,Y
paborch01,1875,NH1,3,6,1,5,Y
hicksna01,1875,NY2,1,71,30,38,Y
mcbridi01,1875,PH1,1,69,49,18,Y
ansonca01,1875,PH1,2,8,4,2,Y
mcgeami01,1875,PH2,1,63,34,27,Y
addybo01,1875,PH2,2,7,3,4,Y
cravebi01,1875,PH3,1,14,2,12,Y
sweasch01,1875,SL1,1,19,4,15,Y
pearcdi01,1875,SL2,1,72,39,29,Y
holliho01,1875,WS6,1,20,4,16,Y
parksbi01,1875,WS6,2,8,1,7,Y
wrighha01,1876,BSN,1,70,39,31,Y
spaldal01,1876,CHN,1,66,52,14,Y
gouldch01,1876,CN1,1,65,9,56,Y
fergubo01,1876,HAR,1,69,47,21,Y
chapmja01,1876,LS1,1,69,30,36,Y
cravebi01,1876,NY3,1,57,21,35,N
wrighal99,1876,PHN,1,60,14,45,N
graffma99,1876,SL3,1,56,39,17,N
mcmange99,1876,SL3,2,8,6,2,N
wrighha01,1877,BSN,1,61,42,18,Y
spaldal01,1877,CHN,1,60,26,33,Y
pikeli01,1877,CN1,1,14,3,11,Y
addybo01,1877,CN1,2,24,5,19,Y
mannija01,1877,CN1,3,20,7,12,Y
fergubo01,1877,HAR,1,60,31,27,Y
chapmja01,1877,LS1,1,61,35,25,N
mcmange99,1877,SL3,1,60,28,32,N
wrighha01,1878,BSN,1,60,41,19,N
fergubo01,1878,CHN,1,61,30,30,Y
mcveyca01,1878,CN1,1,61,37,23,Y
clappjo01,1878,IN1,1,63,24,36,Y
chapmja01,1878,ML2,1,61,15,45,N
yorkto01,1878,PRO,1,62,33,27,Y
clappjo01,1879,BFN,1,79,46,32,Y
wrighha01,1879,BSN,1,84,54,30,N
ansonca01,1879,CHN,1,64,41,21,Y
flintsi01,1879,CHN,2,19,5,12,Y
mccorji01,1879,CL2,1,82,27,55,Y
whitede01,1879,CN1,1,18,9,9,Y
mcveyca01,1879,CN1,2,63,34,28,Y
wrighge01,1879,PRO,1,85,59,25,Y
dorgami01,1879,SR1,1,43,17,26,Y
holbebi01,1879,SR1,2,1,0,1,Y
maculji01,1879,SR1,3,27,5,21,Y
phillho99,1879,TRN,1,47,12,34,N
fergubo01,1879,TRN,2,30,7,22,Y
cranesa01,1880,BFN,1,84,24,58,Y
wrighha01,1880,BSN,1,86,40,44,N
ansonca01,1880,CHN,1,86,67,17,Y
mccorji01,1880,CL2,1,85,47,37,Y
clappjo01,1880,CN1,1,82,21,59,Y
mcgeami01,1880,PRO,1,16,8,7,Y
wardjo01,1880,PRO,2,32,18,13,Y
dorgami01,1880,PRO,3,39,26,12,Y
fergubo01,1880,TRN,1,83,41,42,Y
bancrfr99,1880,WOR,1,85,40,43,N
orourji01,1881,BFN,1,83,45,38,Y
wrighha01,1881,BSN,1,83,38,45,N
ansonca01,1881,CHN,1,84,56,28,Y
mcgeami01,1881,CL2,1,11,4,7,Y
clappjo01,1881,CL2,2,74,32,41,Y
bancrfr99,1881,DTN,1,84,41,43,N
farreja02,1881,PRO,1,51,24,27,Y
yorkto01,1881,PRO,2,34,23,10,Y
fergubo01,1881,TRN,1,85,39,45,Y
dorgami01,1881,WOR,1,56,24,32,Y
stoveha01,1881,WOR,2,27,8,18,Y
orourji01,1882,BFN,1,84,45,39,Y
myershe01,1882,BL2,1,74,19,54,Y
morrijo01,1882,BSN,1,85,45,39,Y
ansonca01,1882,CHN,1,84,55,29,Y
mccorji01,1882,CL2,1,4,0,4,Y
dunlafr01,1882,CL2,2,80,42,36,Y
snydepo01,1882,CN2,1,80,55,25,Y
bancrfr99,1882,DTN,1,86,42,41,N
mackde01,1882,LS2,1,80,42,38,Y
lathaju01,1882,PH4,1,75,41,34,Y
wrighha01,1882,PRO,1,84,52,32,N
prattal01,1882,PT1,1,79,39,39,N
cuthbne01,1882,SL4,1,80,37,43,Y
fergubo01,1882,TRN,1,85,35,48,Y
brownfr99,1882,WOR,1,41,9,32,N
bondto01,1882,WOR,2,6,2,4,Y
chapmja01,1882,WOR,3,37,7,30,N
orourji01,1883,BFN,1,98,52,45,Y
barnibi01,1883,BL2,1,96,28,68,Y
burdoja01,1883,BSN,1,54,30,24,Y
morrijo01,1883,BSN,2,44,33,11,Y
ansonca01,1883,CHN,1,98,59,39,Y
bancrfr99,1883,CL2,1,100,55,42,N
phillho99,1883,CL5,1,97,32,65,N
snydepo01,1883,CN2,1,98,61,37,Y
chapmja01,1883,DTN,1,101,40,58,N
gerhajo01,1883,LS2,1,98,52,45,Y
clappjo01,1883,NY1,1,98,46,50,Y
mutriji99,1883,NY4,1,97,54,42,N
knighlo01,1883,PH4,1,98,66,32,Y
fergubo01,1883,PHI,1,17,4,13,Y
purcebl01,1883,PHI,2,82,13,68,Y
wrighha01,1883,PRO,1,98,58,40,N
prattal01,1883,PT1,1,32,12,20,N
butleor99,1883,PT1,2,53,17,36,N
battijo01,1883,PT1,3,13,2,11,Y
sullite01,1883,SL4,1,79,53,26,N
comisch01,1883,SL4,2,19,12,7,Y
curtied99,1884,ALT,1,25,6,19,N
orourji01,1884,BFN,1,115,64,47,Y
barnibi01,1884,BL2,1,109,63,43,N
hendebi99,1884,BLU,1,106,58,47,N
tayloge99,1884,BR3,1,109,40,64,N
morrijo01,1884,BSN,1,116,73,38,Y
murnati01,1884,BSU,1,111,58,51,Y
ansonca01,1884,CHN,1,113,62,50,Y
hengled99,1884,CHU,1,74,34,39,N
battijo01,1884,CHU,2,6,1,5,Y
ellicjo01,1884,CHU,3,13,6,6,Y
hackech99,1884,CL2,1,113,35,77,N
schmegu99,1884,CL5,1,110,69,39,N
whitewi01,1884,CN2,1,72,44,27,Y
snydepo01,1884,CN2,2,40,24,14,Y
olearda01,1884,CNU,1,35,20,15,Y
cranesa01,1884,CNU,2,70,49,21,Y
chapmja01,1884,DTN,1,114,28,84,N
giffoji99,1884,IN2,1,87,25,60,N
watkibi01,1884,IN2,2,23,4,18,Y
wheelha01,1884,KCU,1,4,0,4,Y
portema01,1884,KCU,2,16,3,13,Y
sullite01,1884,KCU,3,62,13,46,Y
walshmi99,1884,LS2,1,110,68,40,N
loftuto01,1884,MLU,1,12,8,4,N
priceji99,1884,NY1,1,100,56,42,N
wardjo01,1884,NY1,2,16,6,8,Y
mutriji99,1884,NY4,1,112,75,32,N
knighlo01,1884,PH4,1,109,61,46,Y
wrighha01,1884,PHI,1,113,39,73,N
malonfe01,1884,PHU,1,67,21,46,Y
bancrfr99,1884,PRO,1,114,84,28,N
mcknide99,1884,PT1,1,12,4,8,N
fergubo01,1884,PT1,2,42,11,31,Y
battijo01,1884,PT1,3,13,6,7,Y
creamge01,1884,PT1,4,8,0,8,Y
phillho99,1884,PT1,5,35,9,24,N
mosesfe99,1884,RIC,1,46,12,30,N
williji99,1884,SL4,1,85,51,33,N
comisch01,1884,SL4,2,25,16,7,Y
sullite01,1884,SLU,1,31,28,3,N
dunlafr01,1884,SLU,2,83,66,16,Y
thompam99,1884,SPU,1,9,2,6,N
mortoch01,1884,TL1,1,110,46,58,Y
simmojo01,1884,WIL,1,18,2,16,N
holliho01,1884,WS7,1,62,12,50,N
bicke99,1884,WS7,2,1,0,1,N
scanlmi99,1884,WSU,1,114,47,65,N
galvipu01,1885,BFN,1,24,7,17,Y
chapmja01,1885,BFN,2,88,31,57,N
barnibi01,1885,BL2,1,110,41,68,N
hackech99,1885,BR3,1,37,15,22,N
byrnech99,1885,BR3,2,75,38,37,N
morrijo01,1885,BSN,1,113,46,66,Y
ansonca01,1885,CHN,1,113,87,25,Y
cayloop99,1885,CN2,1,112,63,49,N
mortoch01,1885,DTN,1,38,7,31,Y
watkibi01,1885,DTN,2,70,34,36,N
hartji99,1885,LS2,1,112,53,59,N
mutriji99,1885,NY1,1,112,85,27,N
giffoji99,1885,NY4,1,108,44,64,N
stoveha01,1885,PH4,1,113,55,57,Y
wrighha01,1885,PHI,1,111,56,54,N
bancrfr99,1885,PRO,1,110,53,57,N
phillho99,1885,PT1,1,111,56,55,N
comisch01,1885,SL4,1,112,79,33,Y
dunlafr01,1885,SL5,1,50,21,29,Y
mckinal01,1885,SL5,2,39,6,32,Y
dunlafr01,1885,SL5,3,22,9,11,Y
barnibi01,1886,BL2,1,139,48,83,Y
byrnech99,1886,BR3,1,141,76,61,N
morrijo01,1886,BSN,1,118,56,61,Y
ansonca01,1886,CHN,1,126,90,34,Y
cayloop99,1886,CN2,1,141,65,73,N
watkibi01,1886,DTN,1,126,87,36,N
roweda01,1886,KCN,1,126,30,91,Y
hartji99,1886,LS2,1,138,66,70,N
mutriji99,1886,NY1,1,124,75,44,N
giffoji99,1886,NY4,1,17,5,12,N
fergubo01,1886,NY4,2,120,48,70,N
simmole99,1886,PH4,1,98,41,55,N
sharsbi99,1886,PH4,2,41,22,17,N
wrighha01,1886,PHI,1,119,71,43,N
phillho99,1886,PT1,1,140,80,57,N
comisch01,1886,SL4,1,139,93,46,Y
schmegu99,1886,SL5,1,126,43,79,N
scanlmi99,1886,WS8,1,82,13,67,N
gaffnjo99,1886,WS8,2,43,15,25,N
barnibi01,1887,BL2,1,141,77,58,N
byrnech99,1887,BR3,1,138,60,74,N
kellyki01,1887,BSN,1,95,49,43,Y
morrijo01,1887,BSN,2,32,12,17,Y
ansonca01,1887,CHN,1,127,71,50,Y
williji99,1887,CL3,1,133,39,92,N
schmegu99,1887,CN2,1,136,81,54,N
watkibi01,1887,DTN,1,127,79,45,N
burnhwa99,1887,IN3,1,28,6,22,N
thomafr99,1887,IN3,2,29,11,18,N
fogelho99,1887,IN3,3,70,20,49,N
kellyjo01,1887,LS2,1,139,76,60,N
mutriji99,1887,NY1,1,129,68,55,N
fergubo01,1887,NY4,1,30,6,24,N
orrda01,1887,NY4,2,8,3,5,Y
cayloop99,1887,NY4,3,100,35,60,N
bancrfr99,1887,PH4,1,55,26,29,N
masonch01,1887,PH4,2,82,38,40,N
wrighha01,1887,PHI,1,128,75,48,N
phillho99,1887,PIT,1,125,55,69,N
comisch01,1887,SL4,1,138,95,40,Y
gaffnjo99,1887,WS8,1,126,46,76,N
barnibi01,1888,BL2,1,139,57,80,N
mcgunbi01,1888,BR3,1,143,88,52,N
morrijo01,1888,BSN,1,137,70,64,Y
ansonca01,1888,CHN,1,136,77,58,Y
williji99,1888,CL3,1,64,20,44,N
loftuto01,1888,CL3,2,71,30,38,N
schmegu99,1888,CN2,1,137,80,54,N
watkibi01,1888,DTN,1,94,49,44,N
leadlbo99,1888,DTN,2,40,19,19,N
spencha99,1888,IN3,1,136,50,85,N
roweda01,1888,KC2,1,50,14,36,Y
barklsa01,1888,KC2,2,58,21,36,Y
watkibi01,1888,KC2,3,25,8,17,N
kellyjo01,1888,LS2,1,39,10,29,N
davidmo99,1888,LS2,2,3,1,2,N
kerinjo01,1888,LS2,3,7,3,4,Y
davidmo99,1888,LS2,4,90,34,52,N
mutriji99,1888,NY1,1,138,84,47,N
sharsbi99,1888,PH4,1,137,81,52,N
wrighha01,1888,PHI,1,132,69,61,N
phillho99,1888,PIT,1,139,66,68,N
comisch01,1888,SL4,1,137,92,43,Y
hewetwa99,1888,WS8,1,40,10,29,N
sullite01,1888,WS8,2,96,38,57,N
barnibi01,1889,BL2,1,139,70,65,N
mcgunbi01,1889,BR3,1,140,93,44,N
hartji99,1889,BSN,1,133,83,45,N
ansonca01,1889,CHN,1,136,67,65,Y
loftuto01,1889,CL4,1,136,61,72,N
buckeal99,1889,CL6,1,140,60,78,N
schmegu99,1889,CN2,1,141,76,63,N
bancrfr99,1889,IN3,1,68,25,43,N
glassja01,1889,IN3,2,67,34,32,Y
watkibi01,1889,KC2,1,139,55,82,N
esterdu01,1889,LS2,1,10,2,8,Y
wolfji01,1889,LS2,2,65,14,51,Y
shannda01,1889,LS2,3,58,10,46,Y
chapmja01,1889,LS2,4,7,1,6,N
mutriji99,1889,NY1,1,131,83,43,N
sharsbi99,1889,PH4,1,138,75,58,N
wrighha01,1889,PHI,1,130,63,64,N
phillho99,1889,PIT,1,71,28,43,N
dunlafr01,1889,PIT,2,17,7,10,Y
hanlone01,1889,PIT,3,46,26,18,Y
comisch01,1889,SL4,1,141,90,45,Y
morrijo01,1889,WS8,1,51,13,38,Y
irwinar01,1889,WS8,2,76,28,45,Y
roweja01,1890,BFP,1,81,22,58,Y
faatzja01,1890,BFP,2,34,9,24,Y
roweja01,1890,BFP,3,19,5,14,Y
barnibi01,1890,BL3,1,38,15,19,N
kenneji99,1890,BR4,1,100,26,73,N
mcgunbi01,1890,BRO,1,129,86,43,N
wardjo01,1890,BRP,1,133,76,56,Y
seleefr99,1890,BSN,1,134,76,57,N
kellyki01,1890,BSP,1,133,81,48,Y
ansonca01,1890,CHN,1,139,84,53,Y
comisch01,1890,CHP,1,138,75,62,Y
loftuto01,1890,CIN,1,134,77,55,N
schmegu99,1890,CL4,1,78,21,55,N
leadlbo99,1890,CL4,2,58,23,33,N
buckeal99,1890,CL6,1,80,39,41,N
schmegu99,1890,CL6,2,57,38,13,N
sullipa99,1890,CL6,3,3,2,1,N
larkihe01,1890,CLP,1,79,34,45,Y
tebeapa01,1890,CLP,2,52,21,30,Y
chapmja01,1890,LS2,1,136,88,44,N
mutriji99,1890,NY1,1,135,63,68,N
ewingbu01,1890,NYP,1,132,74,57,Y
sharsbi99,1890,PH4,1,132,54,78,N
wrighha01,1890,PHI,1,22,14,8,N
clemeja01,1890,PHI,2,19,13,6,Y
reachal01,1890,PHI,3,11,4,7,N
allenbo01,1890,PHI,4,35,25,10,Y
wrighha01,1890,PHI,5,46,22,23,N
fogarji01,1890,PHP,1,16,7,9,Y
buffich01,1890,PHP,2,116,61,54,Y
heckegu01,1890,PIT,1,138,23,113,Y
hanlone01,1890,PTP,1,131,60,68,Y
powerpa99,1890,RC2,1,133,63,63,N
mccarto01,1890,SL4,1,22,11,11,Y
kerinjo01,1890,SL4,2,17,9,8,Y
rosemch01,1890,SL4,3,15,7,8,Y
campaco01,1890,SL4,4,42,27,14,Y
mccarto01,1890,SL4,5,5,4,1,Y
gerhajo01,1890,SL4,6,38,20,16,Y
frazege99,1890,SR2,1,71,31,40,N
fessewa99,1890,SR2,2,11,4,7,N
frazege99,1890,SR2,3,46,20,25,N
mortoch01,1890,TL2,1,134,68,64,N
barnibi01,1891,BL3,1,139,71,64,N
wardjo01,1891,BRO,1,137,61,76,Y
irwinar01,1891,BS2,1,139,93,42,Y
seleefr99,1891,BSN,1,140,87,51,N
ansonca01,1891,CHN,1,137,82,53,Y
loftuto01,1891,CIN,1,138,56,81,N
leadlbo99,1891,CL4,1,68,34,34,N
tebeapa01,1891,CL4,2,73,31,40,Y
schmegu99,1891,CL6,1,138,61,76,N
kellyki01,1891,CN3,1,102,43,57,Y
willige04,1891,GOR,1,13,8,5,Y
chapmja01,1891,LS2,1,141,55,84,N
cushmch99,1891,ML3,1,36,21,15,N
mutriji99,1891,NY1,1,136,71,61,N
sharsbi99,1891,PH4,1,18,6,11,N
woodge01,1891,PH4,2,125,67,55,Y
wrighha01,1891,PHI,1,138,68,69,N
hanlone01,1891,PIT,1,78,31,47,Y
mcgunbi01,1891,PIT,2,59,24,33,N
comisch01,1891,SL4,1,141,86,52,Y
trottsa01,1891,WS9,1,12,4,7,N
snydepo01,1891,WS9,2,70,23,46,Y
shannda01,1891,WS9,3,51,15,34,Y
griffsa01,1891,WS9,4,6,2,4,Y
vanhage01,1892,BLN,1,11,1,10,Y
waltzjo99,1892,BLN,2,8,2,6,N
hanlone01,1892,BLN,3,133,43,85,Y
wardjo01,1892,BRO,1,158,95,59,Y
seleefr99,1892,BSN,1,152,102,48,N
ansonca01,1892,CHN,1,147,70,76,Y
comisch01,1892,CIN,1,155,82,68,Y
tebeapa01,1892,CL4,1,153,93,56,Y
chapmja01,1892,LS3,1,54,21,33,N
pfefffr01,1892,LS3,2,100,42,56,Y
powerpa99,1892,NY1,1,153,71,80,N
wrighha01,1892,PHI,1,155,87,66,N
buckeal99,1892,PIT,1,29,15,14,N
burnsto01,1892,PIT,2,60,27,32,Y
buckeal99,1892,PIT,3,66,38,27,N
glassja01,1892,SLN,1,4,1,3,Y
striccu01,1892,SLN,2,23,6,17,Y
crookja01,1892,SLN,3,62,27,33,Y
gorege01,1892,SLN,4,16,6,9,Y
carutbo01,1892,SLN,5,50,16,32,Y
barnibi01,1892,WAS,1,2,0,2,N
irwinar01,1892,WAS,2,108,46,60,N
richada01,1892,WAS,3,43,12,31,Y
hanlone01,1893,BLN,1,130,60,70,N
foutzda01,1893,BRO,1,130,65,63,Y
seleefr99,1893,BSN,1,131,86,43,N
ansonca01,1893,CHN,1,128,56,71,Y
comisch01,1893,CIN,1,131,65,63,Y
tebeapa01,1893,CL4,1,129,73,55,Y
barnibi01,1893,LS3,1,126,50,75,N
wardjo01,1893,NY1,1,136,68,64,Y
wrighha01,1893,PHI,1,133,72,57,N
buckeal99,1893,PIT,1,131,81,48,N
watkibi01,1893,SLN,1,135,57,75,N
orourji01,1893,WAS,1,130,40,89,Y
hanlone01,1894,BLN,1,129,89,39,N
foutzda01,1894,BRO,1,135,70,61,Y
seleefr99,1894,BSN,1,133,83,49,N
ansonca01,1894,CHN,1,137,57,75,Y
comisch01,1894,CIN,1,134,55,75,Y
tebeapa01,1894,CL4,1,130,68,61,Y
barnibi01,1894,LS3,1,131,36,94,N
wardjo01,1894,NY1,1,139,88,44,Y
irwinar01,1894,PHI,1,132,71,57,Y
buckeal99,1894,PIT,1,110,53,55,N
mackco01,1894,PIT,2,23,12,10,Y
milledo01,1894,SLN,1,133,56,76,N
schmegu99,1894,WAS,1,132,45,87,N
hanlone01,1895,BLN,1,132,87,43,N
foutzda01,1895,BRO,1,134,71,60,Y
seleefr99,1895,BSN,1,133,71,60,N
ansonca01,1895,CHN,1,133,72,58,Y
ewingbu01,1895,CIN,1,132,66,64,Y
tebeapa01,1895,CL4,1,132,84,46,Y
mcclojo99,1895,LS3,1,133,35,96,N
davisge01,1895,NY1,1,33,16,17,Y
doyleja01,1895,NY1,2,64,32,31,Y
watkiha99,1895,NY1,3,35,18,17,N
irwinar01,1895,PHI,1,133,78,53,N
mackco01,1895,PIT,1,135,71,61,Y
buckeal99,1895,SLN,1,50,16,34,N
vondech99,1895,SLN,2,1,1,0,N
quinnjo02,1895,SLN,3,40,11,28,Y
phelale99,1895,SLN,4,45,11,30,N
schmegu99,1895,WAS,1,133,43,85,N
hanlone01,1896,BLN,1,132,90,39,N
foutzda01,1896,BRO,1,133,58,73,Y
seleefr99,1896,BSN,1,132,74,57,N
ansonca01,1896,CHN,1,132,71,57,Y
ewingbu01,1896,CIN,1,128,77,50,Y
tebeapa01,1896,CL4,1,135,80,48,Y
mcclojo99,1896,LS3,1,19,2,17,N
mcgunbi01,1896,LS3,2,115,36,76,N
irwinar01,1896,NY1,1,90,36,53,N
joycebi01,1896,NY1,2,43,28,14,Y
nashbi01,1896,PHI,1,130,62,68,Y
mackco01,1896,PIT,1,131,66,63,Y
diddlha99,1896,SLN,1,17,7,10,N
lathaar01,1896,SLN,2,3,0,3,Y
vondech99,1896,SLN,3,2,0,2,N
connoro01,1896,SLN,4,46,8,37,Y
dowdto01,1896,SLN,5,63,25,38,Y
schmegu99,1896,WAS,1,133,58,73,N
hanlone01,1897,BLN,1,136,90,40,N
barnibi01,1897,BRO,1,136,61,71,N
seleefr99,1897,BSN,1,135,93,39,N
ansonca01,1897,CHN,1,138,59,73,Y
ewingbu01,1897,CIN,1,134,76,56,Y
tebeapa01,1897,CL4,1,132,69,62,Y
reynolo01,1897,CU,1,8,6,2,Y
jacksan02,1897,CXG,1,5,3,2,Y
rogerji01,1897,LS3,1,44,17,24,Y
clarkfr01,1897,LS3,2,92,35,54,Y
joycebi01,1897,NY1,1,138,83,48,Y
johnsgr02,1897,PFG,1,1,0,1,Y
stallge01,1897,PHI,1,134,55,77,Y
donovpa01,1897,PIT,1,135,60,71,Y
dowdto01,1897,SLN,1,29,6,22,Y
nicolhu01,1897,SLN,2,40,8,32,N
hallmbi01,1897,SLN,3,50,13,36,Y
vondech99,1897,SLN,4,14,2,12,N
schmegu99,1897,WAS,1,36,9,25,N
brownto01,1897,WAS,2,99,52,46,Y
hanlone01,1898,BLN,1,154,96,53,N
barnibi01,1898,BRO,1,35,15,20,N
griffmi01,1898,BRO,2,4,1,3,Y
ebbetch99,1898,BRO,3,110,38,68,N
seleefr99,1898,BSN,1,152,102,47,N
burnsto01,1898,CHN,1,152,85,65,N
ewingbu01,1898,CIN,1,157,92,60,N
tebeapa01,1898,CL4,1,156,81,68,Y
smithwi06,1898,CU,1,7,2,4,Y
jacksan02,1898,CXG,1,10,7,2,Y
clarkfr01,1898,LS3,1,154,70,81,Y
joycebi01,1898,NY1,1,43,22,21,Y
ansonca01,1898,NY1,2,22,9,13,N
joycebi01,1898,NY1,3,92,46,39,Y
stallge01,1898,PHI,1,46,19,27,Y
shettbi99,1898,PHI,2,104,59,44,N
watkibi01,1898,PIT,1,151,72,76,N
hurstti99,1898,SLN,1,154,39,111,N
brownto01,1898,WAS,1,38,12,26,Y
doyleja01,1898,WAS,2,17,8,9,Y
mcguide01,1898,WAS,3,70,21,47,Y
irwinar01,1898,WAS,4,30,10,19,N
mcgrajo01,1899,BLN,1,152,86,62,Y
hanlone01,1899,BRO,1,150,101,47,N
seleefr99,1899,BSN,1,153,95,57,N
johnsgr02,1899,CCG,1,4,3,1,Y
burnsto01,1899,CHN,1,152,75,73,N
ewingbu01,1899,CIN,1,157,83,67,N
crossla01,1899,CL4,1,38,8,30,Y
quinnjo02,1899,CL4,2,116,12,104,Y
hydeha01,1899,CU,1,19,8,11,Y
jacksan02,1899,CXG,1,19,11,8,Y
clarkfr01,1899,LS3,1,156,75,77,Y
dayjo99,1899,NY1,1,66,29,35,N
hoeyfr99,1899,NY1,2,87,31,55,N
shettbi99,1899,PHI,1,154,94,58,N
watkibi01,1899,PIT,1,24,7,15,N
donovpa01,1899,PIT,2,131,69,58,Y
tebeapa01,1899,SLN,1,155,84,67,Y
irwinar01,1899,WAS,1,155,54,98,N
hanlone01,1900,BRO,1,142,82,54,N
seleefr99,1900,BSN,1,142,66,72,N
pattejo04,1900,CCG,1,5,3,1,Y
loftuto01,1900,CHN,1,146,65,75,N
allenbo01,1900,CIN,1,144,62,77,Y
johnsgr02,1900,CU,1,10,6,3,Y
ewingbu01,1900,NY1,1,63,21,41,N
davisge01,1900,NY1,2,78,39,37,Y
shettbi99,1900,PHI,1,141,75,63,N
clarkfr01,1900,PIT,1,140,79,60,Y
tebeapa01,1900,SLN,1,92,42,50,Y
heilblo99,1900,SLN,2,50,23,25,N
mcgrajo01,1901,BLA,1,135,68,65,Y
colliji01,1901,BOS,1,138,79,57,Y
hanlone01,1901,BRO,1,137,79,57,N
seleefr99,1901,BSN,1,140,69,69,N
johnsgr02,1901,CCG,1,2,2,0,Y
griffcl01,1901,CHA,1,137,83,53,Y
loftuto01,1901,CHN,1,140,53,86,N
mcphebi01,1901,CIN,1,142,52,87,N
mcaleji01,1901,CLE,1,138,54,82,Y
stallge01,1901,DET,1,136,74,61,N
duffyhu01,1901,MLA,1,139,48,89,Y
davisge01,1901,NY1,1,141,52,85,Y
mackco01,1901,PHA,1,137,74,62,N
shettbi99,1901,PHI,1,140,83,57,N
clarkfr01,1901,PIT,1,140,90,49,Y
donovpa01,1901,SLN,1,142,76,64,Y
manniji01,1901,WS1,1,138,61,73,N
mcgrajo01,1902,BLA,1,58,26,31,Y
robinwi01,1902,BLA,2,83,24,57,Y
colliji01,1902,BOS,1,138,77,60,Y
hanlone01,1902,BRO,1,141,75,63,N
buckeal99,1902,BSN,1,142,73,64,N
johnsgr02,1902,CCG,1,3,1,2,Y
griffcl01,1902,CHA,1,138,74,60,Y
seleefr99,1902,CHN,1,143,68,69,N
mcphebi01,1902,CIN,1,65,27,37,N
bancrfr99,1902,CIN,2,16,9,7,N
kellejo01,1902,CIN,3,60,34,26,Y
armoubi99,1902,CLE,1,137,69,67,N
dwyerfr01,1902,DET,1,137,52,83,N
fogelho99,1902,NY1,1,44,18,23,N
smithhe01,1902,NY1,2,32,5,27,Y
mcgrajo01,1902,NY1,3,65,25,38,Y
mackco01,1902,PHA,1,137,83,53,N
shettbi99,1902,PHI,1,138,56,81,N
clarkfr01,1902,PIT,1,142,103,36,Y
mcaleji01,1902,SLA,1,140,78,58,Y
donovpa01,1902,SLN,1,140,56,78,Y
loftuto01,1902,WS1,1,138,61,75,N
colliji01,1903,BOS,1,141,91,47,Y
hanlone01,1903,BRO,1,139,70,66,N
buckeal99,1903,BSN,1,140,58,80,N
callani01,1903,CHA,1,138,60,77,Y
seleefr99,1903,CHN,1,139,82,56,N
kellejo01,1903,CIN,1,141,74,65,Y
armoubi99,1903,CLE,1,140,77,63,N
johnsgr02,1903,CXG,1,7,5,2,Y
barroed99,1903,DET,1,137,65,71,N
mcgrajo01,1903,NY1,1,142,84,55,Y
griffcl01,1903,NYA,1,136,72,62,Y
whiteso99,1903,PG,1,7,2,5,Y
mackco01,1903,PHA,1,137,75,60,N
zimmech01,1903,PHI,1,139,49,86,Y
clarkfr01,1903,PIT,1,141,91,49,Y
mcaleji01,1903,SLA,1,139,65,74,N
donovpa01,1903,SLN,1,139,43,94,Y
loftuto01,1903,WS1,1,140,43,94,N
colliji01,1904,BOS,1,157,95,59,Y
hanlone01,1904,BRO,1,154,56,97,N
buckeal99,1904,BSN,1,155,55,98,N
callani01,1904,CHA,1,42,23,18,Y
jonesfi01,1904,CHA,2,114,66,47,Y
seleefr99,1904,CHN,1,156,93,60,N
kellejo01,1904,CIN,1,157,88,65,Y
armoubi99,1904,CLE,1,154,86,65,N
johnsgr02,1904,CXG,1,13,8,5,Y
barroed99,1904,DET,1,84,32,46,N
lowebo01,1904,DET,2,78,30,44,Y
mcgrajo01,1904,NY1,1,158,106,47,Y
griffcl01,1904,NYA,1,155,92,59,Y
whiteso99,1904,PG,1,13,10,3,Y
mackco01,1904,PHA,1,155,81,70,N
duffyhu01,1904,PHI,1,155,52,100,Y
clarkfr01,1904,PIT,1,156,87,66,Y
mcaleji01,1904,SLA,1,156,65,87,N
nichoki01,1904,SLN,1,155,75,79,Y
kittrma01,1904,WS1,1,18,1,16,Y
donovpa01,1904,WS1,2,139,37,97,Y
colliji01,1905,BOS,1,153,78,74,Y
smithbi07,1905,BRG,1,13,0,12,Y
hanlone01,1905,BRO,1,155,48,104,N
tennefr02,1905,BSN,1,156,51,103,Y
jonesfi01,1905,CHA,1,158,92,60,Y
seleefr99,1905,CHN,1,65,37,28,N
chancfr01,1905,CHN,2,90,55,33,Y
kellejo01,1905,CIN,1,155,79,74,Y
lajoina01,1905,CLE,1,58,37,21,Y
bradlbi01,1905,CLE,2,41,20,21,Y
lajoina01,1905,CLE,3,56,19,36,Y
wilsora01,1905,CXG,1,7,3,4,Y
armoubi99,1905,DET,1,154,79,74,N
smithji03,1905,LEL,1,4,1,1,
mcgrajo01,1905,NY1,1,155,105,48,Y
griffcl01,1905,NYA,1,152,71,78,Y
whiteso99,1905,PG,1,13,12,0,Y
mackco01,1905,PHA,1,152,92,56,N
duffyhu01,1905,PHI,1,155,83,69,Y
clarkfr01,1905,PIT,1,155,96,57,Y
mcaleji01,1905,SLA,1,156,54,99,N
nichoki01,1905,SLN,1,14,5,9,Y
burkeji01,1905,SLN,2,90,34,56,Y
robisst99,1905,SLN,3,50,19,31,N
stahlja01,1905,WS1,1,154,64,87,Y
colliji01,1906,BOS,1,115,35,79,Y
stahlch01,1906,BOS,2,40,14,26,Y
johnsgr02,1906,BRG,1,29,15,13,Y
donovpa01,1906,BRO,1,153,66,86,Y
tennefr02,1906,BSN,1,152,49,102,Y
jonesfi01,1906,CHA,1,154,93,58,Y
chancfr01,1906,CHN,1,155,116,36,Y
hanlone01,1906,CIN,1,155,64,87,N
lajoina01,1906,CLE,1,157,89,64,Y
borgejo01,1906,CSH,1,19,8,10,Y
molinti01,1906,CSH,2,7,2,4,Y
wilsora01,1906,CXG,1,45,19,25,Y
armoubi99,1906,DET,1,151,71,78,N
lelanfr99,1906,LEL,1,12,6,6,N
mcgrajo01,1906,NY1,1,153,96,56,Y
griffcl01,1906,NYA,1,155,90,61,Y
whiteso99,1906,PG,1,42,25,13,Y
mackco01,1906,PHA,1,149,78,67,N
duffyhu01,1906,PHI,1,154,71,82,Y
clarkfr01,1906,PIT,1,154,93,60,Y
pattejo04,1906,QG,1,22,14,8,Y
mcaleji01,1906,SLA,1,154,76,73,N
mcclojo99,1906,SLN,1,154,52,98,N
stahlja01,1906,WS1,1,151,55,95,Y
youngcy01,1907,BOS,1,6,3,3,Y
huffge99,1907,BOS,2,8,2,6,N
unglabo01,1907,BOS,3,29,9,20,Y
mcguide01,1907,BOS,4,112,45,61,Y
johnsgr02,1907,BRG,1,27,12,14,Y
donovpa01,1907,BRO,1,153,65,83,Y
tennefr02,1907,BSN,1,152,58,90,Y
watkipo99,1907,CBG,1,11,5,5,Y
jonesfi01,1907,CHA,1,157,87,64,Y
chancfr01,1907,CHN,1,155,107,45,Y
hanlone01,1907,CIN,1,156,66,87,N
lajoina01,1907,CLE,1,158,85,67,Y
almeira01,1907,CSH,1,7,2,5,Y
jennihu01,1907,DET,1,153,92,58,Y
fosteru99,1907,LEL,1,5,5,0,Y
mcgrajo01,1907,NY1,1,155,82,71,N
griffcl01,1907,NYA,1,152,70,78,Y
whiteso99,1907,PG,1,21,13,8,Y
mackco01,1907,PHA,1,150,88,57,N
murrabi99,1907,PHI,1,149,83,64,N
clarkfr01,1907,PIT,1,157,91,63,Y
mcaleji01,1907,SLA,1,155,69,83,Y
mcclojo99,1907,SLN,1,155,52,101,N
cantijo99,1907,WS1,1,154,49,102,N
mcguide01,1908,BOS,1,115,53,62,Y
lakefr01,1908,BOS,2,40,22,17,N
johnsgr02,1908,BRG,1,34,21,12,Y
donovpa01,1908,BRO,1,154,53,101,N
kellejo01,1908,BSN,1,156,63,91,Y
jonesfi01,1908,CHA,1,156,88,64,Y
chancfr01,1908,CHN,1,158,99,55,Y
ganzejo01,1908,CIN,1,155,73,81,Y
lajoina01,1908,CLE,1,157,90,64,Y
garcian03,1908,CSH,1,24,9,15,N
jennihu01,1908,DET,1,154,90,63,N
fosteru99,1908,LEL,1,22,15,7,Y
mcgrajo01,1908,NY1,1,157,98,56,N
griffcl01,1908,NYA,1,57,24,32,N
elberki01,1908,NYA,2,98,27,71,Y
whiteso99,1908,PG,1,40,21,19,N
mackco01,1908,PHA,1,157,68,85,N
murrabi99,1908,PHI,1,155,83,71,N
clarkfr01,1908,PIT,1,155,98,56,Y
mcaleji01,1908,SLA,1,155,83,69,N
mcclojo99,1908,SLN,1,154,49,105,N
cantijo99,1908,WS1,1,155,67,85,N
lakefr01,1909,BOS,1,152,88,63,N
johnsgr02,1909,BRG,1,12,9,3,Y
lumleha01,1909,BRO,1,155,55,98,Y
bowerfr01,1909,BSN,1,76,22,54,Y
smithha03,1909,BSN,2,79,23,54,Y
sullibi03,1909,CHA,1,159,78,74,Y
chancfr01,1909,CHN,1,155,104,49,Y
griffcl01,1909,CIN,1,157,77,76,Y
lajoina01,1909,CLE,1,114,57,57,Y
mcguide01,1909,CLE,2,41,14,25,N
jennihu01,1909,DET,1,158,98,54,Y
johnsto05,1909,KCG,1,24,12,12,Y
fosteru99,1909,LEL,1,30,17,13,Y
mcgrajo01,1909,NY1,1,158,92,61,N
stallge01,1909,NYA,1,153,74,77,N
wilsora01,1909,PG,1,24,10,14,Y
mackco01,1909,PHA,1,153,95,58,N
murrabi99,1909,PHI,1,154,74,79,N
clarkfr01,1909,PIT,1,154,110,42,Y
mcaleji01,1909,SLA,1,154,61,89,N
bresnro01,1909,SLN,1,154,54,98,Y
walladi01,1909,SPG,1,13,11,2,Y
cantijo99,1909,WS1,1,156,42,110,N
donovpa01,1910,BOS,1,158,81,72,N
whiteso99,1910,BRG,1,13,9,4,N
dahlebi01,1910,BRO,1,156,64,90,Y
lakefr01,1910,BSN,1,157,53,100,Y
duffyhu01,1910,CHA,1,156,68,85,N
chancfr01,1910,CHN,1,154,104,50,Y
griffcl01,1910,CIN,1,156,75,79,Y
mcguide01,1910,CLE,1,161,71,81,Y
harrina01,1910,COG,1,24,15,8,Y
molinti01,1910,CSH,1,31,18,13,Y
jennihu01,1910,DET,1,155,86,68,N
normaji01,1910,KCG,1,16,7,8,Y
johnsto05,1910,KRG,1,6,4,2,Y
fosteru99,1910,LEL,1,25,22,2,Y
mcgrajo01,1910,NY1,1,155,91,63,N
stallge01,1910,NYA,1,142,78,59,N
chaseha01,1910,NYA,2,14,10,4,Y
donalge01,1910,OKM,1,11,3,8,Y
mccleda01,1910,PG,1,21,7,14,Y
mackco01,1910,PHA,1,155,102,48,N
dooinre01,1910,PHI,1,157,78,75,Y
clarkfr01,1910,PIT,1,154,86,67,Y
mendejo99,1910,SC1,1,30,10,18,Y
oconnja01,1910,SLA,1,158,47,107,Y
bresnro01,1910,SLN,1,153,63,90,Y
tayloci99,1910,WBS,1,11,0,10,Y
mcaleji01,1910,WS1,1,157,66,85,N
molinti01,1911,AC2,1,28,8,20,Y
donovpa01,1911,BOS,1,153,78,75,N
earlech01,1911,BRG,1,23,12,10,Y
dahlebi01,1911,BRO,1,154,64,86,Y
tennefr02,1911,BSN,1,156,44,107,Y
fosteru99,1911,CAG,1,42,28,12,Y
duffyhu01,1911,CHA,1,154,77,74,N
chancfr01,1911,CHN,1,158,92,62,Y
griffcl01,1911,CIN,1,159,70,83,N
mcguide01,1911,CLE,1,17,6,11,N
stovage01,1911,CLE,2,139,74,62,Y
pettubi01,1911,COG,1,24,11,12,Y
jennihu01,1911,DET,1,154,89,65,N
boonero01,1911,KRG,1,12,3,9,Y
whiteso99,1911,NLG,1,11,7,4,N
lloydpo99,1911,NLG,2,5,2,2,Y
mcgrajo01,1911,NY1,1,154,99,54,N
chaseha01,1911,NYA,1,153,76,76,Y
johnsgr02,1911,PG,1,22,6,16,Y
mackco01,1911,PHA,1,152,101,50,N
dooinre01,1911,PHI,1,153,79,73,Y
clarkfr01,1911,PIT,1,156,85,69,Y
wallabo01,1911,SLA,1,152,45,107,Y
walladi01,1911,SLG,1,43,26,17,Y
bresnro01,1911,SLN,1,158,75,74,Y
tayloci99,1911,WBS,1,23,11,12,Y
mcaleji01,1911,WS1,1,154,64,90,N
stahlja01,1912,BOS,1,154,105,47,Y
johnsgr02,1912,BRG,1,25,10,15,Y
dahlebi01,1912,BRO,1,153,58,95,N
klingjo01,1912,BSN,1,155,52,101,Y
fosteru99,1912,CAG,1,53,33,19,Y
callani01,1912,CHA,1,158,78,76,Y
chancfr01,1912,CHN,1,153,91,59,Y
odayha01,1912,CIN,1,155,75,78,N
davisha01,1912,CLE,1,127,54,71,Y
birmijo01,1912,CLE,2,28,21,7,Y
molinti01,1912,CSH,1,23,12,9,N
jennihu01,1912,DET,1,154,69,84,Y
johnsto05,1912,KRG,1,5,3,2,Y
lloydpo99,1912,NLG,1,25,16,8,Y
mcgrajo01,1912,NY1,1,154,103,48,N
wolveha01,1912,NYA,1,153,50,102,Y
mackco01,1912,PHA,1,153,90,62,N
dooinre01,1912,PHI,1,152,73,79,Y
clarkfr01,1912,PIT,1,153,93,58,N
wallabo01,1912,SLA,1,40,12,27,Y
stovage01,1912,SLA,2,117,41,74,Y
johnsch06,1912,SLG,1,39,18,21,Y
bresnro01,1912,SLN,1,153,63,90,Y
tayloci99,1912,WBS,1,27,11,16,Y
griffcl01,1912,WS1,1,154,91,61,Y
stahlja01,1913,BOS,1,81,39,41,Y
carribi02,1913,BOS,2,70,40,30,Y
earlech01,1913,BRG,1,24,13,11,Y
dahlebi01,1913,BRO,1,152,65,84,N
stallge01,1913,BSN,1,154,69,82,N
fosteru99,1913,CAG,1,63,37,25,Y
callani01,1913,CHA,1,153,78,74,Y
eversjo01,1913,CHN,1,155,88,65,Y
tinkejo01,1913,CIN,1,156,64,89,Y
birmijo01,1913,CLE,1,155,86,66,Y
greenjo03,1913,COG,1,7,5,2,Y
molinti01,1913,CSH,1,30,16,14,N
jennihu01,1913,DET,1,153,66,87,N
gordosa01,1913,FLP,1,30,12,16,Y
bradlph02,1913,MOH,1,16,8,8,Y
lloydpo99,1913,NLG,1,23,16,6,Y
mcgrajo01,1913,NY1,1,156,101,51,N
chancfr01,1913,NYA,1,153,57,94,Y
mackco01,1913,PHA,1,153,96,57,N
dooinre01,1913,PHI,1,159,88,63,Y
clarkfr01,1913,PIT,1,155,78,71,Y
stovage01,1913,SLA,1,135,50,84,Y
austiji01,1913,SLA,2,8,2,6,Y
rickebr01,1913,SLA,3,12,5,6,N
huggimi01,1913,SLN,1,153,51,99,Y
tayloci99,1913,WBS,1,43,21,20,Y
griffcl01,1913,WS1,1,155,90,64,Y
tayloci99,1914,ABC,1,70,40,29,Y
knabeot01,1914,BLF,1,160,84,70,Y
carribi02,1914,BOS,1,159,91,62,Y
bradlbi01,1914,BRF,1,157,77,77,Y
earlech01,1914,BRG,1,33,14,19,Y
robinwi01,1914,BRO,1,154,75,79,N
stallge01,1914,BSN,1,158,94,59,N
schlala01,1914,BUF,1,156,80,71,Y
fosteru99,1914,CAG,1,53,39,14,Y
hillpe99,1914,CAG,2,4,4,0,Y
callani01,1914,CHA,1,157,70,84,N
tinkejo01,1914,CHF,1,158,87,67,Y
odayha01,1914,CHN,1,156,78,76,N
herzobu01,1914,CIN,1,157,60,94,Y
birmijo01,1914,CLE,1,157,51,102,Y
molinti01,1914,CSH,1,44,23,20,N
jennihu01,1914,DET,1,157,80,73,N
phillbi02,1914,IND,1,157,88,65,N
stovage01,1914,KCF,1,154,67,84,Y
walladi01,1914,NLG,1,32,17,14,Y
pettubi01,1914,NLS,1,7,7,0,Y
mcgrajo01,1914,NY1,1,156,84,70,N
chancfr01,1914,NYA,1,137,60,74,Y
peckiro01,1914,NYA,2,20,10,10,Y
mackco01,1914,PHA,1,158,99,53,N
dooinre01,1914,PHI,1,154,74,80,Y
clarkfr01,1914,PIT,1,158,69,85,Y
gessldo01,1914,PTF,1,11,3,8,N
oakesre01,1914,PTF,2,143,61,78,Y
rickebr01,1914,SLA,1,159,71,82,Y
brownmo01,1914,SLF,1,114,50,63,Y
jonesfi01,1914,SLF,2,40,12,26,Y
huggimi01,1914,SLN,1,157,81,72,Y
griffcl01,1914,WS1,1,158,81,73,Y
tayloci99,1915,ABC,1,62,37,25,Y
knabeot01,1915,BLF,1,155,47,107,Y
carribi02,1915,BOS,1,155,101,50,Y
mageele01,1915,BRF,1,118,53,64,Y
ganzejo01,1915,BRF,2,35,17,18,N
robinwi01,1915,BRO,1,154,80,72,N
stallge01,1915,BSN,1,157,83,69,N
schlala01,1915,BUF,1,41,13,28,N
blairwa01,1915,BUF,2,2,1,1,Y
lordha01,1915,BUF,3,110,60,49,Y
fosteru99,1915,CAG,1,54,29,25,Y
rowlapa99,1915,CHA,1,156,93,61,N
tinkejo01,1915,CHF,1,156,86,66,Y
bresnro01,1915,CHN,1,157,73,80,Y
herzobu01,1915,CIN,1,160,71,83,Y
birmijo01,1915,CLE,1,28,12,16,N
fohlle01,1915,CLE,2,127,45,79,N
molinti01,1915,CSH,1,53,24,29,N
jennihu01,1915,DET,1,156,100,54,N
stovage01,1915,KCF,1,153,81,72,Y
phillbi02,1915,NEW,1,53,26,27,N
mckecbi01,1915,NEW,2,102,54,45,Y
jameskn01,1915,NLG,1,23,17,6,Y
lloydpo99,1915,NLS,1,33,21,12,Y
pettubi01,1915,NLS,2,6,3,3,Y
mcgrajo01,1915,NY1,1,155,69,83,N
donovbi01,1915,NYA,1,154,69,83,Y
mackco01,1915,PHA,1,154,43,109,N
moranpa01,1915,PHI,1,153,90,62,N
clarkfr01,1915,PIT,1,157,73,81,Y
oakesre01,1915,PTF,1,156,86,67,Y
rickebr01,1915,SLA,1,159,63,91,N
jonesfi01,1915,SLF,1,159,87,67,Y
walladi01,1915,SLG,1,18,9,9,Y
huggimi01,1915,SLN,1,157,72,81,Y
griffcl01,1915,WS1,1,155,85,68,N
tayloci99,1916,ABC,1,44,23,18,Y
carribi02,1916,BOS,1,156,91,63,Y
earlech01,1916,BRG,1,26,16,10,Y
robinwi01,1916,BRO,1,156,94,60,N
stallge01,1916,BSN,1,158,89,63,N
fosteru99,1916,CAG,1,69,40,26,Y
rowlapa99,1916,CHA,1,155,89,65,N
tinkejo01,1916,CHN,1,156,67,86,Y
herzobu01,1916,CIN,1,84,34,49,Y
wingoiv01,1916,CIN,2,2,1,1,Y
mathech01,1916,CIN,3,69,25,43,Y
fohlle01,1916,CLE,1,157,77,77,N
chacope01,1916,CSE,1,12,2,10,Y
molinti01,1916,CSW,1,71,35,34,N
jennihu01,1916,DET,1,155,87,67,N
willijo99,1916,NLG,1,22,14,8,Y
pettubi01,1916,NLS,1,29,8,21,Y
mcgrajo01,1916,NY1,1,155,86,66,N
donovbi01,1916,NYA,1,156,80,74,Y
mackco01,1916,PHA,1,154,36,117,N
moranpa01,1916,PHI,1,154,91,62,N
callani01,1916,PIT,1,157,65,89,N
jonesfi01,1916,SLA,1,158,79,75,N
walladi01,1916,SLG,1,44,18,24,Y
huggimi01,1916,SLN,1,153,60,93,Y
griffcl01,1916,WS1,1,159,76,77,N
tayloci99,1917,ABC,1,63,26,33,Y
barryja01,1917,BOS,1,157,90,62,Y
earlech01,1917,BRG,1,29,13,15,Y
robinwi01,1917,BRO,1,156,70,81,N
stallge01,1917,BSN,1,158,72,81,N
fosteru99,1917,CAG,1,65,49,14,Y
rowlapa99,1917,CHA,1,156,100,54,N
mitchfr01,1917,CHN,1,157,74,80,N
mathech01,1917,CIN,1,157,78,76,N
fohlle01,1917,CLE,1,156,88,66,N
chacope01,1917,CSE,1,27,13,14,Y
molinti01,1917,CSW,1,48,19,29,N
jennihu01,1917,DET,1,155,78,75,N
willijo99,1917,NLG,1,34,22,11,Y
mcgrajo01,1917,NY1,1,158,98,56,N
donovbi01,1917,NYA,1,155,71,82,N
mackco01,1917,PHA,1,154,55,98,N
moranpa01,1917,PHI,1,155,87,65,N
callani01,1917,PIT,1,61,20,40,N
wagneho01,1917,PIT,2,5,1,4,Y
bezdehu99,1917,PIT,3,91,30,59,N
jonesfi01,1917,SLA,1,155,57,97,N
huggimi01,1917,SLN,1,154,82,70,N
griffcl01,1917,WS1,1,158,74,79,N
tayloci99,1918,ABC,1,46,25,18,Y
tuckehe99,1918,AC,1,21,8,12,N
barroed99,1918,BOS,1,126,75,51,N
lloydpo99,1918,BRG,1,25,12,13,Y
robinwi01,1918,BRO,1,127,57,69,N
stallge01,1918,BSN,1,124,53,71,N
fosteru99,1918,CAG,1,30,20,8,N
rowlapa99,1918,CHA,1,124,57,67,N
mitchfr01,1918,CHN,1,131,84,45,N
mathech01,1918,CIN,1,120,61,57,N
grohhe01,1918,CIN,2,10,7,3,Y
fohlle01,1918,CLE,1,129,73,54,N
chacope01,1918,CSE,1,26,12,14,Y
molinti01,1918,CSW,1,42,17,23,N
jennihu01,1918,DET,1,128,55,71,Y
sykesdo01,1918,HIL,1,6,4,2,Y
downsbu01,1918,HIL,2,6,4,2,Y
willijo99,1918,NLG,1,28,16,12,Y
mcgrajo01,1918,NY1,1,124,71,53,N
huggimi01,1918,NYA,1,126,60,63,N
mackco01,1918,PHA,1,130,52,76,N
moranpa01,1918,PHI,1,125,55,68,N
bezdehu99,1918,PIT,1,126,65,60,N
jonesfi01,1918,SLA,1,46,22,24,N
austiji01,1918,SLA,2,16,7,9,Y
burkeji01,1918,SLA,3,61,29,31,N
hendrja01,1918,SLN,1,133,51,78,N
griffcl01,1918,WS1,1,130,72,56,N
lloydpo99,1919,AC,1,22,14,8,Y
barroed99,1919,BOS,1,138,66,71,N
lloydpo99,1919,BRG,1,6,1,5,Y
santolo99,1919,BRG,2,11,3,8,Y
robinwi01,1919,BRO,1,141,69,71,N
stallge01,1919,BSN,1,140,57,82,N
fosteru99,1919,CAG,1,43,27,16,N
gleaski01,1919,CHA,1,140,88,52,N
mitchfr01,1919,CHN,1,140,75,65,N
moranpa01,1919,CIN,1,140,96,44,N
fohlle01,1919,CLE,1,78,44,34,N
speaktr01,1919,CLE,2,61,40,21,Y
chacope01,1919,CSE,1,24,13,11,Y
molinti01,1919,CSW,1,36,19,17,N
jennihu01,1919,DET,1,140,80,60,N
hillpe99,1919,DS,1,41,27,14,Y
downsbu01,1919,HIL,1,5,3,2,Y
briggot01,1919,HIL,2,16,7,9,Y
willijo99,1919,NLG,1,28,16,12,Y
mcgrajo01,1919,NY1,1,140,87,53,N
huggimi01,1919,NYA,1,141,80,59,N
mackco01,1919,PHA,1,140,36,104,N
coombja01,1919,PHI,1,63,18,44,N
cravaga01,1919,PHI,2,75,29,46,Y
bezdehu99,1919,PIT,1,139,71,68,N
burkeji01,1919,SLA,1,140,67,72,N
rickebr01,1919,SLN,1,138,54,83,N
griffcl01,1919,WS1,1,142,56,84,N
tayloci99,1920,ABC,1,96,46,45,Y
reddidi01,1920,AC,1,39,22,16,Y
barroed99,1920,BOS,1,154,72,81,N
lloydpo99,1920,BRG,1,22,13,7,Y
robinwi01,1920,BRO,1,155,93,61,N
stallge01,1920,BSN,1,153,62,90,N
fosteru99,1920,CAG,1,72,51,19,N
gleaski01,1920,CHA,1,154,96,58,N
mitchfr01,1920,CHN,1,154,75,79,N
moranpa01,1920,CIN,1,154,82,71,N
speaktr01,1920,CLE,1,154,98,56,Y
greenjo03,1920,COG,1,42,6,36,Y
chacope01,1920,CSE,1,16,5,11,Y
molinti01,1920,CSW,1,69,35,34,N
jennihu01,1920,DET,1,155,61,93,N
tayloca99,1920,DM,1,54,17,37,Y
hillpe99,1920,DS,1,68,41,27,Y
francbi01,1920,HIL,1,20,9,9,Y
mendejo99,1920,KCM,1,79,42,35,Y
willijo99,1920,NLG,1,12,4,8,Y
mcgrajo01,1920,NY1,1,155,86,68,N
huggimi01,1920,NYA,1,154,95,59,N
mackco01,1920,PHA,1,156,48,106,N
cravaga01,1920,PHI,1,153,62,91,Y
gibsoge01,1920,PIT,1,155,79,75,N
burkeji01,1920,SLA,1,154,76,77,N
walladi01,1920,SLG,1,72,33,39,Y
rickebr01,1920,SLN,1,155,75,79,N
griffcl01,1920,WS1,1,153,68,84,N
tayloci99,1921,ABC,1,116,56,56,Y
reddidi01,1921,AC,1,83,44,36,Y
duffyhu01,1921,BOS,1,154,75,79,N
dougled01,1921,BRG,1,13,5,8,Y
robinwi01,1921,BRO,1,152,77,75,N
mitchfr01,1921,BSN,1,153,79,74,N
fosteru99,1921,CAG,1,87,55,28,Y
gleaski01,1921,CHA,1,154,62,92,N
eversjo01,1921,CHN,1,96,41,55,N
killebi01,1921,CHN,2,57,23,34,Y
moranpa01,1921,CIN,1,153,70,83,N
speaktr01,1921,CLE,1,154,94,60,Y
lloydpo99,1921,COB,1,93,43,49,Y
greenjo03,1921,COG,1,57,14,40,Y
molinti01,1921,CS,1,81,36,43,N
chacope01,1921,CSE,1,19,10,9,Y
cobbty01,1921,DET,1,154,71,82,Y
hillpe99,1921,DS,1,87,39,47,Y
francbi01,1921,HIL,1,46,27,18,Y
crawfsa02,1921,KCM,1,101,57,44,Y
willijo99,1921,NLG,1,22,12,10,Y
mcgrajo01,1921,NY1,1,153,94,59,N
huggimi01,1921,NYA,1,153,98,55,N
mackco01,1921,PHA,1,155,53,100,N
donovbi01,1921,PHI,1,87,25,62,N
wilheka01,1921,PHI,2,67,26,41,Y
gibsoge01,1921,PIT,1,154,90,63,N
fohlle01,1921,SLA,1,154,81,73,N
walladi01,1921,SLG,1,81,46,34,Y
rickebr01,1921,SLN,1,154,87,66,N
mcbrige01,1921,WS1,1,154,80,73,N
taylobe99,1922,ABC,1,107,63,42,Y
piercbi03,1922,BBS,1,13,5,7,Y
millelo01,1922,BBS,2,39,20,19,Y
duffyhu01,1922,BOS,1,154,61,93,N
dougled01,1922,BRG,1,10,6,4,Y
robinwi01,1922,BRO,1,155,76,78,N
mitchfr01,1922,BSN,1,154,53,100,N
fosteru99,1922,CAG,1,77,46,30,Y
gleaski01,1922,CHA,1,155,77,77,N
killebi01,1922,CHN,1,156,80,74,N
moranpa01,1922,CIN,1,156,86,68,N
speaktr01,1922,CLE,1,155,78,76,Y
chacope01,1922,CSE,1,21,10,9,Y
molinti01,1922,CSW,1,61,18,43,N
tayloca99,1922,CTS,1,63,25,35,Y
cobbty01,1922,DET,1,155,79,75,Y
petwabr01,1922,DS,1,86,49,36,Y
francbi01,1922,HIL,1,48,20,27,Y
crawfsa02,1922,KCM,1,85,50,33,Y
willijo99,1922,NLG,1,21,9,9,Y
mcgrajo01,1922,NY1,1,156,93,61,N
huggimi01,1922,NYA,1,154,94,60,N
lloydpo99,1922,NYB,1,68,30,37,Y
mackco01,1922,PHA,1,155,65,89,N
wilheka01,1922,PHI,1,154,57,96,N
gibsoge01,1922,PIT,1,65,32,33,N
mckecbi01,1922,PIT,2,90,53,36,N
dismudi01,1922,PK,1,37,12,23,Y
johnsdi02,1922,PK,2,9,2,6,N
fohlle01,1922,SLA,1,154,93,61,N
rickebr01,1922,SLN,1,154,85,69,N
gatewbi01,1922,SLS,1,66,29,37,Y
milancl01,1922,WS1,1,154,69,85,Y
dismudi01,1923,ABC,1,84,51,33,Y
lundydi01,1923,ACB,1,59,28,30,Y
willipo02,1923,BBB,1,45,16,25,Y
millelo01,1923,BBS,1,12,7,5,N
mahonan01,1923,BBS,2,35,10,24,N
hallbl01,1923,BBS,3,12,6,6,Y
chancfr01,1923,BOS,1,154,61,91,N
dougled01,1923,BRG,1,36,17,18,Y
robinwi01,1923,BRO,1,155,76,78,N
mitchfr01,1923,BSN,1,155,54,100,N
fosteru99,1923,CAG,1,78,48,29,N
gleaski01,1923,CHA,1,156,69,85,N
killebi01,1923,CHN,1,154,83,71,N
moranpa01,1923,CIN,1,154,91,63,N
speaktr01,1923,CLE,1,153,82,71,Y
chacope01,1923,CSE,1,41,24,17,Y
molinti01,1923,CSW,1,62,27,35,N
cobbty01,1923,DET,1,155,83,71,Y
petwabr01,1923,DS,1,71,41,30,Y
lloydpo99,1923,HIL,1,62,40,21,Y
crawfsa02,1923,KCM,1,43,26,17,Y
mendejo99,1923,KCM,2,55,35,20,Y
hillpe99,1923,MB,1,67,14,52,Y
wallsgr99,1923,MRS,1,22,15,7,N
willijo99,1923,NLG,1,41,18,23,Y
mcgrajo01,1923,NY1,1,153,95,58,N
huggimi01,1923,NYA,1,152,98,54,N
mackco01,1923,PHA,1,153,69,83,N
fletcar01,1923,PHI,1,155,50,104,N
mckecbi01,1923,PIT,1,154,87,67,N
fohlle01,1923,SLA,1,103,52,49,N
austiji01,1923,SLA,2,51,22,29,Y
rickebr01,1923,SLN,1,154,79,74,N
hewitjo01,1923,SLS,1,40,17,23,Y
tayloca99,1923,SLS,2,41,15,25,Y
johnsdi02,1923,TT,1,13,3,10,Y
tayloca99,1923,TT,2,14,7,7,Y
bushdo01,1923,WS1,1,155,75,78,Y
dismudi01,1924,ABC,1,28,5,21,Y
lloydpo99,1924,ACB,1,70,36,32,Y
crawfsa02,1924,BBB,1,3,0,2,N
weslech01,1924,BBB,2,31,18,11,Y
dismudi01,1924,BBB,3,41,14,26,Y
hewitjo01,1924,BBB,4,11,5,6,Y
hillpe99,1924,BBS,1,61,38,23,Y
fohlle01,1924,BOS,1,157,67,87,N
dougled01,1924,BRG,1,41,15,25,Y
robinwi01,1924,BRO,1,154,92,62,N
bancrda01,1924,BSN,1,154,53,100,Y
fosteru99,1924,CAG,1,83,56,27,N
whiteso99,1924,CBN,1,31,11,20,N
rayot01,1924,CBN,2,18,5,13,Y
eversjo01,1924,CHA,1,21,10,11,N
walshed01,1924,CHA,2,3,1,2,N
collied01,1924,CHA,3,27,14,13,Y
eversjo01,1924,CHA,4,103,41,61,N
killebi01,1924,CHN,1,154,81,72,N
hendrja01,1924,CIN,1,153,83,70,N
speaktr01,1924,CLE,1,153,67,86,Y
chacope01,1924,CSE,1,50,17,32,Y
molinti01,1924,CSW,1,53,18,35,N
cobbty01,1924,DET,1,156,86,68,Y
petwabr01,1924,DS,1,67,35,31,Y
charlos99,1924,HBG,1,61,30,31,Y
warfifr01,1924,HIL,1,72,47,25,Y
mendejo99,1924,KCM,1,79,57,22,Y
glassca01,1924,MRS,1,68,27,38,Y
gansju01,1924,NLG,1,68,36,31,Y
mcgrajo01,1924,NY1,1,29,16,13,N
jennihu01,1924,NY1,2,44,32,12,N
mcgrajo01,1924,NY1,3,81,45,35,N
huggimi01,1924,NYA,1,153,89,63,N
mackco01,1924,PHA,1,152,71,81,N
fletcar01,1924,PHI,1,152,55,96,N
mckecbi01,1924,PIT,1,153,90,63,N
sislege01,1924,SLA,1,153,74,78,Y
rickebr01,1924,SLN,1,154,65,89,N
tayloca99,1924,SLS,1,84,43,41,Y
taylobe99,1924,WP,1,62,21,40,Y
harribu01,1924,WS1,1,156,92,62,Y
allento01,1925,ABC,1,70,17,53,Y
lloydpo99,1925,ACB,1,76,36,38,Y
pattewi99,1925,BBB,1,16,3,13,N
crawfsa02,1925,BBB,2,74,24,48,Y
beckwjo02,1925,BBS,1,42,24,17,Y
hillpe99,1925,BBS,2,29,12,16,Y
fohlle01,1925,BOS,1,152,47,105,N
dougled01,1925,BRG,1,35,14,20,Y
robinwi01,1925,BRO,1,153,68,85,N
bancrda01,1925,BSN,1,153,70,83,Y
fosteru99,1925,CAG,1,102,57,43,N
collied01,1925,CHA,1,154,79,75,Y
killebi01,1925,CHN,1,75,33,42,N
maranra01,1925,CHN,2,53,23,30,Y
gibsoge01,1925,CHN,3,26,12,14,N
hendrja01,1925,CIN,1,153,80,73,N
speaktr01,1925,CLE,1,155,70,84,Y
chacope01,1925,CSE,1,45,18,26,Y
molinti01,1925,CSW,1,51,20,31,N
cobbty01,1925,DET,1,156,81,73,Y
petwabr01,1925,DS,1,100,56,44,Y
charlos99,1925,HBG,1,73,48,24,Y
warfifr01,1925,HIL,1,72,53,18,Y
mendejo99,1925,KCM,1,91,63,26,Y
dismudi01,1925,MRS,1,88,34,53,Y
gansju01,1925,NLG,1,36,3,31,Y
lindscl01,1925,NLG,2,14,4,10,Y
mcgrajo01,1925,NY1,1,14,10,4,N
jennihu01,1925,NY1,2,32,21,11,N
mcgrajo01,1925,NY1,3,106,55,51,N
huggimi01,1925,NYA,1,156,69,85,N
mackco01,1925,PHA,1,153,88,64,N
fletcar01,1925,PHI,1,153,68,85,N
mckecbi01,1925,PIT,1,153,95,58,N
sislege01,1925,SLA,1,154,82,71,Y
rickebr01,1925,SLN,1,38,13,25,N
hornsro01,1925,SLN,2,115,64,51,Y
tayloca99,1925,SLS,1,97,65,30,Y
mccleda01,1925,WMP,1,12,3,9,N
egglema01,1925,WMP,2,21,7,12,Y
harribu01,1925,WS1,1,152,96,55,Y
demosbi01,1926,ABC,1,91,40,50,Y
lundydi01,1926,ACB,1,74,43,29,Y
taylobe99,1926,BBS,1,62,22,38,Y
fohlle01,1926,BOS,1,154,46,107,N
waterjo99,1926,BRG,1,35,11,24,N
robinwi01,1926,BRO,1,155,71,82,N
bancrda01,1926,BSN,1,153,66,86,Y
fosteru99,1926,CAG,1,45,27,17,N
malarda01,1926,CAG,2,39,30,7,Y
tayloca99,1926,CEL,1,48,7,40,Y
duncafr01,1926,CEL,2,2,1,1,Y
collied01,1926,CHA,1,155,81,72,Y
mccarjo99,1926,CHN,1,155,82,72,N
hendrja01,1926,CIN,1,157,87,67,N
speaktr01,1926,CLE,1,154,88,66,Y
chacope01,1926,CSE,1,51,29,22,Y
molinti01,1926,CSW,1,68,19,49,N
cobbty01,1926,DET,1,157,79,75,Y
huffed01,1926,DM,1,42,6,36,Y
riggibi01,1926,DS,1,79,44,34,Y
tayloca99,1926,DS,2,21,8,13,Y
charlos99,1926,HBG,1,49,27,22,Y
warfifr01,1926,HIL,1,88,53,33,Y
roganbu99,1926,KCM,1,82,60,22,Y
lloydpo99,1926,NLG,1,54,22,31,Y
harrian03,1926,NS,1,11,1,10,Y
mcgrajo01,1926,NY1,1,151,74,77,N
huggimi01,1926,NYA,1,155,91,63,N
mackco01,1926,PHA,1,150,83,67,N
fletcar01,1926,PHI,1,152,58,93,N
mckecbi01,1926,PIT,1,157,84,69,N
sislege01,1926,SLA,1,155,62,92,Y
hornsro01,1926,SLN,1,156,89,65,Y
russebr01,1926,SLS,1,9,1,8,Y
dismudi01,1926,SLS,2,30,20,10,Y
reesejo01,1926,SLS,3,59,40,17,Y
harribu01,1926,WS1,1,152,81,69,Y
lundydi01,1927,ACB,1,91,55,35,Y
jonesru02,1927,BBB,1,100,53,44,Y
taylobe99,1927,BBS,1,72,34,36,Y
carribi02,1927,BOS,1,154,51,103,N
reddidi01,1927,BRG,1,34,11,23,Y
robinwi01,1927,BRO,1,154,65,88,N
bancrda01,1927,BSN,1,155,60,94,Y
malarda01,1927,CAG,1,94,62,31,Y
schalra01,1927,CHA,1,153,70,83,Y
mccarjo99,1927,CHN,1,153,85,68,N
duncafr01,1927,CHT,1,52,13,39,Y
hendrja01,1927,CIN,1,153,75,78,N
mccalja99,1927,CLE,1,153,66,87,N
chacope01,1927,CSE,1,35,19,15,Y
barobe01,1927,CSE,2,27,12,14,Y
molinti01,1927,CSW,1,70,22,47,N
moriage02,1927,DET,1,156,82,71,N
demosbi01,1927,DS,1,99,52,47,Y
beckwjo02,1927,HBG,1,69,38,31,Y
warfifr01,1927,HIL,1,16,7,9,Y
briggot01,1927,HIL,2,71,31,39,Y
roganbu99,1927,KCM,1,88,55,33,Y
weslech01,1927,MRS,1,97,26,68,Y
lloydpo99,1927,NLG,1,32,11,21,Y
mcgrajo01,1927,NY1,1,122,70,52,N
hornsro01,1927,NY1,2,33,22,10,Y
huggimi01,1927,NYA,1,155,110,44,N
mackco01,1927,PHA,1,155,91,63,N
mcinnst01,1927,PHI,1,155,51,103,Y
bushdo01,1927,PIT,1,156,94,60,N
howleda01,1927,SLA,1,155,59,94,N
ofarrbo01,1927,SLN,1,153,92,61,Y
tayloca99,1927,SLS,1,99,62,37,Y
harribu01,1927,WS1,1,157,85,69,Y
lundydi01,1928,ACB,1,63,30,31,Y
willipo02,1928,BBB,1,14,3,11,Y
weslech01,1928,BBB,2,88,44,44,Y
taylobe99,1928,BBS,1,61,29,29,Y
carribi02,1928,BOS,1,154,57,96,N
robinwi01,1928,BRO,1,155,77,76,N
slattja01,1928,BSN,1,31,11,20,N
hornsro01,1928,BSN,2,122,39,83,Y
malarda01,1928,CAG,1,62,41,20,Y
harnege01,1928,CAG,2,37,18,19,Y
schalra01,1928,CHA,1,75,32,42,Y
blackle01,1928,CHA,2,80,40,40,N
mccarjo99,1928,CHN,1,154,91,63,N
hendrja01,1928,CIN,1,153,78,74,N
peckiro01,1928,CLE,1,155,62,92,N
fernajo05,1928,CSE,1,30,9,18,Y
molinti01,1928,CSW,1,54,13,41,N
duncafr01,1928,CTG,1,24,4,20,Y
jeffrha01,1928,CTG,2,25,7,18,Y
crawfsa02,1928,CTG,3,30,9,21,Y
moriage02,1928,DET,1,154,68,86,N
demosbi01,1928,DS,1,96,56,40,Y
poseycu99,1928,HG,1,20,11,9,N
briggot01,1928,HIL,1,64,35,28,Y
roganbu99,1928,KCM,1,80,50,29,Y
glassca01,1928,MRS,1,84,33,51,Y
lloydpo99,1928,NLG,1,40,21,17,Y
mcgrajo01,1928,NY1,1,155,93,61,N
huggimi01,1928,NYA,1,154,101,53,N
mackco01,1928,PHA,1,153,98,55,N
shottbu01,1928,PHI,1,152,43,109,N
bushdo01,1928,PIT,1,152,85,67,N
johnsbi05,1928,PTG,1,9,2,7,Y
howleda01,1928,SLA,1,154,82,72,N
mckecbi01,1928,SLN,1,154,95,59,N
tayloca99,1928,SLS,1,93,67,26,Y
harribu01,1928,WS1,1,155,75,79,Y
taylobe99,1929,ACB,1,73,20,51,Y
weslech01,1929,BBB,1,69,27,41,Y
smithcl02,1929,BBB,2,26,8,18,Y
warfifr01,1929,BBS,1,89,61,28,Y
carribi02,1929,BOS,1,155,58,96,N
robinwi01,1929,BRO,1,153,70,83,N
fuchsju99,1929,BSN,1,154,56,98,N
brownji04,1929,CAG,1,104,62,42,Y
blackle01,1929,CHA,1,152,59,93,Y
mccarjo99,1929,CHN,1,156,98,54,N
hendrja01,1929,CIN,1,155,66,88,N
peckiro01,1929,CLE,1,152,81,71,N
fernajo05,1929,CSE,1,61,16,43,Y
molinti01,1929,CSW,1,60,19,40,N
harribu01,1929,DET,1,155,70,84,Y
demosbi01,1929,DS,1,88,43,45,Y
poseycu99,1929,HG,1,71,34,34,N
charlos99,1929,HIL,1,4,0,4,Y
cockrph01,1929,HIL,2,80,44,32,Y
roganbu99,1929,KCM,1,82,65,17,Y
glassca01,1929,MRS,1,11,8,3,Y
kenyoha01,1929,MRS,2,76,17,56,Y
lloydpo99,1929,NLG,1,75,45,28,Y
mcgrajo01,1929,NY1,1,152,84,67,N
huggimi01,1929,NYA,1,143,82,61,N
fletcar01,1929,NYA,2,11,6,5,N
mackco01,1929,PHA,1,151,104,46,N
shottbu01,1929,PHI,1,154,71,82,N
bushdo01,1929,PIT,1,119,67,51,N
ensje01,1929,PIT,2,35,21,14,N
howleda01,1929,SLA,1,154,79,73,N
southbi01,1929,SLN,1,90,43,45,Y
streega01,1929,SLN,2,1,1,0,N
mckecbi01,1929,SLN,3,63,34,29,N
tayloca99,1929,SLS,1,107,64,41,Y
johnswa01,1929,WS1,1,153,71,81,N
smithcl02,1930,BBB,1,65,34,31,Y
gatewbi01,1930,BBB,2,33,12,19,N
warfifr01,1930,BBS,1,46,24,20,Y
wagnehe01,1930,BOS,1,154,52,102,N
robinwi01,1930,BRO,1,154,86,68,N
mckecbi01,1930,BSN,1,154,70,84,N
brownji04,1930,CAG,1,51,19,32,Y
fostebi99,1930,CAG,2,57,34,23,Y
bushdo01,1930,CHA,1,154,62,92,N
mccarjo99,1930,CHN,1,152,86,64,N
hornsro01,1930,CHN,2,4,4,0,Y
howleda01,1930,CIN,1,154,59,95,N
peckiro01,1930,CLE,1,154,81,73,N
molinti01,1930,CSW,1,63,24,39,N
harribu01,1930,DET,1,154,75,79,N
demosbi01,1930,DS,1,95,54,41,N
poseycu99,1930,HG,1,60,44,15,N
cockrph01,1930,HIL,1,39,8,30,Y
roganbu99,1930,KCM,1,37,27,10,Y
mothedi01,1930,KCM,2,40,13,27,Y
tayloca99,1930,MRS,1,88,33,54,Y
hewitjo01,1930,NEG,1,87,28,58,Y
lloydpo99,1930,NLG,1,56,41,14,Y
mcgrajo01,1930,NY1,1,154,87,67,N
shawkbo01,1930,NYA,1,154,86,68,N
mackco01,1930,PHA,1,154,102,52,N
shottbu01,1930,PHI,1,156,52,102,N
ensje01,1930,PIT,1,154,80,74,N
killebi01,1930,SLA,1,154,64,90,N
streega01,1930,SLN,1,154,92,62,N
reesejo01,1930,SLS,1,102,74,27,Y
johnswa01,1930,WS1,1,154,94,60,N
tayloca99,1931,AB2,1,71,34,36,Y
warfifr01,1931,BBS,1,61,22,38,Y
collish01,1931,BOS,1,153,62,90,N
robinwi01,1931,BRO,1,153,79,73,N
mckecbi01,1931,BSN,1,156,64,90,N
malarda01,1931,CC2,1,26,6,19,Y
hewitjo01,1931,CCU,1,53,27,26,Y
bushdo01,1931,CHA,1,156,56,97,N
hornsro01,1931,CHN,1,156,84,70,Y
howleda01,1931,CIN,1,154,58,96,N
peckiro01,1931,CLE,1,155,78,76,N
harribu01,1931,DET,1,154,61,93,Y
demosbi01,1931,DS,1,61,25,36,N
lloydpo99,1931,HAR,1,18,6,12,Y
poseycu99,1931,HG,1,56,34,21,N
johnsju99,1931,HIL,1,53,38,14,Y
roganbu99,1931,KCM,1,19,10,9,N
willipo02,1931,LOW,1,61,24,36,Y
mcgrajo01,1931,NY1,1,153,87,65,N
mccarjo99,1931,NYA,1,155,94,59,N
mackco01,1931,PHA,1,153,107,45,N
shottbu01,1931,PHI,1,155,66,88,N
ensje01,1931,PIT,1,155,75,79,N
killebi01,1931,SLA,1,154,63,91,N
streega01,1931,SLN,1,154,101,53,Y
reesejo01,1931,SLS,1,71,51,19,Y
johnswa01,1931,WS1,1,156,92,62,N
tayloca99,1932,AB2,1,61,25,32,Y
willipo02,1932,BBB,1,27,12,15,N
lundydi01,1932,BBS,1,66,33,33,Y
fortstf99,1932,BCA,1,24,6,18,
collish01,1932,BOS,1,55,11,44,N
mcmanma01,1932,BOS,2,99,32,67,Y
careyma01,1932,BRO,1,154,81,73,N
mckecbi01,1932,BSN,1,155,77,77,N
malarda01,1932,CAG,1,82,50,32,Y
fonsele01,1932,CHA,1,152,49,102,Y
hornsro01,1932,CHN,1,99,53,46,Y
grimmch01,1932,CHN,2,55,37,18,Y
howleda01,1932,CIN,1,155,60,94,N
peckiro01,1932,CLE,1,153,87,65,N
youngwp99,1932,CLS,1,26,11,14,N
ramirra04,1932,CUP,1,38,18,20,Y
harribu01,1932,DET,1,153,76,75,N
dismudi01,1932,DW,1,37,28,9,Y
wilsoju99,1932,HG,1,41,21,19,Y
poseycu99,1932,HG,2,33,21,12,N
johnsju99,1932,HIL,1,28,11,17,Y
cockrph01,1932,HIL,2,4,0,4,Y
mothedi01,1932,KCM,1,18,13,5,Y
jonesru02,1932,LRG,1,19,8,11,Y
lyonsji01,1932,LVB,1,8,0,8,Y
brownji04,1932,LVB,2,36,12,23,Y
hannohe01,1932,MGS,1,47,22,24,N
johnsfr04,1932,MRM,1,63,42,20,Y
currygo01,1932,MRS,1,57,29,28,Y
scalege01,1932,NBY,1,32,17,14,Y
hewitjo01,1932,NEG,1,53,26,27,Y
beckwjo02,1932,NWB,1,4,0,4,Y
mcgrajo01,1932,NY1,1,40,17,23,N
terrybi01,1932,NY1,2,114,55,59,Y
mccarjo99,1932,NYA,1,156,107,47,N
charlos99,1932,PC,1,93,55,36,Y
mackco01,1932,PHA,1,154,94,60,N
shottbu01,1932,PHI,1,154,78,76,N
gibsoge01,1932,PIT,1,154,86,68,N
killebi01,1932,SLA,1,154,63,91,N
streega01,1932,SLN,1,156,72,82,N
warfifr01,1932,WAP,1,46,16,30,Y
mcdonwe01,1932,WAP,2,18,7,11,Y
johnswa01,1932,WS1,1,154,93,61,N
demosbi01,1933,ACG,1,11,3,8,N
mcmanma01,1933,BOS,1,149,63,86,Y
careyma01,1933,BRO,1,157,65,88,N
mckecbi01,1933,BSN,1,156,83,71,N
malarda01,1933,CAG,1,64,41,22,Y
dismudi01,1933,CBB,1,44,16,28,N
fonsele01,1933,CHA,1,151,67,83,Y
grimmch01,1933,CHN,1,154,86,68,Y
bushdo01,1933,CIN,1,153,58,94,N
peckiro01,1933,CLE,1,51,26,25,N
falkbi01,1933,CLE,2,1,1,0,N
johnswa01,1933,CLE,3,99,48,51,N
harribu01,1933,DET,1,153,73,79,N
bakerde01,1933,DET,2,2,2,0,N
poseycu99,1933,HG,1,33,16,14,N
tayloca99,1933,ID,1,48,17,31,Y
roganbu99,1933,KCM,1,6,4,2,Y
scalege01,1933,NBY,1,19,10,9,Y
stratfe01,1933,NEG,1,47,21,25,Y
terrybi01,1933,NY1,1,156,91,61,Y
mccarjo99,1933,NYA,1,152,91,59,N
charlos99,1933,PC,1,91,51,38,Y
mackco01,1933,PHA,1,152,79,72,N
shottbu01,1933,PHI,1,152,60,92,N
gibsoge01,1933,PIT,1,154,87,67,N
lundydi01,1933,PS,1,35,22,13,Y
killebi01,1933,SLA,1,91,34,57,N
sothoal01,1933,SLA,2,8,2,6,N
hornsro01,1933,SLA,3,54,19,33,Y
streega01,1933,SLN,1,91,46,45,N
friscfr01,1933,SLN,2,63,36,26,Y
hubbaje01,1933,SOX,1,44,20,23,Y
cronijo01,1933,WS1,1,153,99,53,Y
dixonra01,1934,BBS,1,15,4,9,Y
harribu01,1934,BOS,1,153,76,76,N
stengca01,1934,BRO,1,153,71,81,N
mckecbi01,1934,BSN,1,152,78,73,N
malarda01,1934,CAG,1,62,34,25,Y
fonsele01,1934,CHA,1,15,4,11,N
dykesji01,1934,CHA,2,138,49,88,Y
grimmch01,1934,CHN,1,152,86,65,Y
ofarrbo01,1934,CIN,1,91,30,60,Y
shottbu01,1934,CIN,2,1,1,0,N
dressch01,1934,CIN,3,60,21,39,N
johnswa01,1934,CLE,1,154,85,69,N
willibo02,1934,CRS,1,28,4,24,Y
cochrmi01,1934,DET,1,154,101,53,Y
poseycu99,1934,HG,1,31,17,13,N
roganbu99,1934,KCM,1,9,3,6,Y
scalege01,1934,NBY,1,26,11,15,Y
lundydi01,1934,ND,1,39,19,19,Y
tayloca99,1934,NEG,1,54,22,31,Y
terrybi01,1934,NY1,1,153,93,60,Y
mccarjo99,1934,NYA,1,154,94,60,N
briggot01,1934,PBG,1,26,5,21,Y
charlos99,1934,PC,1,84,52,29,Y
mackco01,1934,PHA,1,153,68,82,N
wilsoji01,1934,PHI,1,149,56,93,Y
gibsoge01,1934,PIT,1,51,27,24,N
traynpi01,1934,PIT,2,100,47,52,Y
mcdonwe01,1934,PS,1,79,50,26,Y
hornsro01,1934,SLA,1,154,67,85,Y
friscfr01,1934,SLN,1,154,95,58,Y
cronijo01,1934,WS1,1,155,66,86,Y
taylobe99,1935,BE,1,11,6,5,N
gilesge01,1935,BE,2,52,26,26,Y
cronijo01,1935,BOS,1,154,78,75,Y
stengca01,1935,BRO,1,154,70,83,N
mckecbi01,1935,BSN,1,153,38,115,N
brownla02,1935,CAG,1,64,27,35,Y
tayloca99,1935,CEG,1,57,30,25,Y
dykesji01,1935,CHA,1,153,74,78,Y
grimmch01,1935,CHN,1,154,100,54,Y
dressch01,1935,CIN,1,154,68,85,N
johnswa01,1935,CLE,1,96,46,48,N
oneilst01,1935,CLE,2,60,36,23,N
cochrmi01,1935,DET,1,152,93,58,Y
poseycu99,1935,HG,1,61,25,34,N
crawfsa02,1935,KCM,1,16,8,6,N
hollabi03,1935,NBY,1,12,7,5,Y
lundydi01,1935,ND,1,3,0,3,Y
bellwi01,1935,ND,2,59,18,40,Y
terrybi01,1935,NY1,1,156,91,62,Y
mccarjo99,1935,NYA,1,149,89,60,N
dihigma99,1935,NYC,1,59,29,25,Y
charlos99,1935,PC,1,76,50,23,Y
mackco01,1935,PHA,1,149,58,91,N
wilsoji01,1935,PHI,1,156,64,89,Y
traynpi01,1935,PIT,1,153,86,67,Y
mcdonwe01,1935,PS,1,70,35,31,Y
hornsro01,1935,SLA,1,155,65,87,Y
friscfr01,1935,SLN,1,154,96,58,Y
harribu01,1935,WS1,1,154,67,86,N
cronijo01,1936,BOS,1,155,74,80,Y
stengca01,1936,BRO,1,156,67,87,N
mckecbi01,1936,BSN,1,157,71,83,N
demosbi01,1936,CAG,1,23,11,12,N
dykesji01,1936,CHA,1,153,81,70,Y
grimmch01,1936,CHN,1,154,87,67,Y
dressch01,1936,CIN,1,154,74,80,N
oneilst01,1936,CLE,1,157,80,74,N
cochrmi01,1936,DET,1,53,29,24,Y
bakerde01,1936,DET,2,34,18,16,N
cochrmi01,1936,DET,3,67,36,31,Y
harrivi02,1936,HG,1,58,31,26,Y
coopean99,1936,KCM,1,15,13,2,Y
clarkbo05,1936,NBY,1,39,22,16,Y
bellwi01,1936,NE,1,34,14,20,Y
manleab99,1936,NE,2,25,13,11,N
terrybi01,1936,NY1,1,154,92,62,Y
mccarjo99,1936,NYA,1,155,102,51,N
dihigma99,1936,NYC,1,56,29,26,Y
charlos99,1936,PC,1,70,40,29,Y
johnsju99,1936,PC,2,13,8,4,Y
mackco01,1936,PHA,1,154,53,100,N
wilsoji01,1936,PHI,1,154,54,100,Y
traynpi01,1936,PIT,1,156,84,70,N
mcdonwe01,1936,PS,1,77,33,43,Y
hornsro01,1936,SLA,1,155,57,95,Y
friscfr01,1936,SLN,1,155,87,67,Y
tayloca99,1936,WEG,1,40,18,22,Y
mackebi99,1936,WEG,2,6,2,4,Y
tayloca99,1936,WEG,3,19,10,8,Y
harribu01,1936,WS1,1,153,82,71,N
walkeam99,1937,BBB,1,45,19,26,N
cronijo01,1937,BOS,1,154,80,72,Y
grimebu01,1937,BRO,1,155,62,91,N
mckecbi01,1937,BSN,1,152,79,73,N
tayloca99,1937,CAG,1,78,39,38,Y
dykesji01,1937,CHA,1,154,86,68,Y
grimmch01,1937,CHN,1,154,93,61,N
dressch01,1937,CIN,1,130,51,78,N
wallabo01,1937,CIN,2,25,5,20,N
oneilst01,1937,CLE,1,156,83,71,N
radclte01,1937,CT,1,72,44,26,Y
cochrmi01,1937,DET,1,29,16,13,Y
bakerde01,1937,DET,2,54,34,20,N
cochrmi01,1937,DET,3,47,26,20,Y
bakerde01,1937,DET,4,10,7,3,N
perkicy01,1937,DET,5,15,6,9,N
millepe01,1937,DTS,1,30,14,16,Y
coxro01,1937,DTS,2,7,1,6,Y
steartu99,1937,DTS,3,3,0,3,Y
harrivi02,1937,HG,1,80,60,19,Y
stronte99,1937,IA,1,39,17,21,N
coopean99,1937,KCM,1,77,54,22,Y
currygo01,1937,MRS,1,5,2,3,Y
johnsfr04,1937,MRS,2,40,13,27,N
dismudi01,1937,MRS,3,1,0,1,
clarkbo05,1937,NBY,1,58,23,33,Y
burnete01,1937,NE,1,28,15,12,Y
lundydi01,1937,NE,2,32,21,10,Y
terrybi01,1937,NY1,1,152,95,57,N
mccarjo99,1937,NYA,1,157,102,52,N
charlos99,1937,PC,1,62,22,39,Y
mackco01,1937,PHA,1,120,39,80,N
mackea01,1937,PHA,2,34,15,17,N
wilsoji01,1937,PHI,1,155,61,92,Y
traynpi01,1937,PIT,1,154,86,68,Y
wilsoju99,1937,PS,1,63,30,32,Y
dismudi01,1937,SL2,1,39,6,33,N
hornsro01,1937,SLA,1,78,25,52,Y
bottoji01,1937,SLA,2,78,21,56,Y
friscfr01,1937,SLN,1,157,81,73,Y
mackebi99,1937,WEG,1,65,24,37,Y
harribu01,1937,WS1,1,158,73,80,N
mitchge01,1938,AB3,1,38,17,21,Y
dismudi01,1938,BBB,1,61,13,48,N
willini02,1938,BCA,1,28,10,18,Y
lundydi01,1938,BCA,2,13,4,9,Y
kempga01,1938,BCA,3,25,18,7,Y
scalege01,1938,BEG,1,58,30,25,Y
cronijo01,1938,BOS,1,150,88,61,Y
grimebu01,1938,BRO,1,151,69,80,N
stengca01,1938,BSN,1,153,77,75,N
tayloca99,1938,CAG,1,84,42,39,N
dykesji01,1938,CHA,1,149,65,83,Y
grimmch01,1938,CHN,1,81,45,36,N
hartnga01,1938,CHN,2,73,44,27,Y
mckecbi01,1938,CIN,1,151,82,68,N
vittos01,1938,CLE,1,153,86,66,N
cochrmi01,1938,DET,1,98,47,51,N
bakerde01,1938,DET,2,57,37,19,N
harrivi02,1938,HG,1,72,56,16,Y
mitchal01,1938,JRC,1,31,14,16,Y
coopean99,1938,KCM,1,78,48,29,Y
radclte01,1938,MRS,1,76,40,35,Y
cannawa01,1938,NBY,1,40,12,27,Y
manleab99,1938,NBY,2,1,0,1,N
manleab99,1938,NE,1,34,15,19,N
lundydi01,1938,NE,2,20,9,11,N
terrybi01,1938,NY1,1,152,83,67,N
mccarjo99,1938,NYA,1,157,99,53,N
charlos99,1938,PC,1,56,28,27,Y
mackco01,1938,PHA,1,154,53,99,N
wilsoji01,1938,PHI,1,149,45,103,Y
loberha01,1938,PHI,2,2,0,2,N
traynpi01,1938,PIT,1,152,86,64,N
wilsoju99,1938,PS,1,79,43,33,Y
taylobe99,1938,SEN,1,22,2,20,N
streega01,1938,SLA,1,146,53,90,N
melilsk01,1938,SLA,2,10,2,7,N
friscfr01,1938,SLN,1,139,63,72,N
gonzami01,1938,SLN,2,17,8,8,N
harribu01,1938,WS1,1,152,75,76,N
snowfe01,1939,BEG,1,63,31,32,Y
cronijo01,1939,BOS,1,152,89,62,Y
durocle01,1939,BRO,1,157,84,69,Y
stengca01,1939,BSN,1,152,63,88,N
snowfe01,1939,CAG,1,1,0,1,Y
tayloca99,1939,CAG,2,86,45,41,N
mitchal01,1939,CBR,1,60,24,36,Y
dykesji01,1939,CHA,1,155,85,69,Y
hartnga01,1939,CHN,1,156,84,70,Y
mckecbi01,1939,CIN,1,156,97,57,N
vittos01,1939,CLE,1,154,87,67,N
bakerde01,1939,DET,1,155,81,73,N
harrivi02,1939,HG,1,71,49,21,Y
kempga01,1939,IAB,1,21,4,17,Y
willini02,1939,IAB,2,7,4,3,Y
coopean99,1939,KCM,1,95,60,35,Y
radclte01,1939,MRS,1,97,42,54,Y
scalege01,1939,NBY,1,52,23,25,Y
lundydi01,1939,NE,1,73,45,27,N
terrybi01,1939,NY1,1,151,77,74,N
mccarjo99,1939,NYA,1,152,106,45,N
fernajo05,1939,NYC,1,36,9,27,Y
mackco01,1939,PHA,1,62,25,37,N
mackea01,1939,PHA,2,91,30,60,N
prothdo01,1939,PHI,1,152,45,106,N
traynpi01,1939,PIT,1,153,68,85,N
wilsoju99,1939,PS,1,41,16,24,Y
dunnja02,1939,PS,2,23,16,7,Y
mitchge01,1939,SL3,1,62,25,35,Y
haneyfr01,1939,SLA,1,156,43,111,N
bladera01,1939,SLN,1,155,92,61,N
charlos99,1939,TC,1,27,10,16,Y
charlos99,1939,TC2,1,11,4,6,Y
harribu01,1939,WS1,1,153,65,87,N
tayloca99,1940,BBB,1,59,20,39,Y
snowfe01,1940,BEG,1,73,44,29,Y
cronijo01,1940,BOS,1,154,82,72,Y
durocle01,1940,BRO,1,156,88,65,Y
stengca01,1940,BSN,1,152,65,87,N
reduswi01,1940,CAG,1,60,25,33,Y
williji05,1940,CBR,1,18,11,6,Y
mitchal01,1940,CBR,2,26,11,15,Y
dykesji01,1940,CHA,1,155,82,72,N
hartnga01,1940,CHN,1,154,75,79,Y
mckecbi01,1940,CIN,1,155,100,53,N
vittos01,1940,CLE,1,155,89,65,N
bakerde01,1940,DET,1,155,90,64,N
harrivi02,1940,HG,1,78,53,23,Y
coopean99,1940,KCM,1,67,43,21,Y
jonesru02,1940,MRS,1,88,45,43,N
burnete01,1940,NBY,1,53,26,27,Y
lundydi01,1940,NE,1,46,24,21,N
mackebi99,1940,NE,2,10,6,3,Y
terrybi01,1940,NY1,1,152,72,80,N
mccarjo99,1940,NYA,1,155,88,66,N
fernajo05,1940,NYC,1,51,15,34,Y
mackco01,1940,PHA,1,154,54,100,N
prothdo01,1940,PHI,1,153,50,103,N
friscfr01,1940,PIT,1,156,78,76,N
parnero01,1940,PS,1,12,5,7,Y
dunnja02,1940,PS,2,59,26,33,Y
haneyfr01,1940,SLA,1,156,67,87,N
bladera01,1940,SLN,1,39,14,24,N
gonzami01,1940,SLN,2,6,1,5,N
southbi01,1940,SLN,3,111,69,40,N
mitchge01,1940,SNS,1,68,30,35,Y
charlos99,1940,TIC,1,38,12,25,Y
harribu01,1940,WS1,1,154,64,90,N
welchwi01,1941,BBB,1,63,36,26,N
snowfe01,1941,BEG,1,86,60,26,Y
cronijo01,1941,BOS,1,155,84,70,Y
durocle01,1941,BRO,1,157,100,54,Y
stengca01,1941,BSN,1,156,62,92,N
tayloca99,1941,CAG,1,60,20,38,N
dykesji01,1941,CHA,1,156,77,77,N
wilsoji01,1941,CHN,1,155,70,84,N
mckecbi01,1941,CIN,1,154,88,66,N
peckiro01,1941,CLE,1,155,75,79,N
bakerde01,1941,DET,1,155,75,79,N
harrivi02,1941,HG,1,92,58,31,Y
mitchal01,1941,JRC,1,46,15,29,Y
allenne02,1941,KCM,1,80,56,22,Y
radclte01,1941,MRS,1,80,41,36,Y
burnete01,1941,NBY,1,58,21,37,Y
mackebi99,1941,NE,1,69,35,33,Y
terrybi01,1941,NY1,1,156,74,79,N
mccarjo99,1941,NYA,1,156,101,53,N
fernajo05,1941,NYC,1,66,23,40,Y
mackco01,1941,PHA,1,154,64,90,N
prothdo01,1941,PHI,1,155,43,111,N
friscfr01,1941,PIT,1,156,81,73,N
parnero01,1941,PS,1,17,3,14,Y
charlos99,1941,PS,2,54,14,40,Y
haneyfr01,1941,SLA,1,44,15,29,N
sewellu01,1941,SLA,2,113,55,55,N
southbi01,1941,SLN,1,155,97,56,N
mitchge01,1941,SNS,1,57,22,32,Y
harribu01,1941,WS1,1,156,70,84,N
welchwi01,1942,BBB,1,94,48,45,N
snowfe01,1942,BEG,1,82,45,36,Y
cronijo01,1942,BOS,1,152,93,59,Y
durocle01,1942,BRO,1,155,104,50,N
stengca01,1942,BSN,1,150,59,89,N
tayloca99,1942,CAG,1,74,19,55,Y
burchwa01,1942,CCB,1,33,19,12,Y
woodspa01,1942,CCB,2,81,38,43,Y
dykesji01,1942,CHA,1,148,66,82,N
wilsoji01,1942,CHN,1,155,68,86,N
mckecbi01,1942,CIN,1,154,76,76,N
boudrlo01,1942,CLE,1,156,75,79,Y
bakerde01,1942,DET,1,156,73,81,N
harrivi02,1942,HG,1,118,86,29,Y
mitchal01,1942,JRC,1,49,8,40,N
dismudi01,1942,KCM,1,24,17,7,N
duncafr02,1942,KCM,2,62,42,20,Y
brownla02,1942,MRS,1,86,47,37,Y
burnete01,1942,NBY,1,52,19,31,N
wellswi99,1942,NE,1,84,40,40,Y
ottme01,1942,NY1,1,154,85,67,Y
mccarjo99,1942,NYA,1,154,103,51,N
fernajo05,1942,NYC,1,69,21,47,Y
mackco01,1942,PHA,1,154,55,99,N
loberha01,1942,PHI,1,151,42,109,N
friscfr01,1942,PIT,1,151,66,81,N
currygo01,1942,PS,1,78,38,38,Y
sewellu01,1942,SLA,1,151,82,69,Y
southbi01,1942,SLN,1,156,106,48,N
harribu01,1942,WS1,1,151,62,89,N
welchwi01,1943,BBB,1,113,62,48,N
brownla02,1943,BBB,2,1,0,1,Y
scalege01,1943,BEG,1,75,26,46,Y
cronijo01,1943,BOS,1,155,68,84,Y
durocle01,1943,BRO,1,153,81,72,Y
colembo01,1943,BSN,1,46,21,25,N
stengca01,1943,BSN,2,107,47,60,N
radclte01,1943,CAG,1,84,45,38,Y
woodspa01,1943,CBE,1,95,52,40,Y
downsbu01,1943,CC,1,56,24,30,N
wilsofr02,1943,CC,2,57,17,37,Y
dykesji01,1943,CHA,1,155,82,72,N
wilsoji01,1943,CHN,1,154,74,79,N
mckecbi01,1943,CIN,1,155,87,67,N
boudrlo01,1943,CLE,1,153,82,71,Y
oneilst01,1943,DET,1,155,78,76,N
tayloca99,1943,HG,1,102,78,23,N
williha03,1943,HSS,1,16,8,7,Y
mitchge01,1943,HSS,2,3,2,1,N
parketo01,1943,HSS,3,8,2,6,Y
duncafr02,1943,KCM,1,92,52,39,Y
brownla02,1943,MRS,1,112,49,59,Y
burnete01,1943,NBY,1,43,8,33,Y
suttlmu99,1943,NE,1,62,29,33,Y
ottme01,1943,NY1,1,156,55,98,Y
mccarjo99,1943,NYA,1,155,98,56,N
fernajo05,1943,NYC,1,68,38,28,N
mackco01,1943,PHA,1,155,49,105,N
harribu01,1943,PHI,1,94,39,53,N
fitzsfr01,1943,PHI,2,63,25,37,N
friscfr01,1943,PIT,1,157,80,74,N
currygo01,1943,PS,1,58,24,33,Y
sewellu01,1943,SLA,1,153,72,80,N
southbi01,1943,SLN,1,157,105,49,N
bluegos01,1943,WS1,1,153,84,69,N
welchwi01,1944,BBB,1,113,71,42,N
snowfe01,1944,BEG,1,91,47,43,Y
cronijo01,1944,BOS,1,156,77,77,Y
durocle01,1944,BRO,1,155,63,91,N
colembo01,1944,BSN,1,155,65,89,N
demosbi01,1944,CAG,1,34,10,24,N
davenll01,1944,CAG,2,52,24,28,Y
bissajo01,1944,CAG,3,30,9,20,Y
woodspa01,1944,CBE,1,116,59,56,Y
dykesji01,1944,CHA,1,154,71,83,N
wilsoji01,1944,CHN,1,10,1,9,N
johnsro01,1944,CHN,2,1,0,1,N
grimmch01,1944,CHN,3,146,74,69,N
walkeho01,1944,CIC,1,114,59,54,Y
mckecbi01,1944,CIN,1,155,89,65,N
boudrlo01,1944,CLE,1,155,72,82,Y
oneilst01,1944,DET,1,156,88,66,N
tayloca99,1944,HG,1,102,66,32,N
duncafr02,1944,KCM,1,123,49,74,Y
jonesru02,1944,MRS,1,143,65,78,N
williha03,1944,NBY,1,51,11,39,Y
suttlmu99,1944,NE,1,71,34,37,Y
ottme01,1944,NY1,1,155,67,87,Y
mccarjo99,1944,NYA,1,154,83,71,N
fernajo05,1944,NYC,1,84,53,29,Y
mackco01,1944,PHA,1,155,72,82,N
fitzsfr01,1944,PHI,1,154,61,92,N
friscfr01,1944,PIT,1,158,90,63,N
currygo01,1944,PS,1,67,37,29,Y
sewellu01,1944,SLA,1,154,89,65,N
southbi01,1944,SLN,1,157,105,49,N
bluegos01,1944,WS1,1,154,64,90,N
welchwi01,1945,BBB,1,113,62,48,N
snowfe01,1945,BEG,1,82,43,36,Y
cronijo01,1945,BOS,1,157,71,83,Y
durocle01,1945,BRO,1,155,87,67,Y
colembo01,1945,BSN,1,94,42,51,N
bissode01,1945,BSN,2,60,25,34,N
tayloca99,1945,CAG,1,109,49,59,N
troupqu01,1945,CBE,1,106,72,31,Y
dykesji01,1945,CHA,1,150,71,78,N
grimmch01,1945,CHN,1,155,98,56,N
walkeho01,1945,CIC,1,109,41,67,Y
mckecbi01,1945,CIN,1,154,61,93,N
boudrlo01,1945,CLE,1,147,73,72,Y
oneilst01,1945,DET,1,155,88,65,N
harrivi02,1945,HG,1,85,53,29,Y
duncafr02,1945,KCM,1,114,62,48,Y
brownla02,1945,MRS,1,106,31,73,Y
scalege01,1945,NBY,1,25,5,20,Y
wellswi99,1945,NBY,2,13,4,9,Y
barkema01,1945,NBY,3,23,7,16,Y
wellswi99,1945,NE,1,21,11,10,Y
mackebi99,1945,NE,2,38,21,17,Y
ottme01,1945,NY1,1,154,78,74,Y
mccarjo99,1945,NYA,1,152,81,71,N
fernajo05,1945,NYC,1,76,37,38,N
mackco01,1945,PHA,1,153,52,98,N
fitzsfr01,1945,PHI,1,69,18,51,N
chapmbe01,1945,PHI,2,85,28,57,Y
friscfr01,1945,PIT,1,155,82,72,N
currygo01,1945,PS,1,68,35,32,Y
sewellu01,1945,SLA,1,154,81,70,N
southbi01,1945,SLN,1,155,95,59,N
bluegos01,1945,WS1,1,156,87,67,N
sampsto01,1946,BBB,1,93,51,39,Y
snowfe01,1946,BEG,1,81,43,35,Y
cronijo01,1946,BOS,1,156,104,50,N
durocle01,1946,BRO,1,157,96,60,N
southbi01,1946,BSN,1,154,81,72,N
tayloca99,1946,CAG,1,111,40,68,N
troupqu01,1946,CBE,1,94,45,44,Y
dykesji01,1946,CHA,1,30,10,20,N
lyonste01,1946,CHA,2,125,64,60,Y
grimmch01,1946,CHN,1,155,82,71,N
walkeho01,1946,CIC,1,96,38,56,Y
mckecbi01,1946,CIN,1,152,64,86,N
gowdyha01,1946,CIN,2,4,3,1,N
boudrlo01,1946,CLE,1,156,68,86,Y
oneilst01,1946,DET,1,155,92,62,N
harrivi02,1946,HG,1,96,52,40,N
duncafr02,1946,KCM,1,97,66,29,N
tayloje01,1946,MRS,1,68,34,33,Y
jonesru02,1946,MRS,2,45,12,29,N
barkema01,1946,NBY,1,69,16,53,Y
mackebi99,1946,NE,1,87,60,24,Y
ottme01,1946,NY1,1,154,61,93,Y
mccarjo99,1946,NYA,1,35,22,13,N
dickebi01,1946,NYA,2,105,57,48,Y
neunjo01,1946,NYA,3,14,8,6,N
fernajo05,1946,NYC,1,76,37,37,N
mackco01,1946,PHA,1,155,49,105,N
chapmbe01,1946,PHI,1,155,69,85,Y
friscfr01,1946,PIT,1,152,62,89,N
davissp01,1946,PIT,2,3,1,2,N
currygo01,1946,PS,1,77,33,40,Y
sewellu01,1946,SLA,1,125,53,71,N
tayloza02,1946,SLA,2,31,13,17,N
dyered01,1946,SLN,1,156,98,58,N
bluegos01,1946,WS1,1,155,76,78,N
sampsto01,1947,BBB,1,110,58,52,Y
barrowe99,1947,BEG,1,57,31,24,N
scalege01,1947,BEG,2,6,3,3,N
snowfe01,1947,BEG,3,36,18,17,Y
cronijo01,1947,BOS,1,157,83,71,N
sukefcl01,1947,BRO,1,2,2,0,N
shottbu01,1947,BRO,2,153,92,60,N
southbi01,1947,BSN,1,154,86,68,N
tayloca99,1947,CAG,1,103,36,67,N
troupqu01,1947,CBE,1,98,62,35,Y
lyonste01,1947,CHA,1,155,70,84,N
grimmch01,1947,CHN,1,155,69,85,N
wellswi99,1947,CIC,1,51,14,36,Y
walkeho01,1947,CIC,2,40,17,23,Y
drakere01,1947,CIC,3,24,9,14,Y
neunjo01,1947,CIN,1,154,73,81,N
boudrlo01,1947,CLE,1,157,80,74,Y
oneilst01,1947,DET,1,158,85,69,N
harrivi02,1947,HG,1,109,61,44,N
duncafr02,1947,KCM,1,114,66,47,N
brownla02,1947,MRS,1,117,49,65,N
barkema01,1947,NBY,1,76,21,49,Y
mackebi99,1947,NE,1,97,51,45,Y
ottme01,1947,NY1,1,155,81,73,Y
harribu01,1947,NYA,1,155,97,57,N
fernajo05,1947,NYC,1,79,52,26,N
mackco01,1947,PHA,1,156,78,76,N
chapmbe01,1947,PHI,1,155,62,92,N
hermabi01,1947,PIT,1,155,61,92,Y
burwebi01,1947,PIT,2,1,1,0,N
currygo01,1947,PS,1,75,36,37,Y
ruelmu01,1947,SLA,1,154,59,95,N
dyered01,1947,SLN,1,156,89,65,N
bluegos01,1947,WS1,1,154,64,90,N
davispi01,1948,BBB,1,110,67,40,Y
walkeho01,1948,BEG,1,85,53,30,Y
mccarjo99,1948,BOS,1,155,96,59,N
durocle01,1948,BRO,1,73,35,37,N
bladera01,1948,BRO,2,1,1,0,N
shottbu01,1948,BRO,3,81,48,33,N
southbi01,1948,BSN,1,154,91,62,N
troupqu01,1948,CAG,1,100,38,60,Y
booneal01,1948,CBE,1,112,50,58,Y
lyonste01,1948,CHA,1,154,51,101,N
grimmch01,1948,CHN,1,155,64,90,N
neunjo01,1948,CIN,1,100,44,56,N
waltebu01,1948,CIN,2,53,20,33,Y
boudrlo01,1948,CLE,1,156,97,58,Y
oneilst01,1948,DET,1,154,78,76,N
harrivi02,1948,HG,1,87,58,25,N
ramirra04,1948,IC,1,105,35,64,N
haywobu01,1948,IC,2,25,10,14,Y
oneilbu01,1948,KCM,1,109,69,37,Y
brownla02,1948,MRS,1,122,49,69,Y
barkema01,1948,NBY,1,61,13,48,Y
bellwi01,1948,NE,1,76,39,34,N
ottme01,1948,NY1,1,76,37,38,N
durocle01,1948,NY1,2,79,41,38,N
harribu01,1948,NYA,1,154,94,60,N
fernajo05,1948,NYC,1,21,9,11,N
welchwi01,1948,NYC,2,41,21,20,N
mackco01,1948,PHA,1,154,84,70,N
chapmbe01,1948,PHI,1,79,37,42,N
cookedu01,1948,PHI,2,13,6,6,N
sawyeed99,1948,PHI,3,63,23,40,N
meyerbi01,1948,PIT,1,156,83,71,N
charlos99,1948,PS,1,72,34,35,N
tayloza02,1948,SLA,1,155,59,94,N
dyered01,1948,SLN,1,155,85,69,N
kuheljo01,1948,WS1,1,154,56,97,N
mccarjo99,1949,BOS,1,155,96,58,N
shottbu01,1949,BRO,1,156,97,57,N
southbi01,1949,BSN,1,111,55,54,N
coonejo01,1949,BSN,2,46,20,25,N
onsloja01,1949,CHA,1,154,63,91,N
grimmch01,1949,CHN,1,50,19,31,N
friscfr01,1949,CHN,2,104,42,62,N
waltebu01,1949,CIN,1,153,61,90,N
sewellu01,1949,CIN,2,3,1,2,N
boudrlo01,1949,CLE,1,154,89,65,Y
rolfere01,1949,DET,1,155,87,67,N
durocle01,1949,NY1,1,156,73,81,N
stengca01,1949,NYA,1,155,97,57,N
mackco01,1949,PHA,1,154,81,73,N
sawyeed99,1949,PHI,1,154,81,73,N
meyerbi01,1949,PIT,1,154,71,83,N
tayloza02,1949,SLA,1,155,53,101,N
dyered01,1949,SLN,1,157,96,58,N
kuheljo01,1949,WS1,1,154,50,104,N
mccarjo99,1950,BOS,1,59,31,28,N
oneilst01,1950,BOS,2,95,63,32,N
shottbu01,1950,BRO,1,155,89,65,N
southbi01,1950,BSN,1,156,83,71,N
onsloja01,1950,CHA,1,31,8,22,N
corrire01,1950,CHA,2,125,52,72,N
friscfr01,1950,CHN,1,154,64,89,N
sewellu01,1950,CIN,1,153,66,87,N
boudrlo01,1950,CLE,1,155,92,62,Y
rolfere01,1950,DET,1,157,95,59,N
durocle01,1950,NY1,1,154,86,68,N
stengca01,1950,NYA,1,155,98,56,N
mackco01,1950,PHA,1,154,52,102,N
sawyeed99,1950,PHI,1,157,91,63,N
meyerbi01,1950,PIT,1,154,57,96,N
tayloza02,1950,SLA,1,154,58,96,N
dyered01,1950,SLN,1,153,78,75,N
harribu01,1950,WS1,1,155,67,87,N
oneilst01,1951,BOS,1,154,87,67,N
dressch01,1951,BRO,1,158,97,60,N
southbi01,1951,BSN,1,60,28,31,N
holmeto01,1951,BSN,2,95,48,47,Y
richapa01,1951,CHA,1,155,81,73,N
friscfr01,1951,CHN,1,81,35,45,N
cavarph01,1951,CHN,2,74,27,47,Y
sewellu01,1951,CIN,1,155,68,86,N
lopezal01,1951,CLE,1,155,93,61,N
rolfere01,1951,DET,1,154,73,81,N
durocle01,1951,NY1,1,157,98,59,N
stengca01,1951,NYA,1,154,98,56,N
dykesji01,1951,PHA,1,154,70,84,N
sawyeed99,1951,PHI,1,154,73,81,N
meyerbi01,1951,PIT,1,155,64,90,N
tayloza02,1951,SLA,1,154,52,102,N
marioma01,1951,SLN,1,155,81,73,N
harribu01,1951,WS1,1,154,62,92,N
boudrlo01,1952,BOS,1,154,76,78,Y
dressch01,1952,BRO,1,155,96,57,N
holmeto01,1952,BSN,1,35,13,22,N
grimmch01,1952,BSN,2,120,51,67,N
richapa01,1952,CHA,1,156,81,73,N
cavarph01,1952,CHN,1,155,77,77,Y
sewellu01,1952,CIN,1,98,39,59,N
bruckea01,1952,CIN,2,5,3,2,N
hornsro01,1952,CIN,3,51,27,24,N
lopezal01,1952,CLE,1,155,93,61,N
rolfere01,1952,DET,1,73,23,49,N
hutchfr01,1952,DET,2,83,27,55,Y
durocle01,1952,NY1,1,154,92,62,N
stengca01,1952,NYA,1,154,95,59,N
dykesji01,1952,PHA,1,155,79,75,N
sawyeed99,1952,PHI,1,63,28,35,N
oneilst01,1952,PHI,2,91,59,32,N
meyerbi01,1952,PIT,1,155,42,112,N
hornsro01,1952,SLA,1,51,22,29,N
marioma01,1952,SLA,2,104,42,61,Y
stanked01,1952,SLN,1,154,88,66,Y
harribu01,1952,WS1,1,157,78,76,N
boudrlo01,1953,BOS,1,153,84,69,N
dressch01,1953,BRO,1,155,105,49,N
richapa01,1953,CHA,1,156,89,65,N
cavarph01,1953,CHN,1,155,65,89,Y
hornsro01,1953,CIN,1,147,64,82,N
millsbu01,1953,CIN,2,8,4,4,N
lopezal01,1953,CLE,1,155,92,62,N
hutchfr01,1953,DET,1,158,60,94,Y
grimmch01,1953,ML1,1,157,92,62,N
durocle01,1953,NY1,1,155,70,84,N
stengca01,1953,NYA,1,151,99,52,N
dykesji01,1953,PHA,1,157,59,95,N
oneilst01,1953,PHI,1,156,83,71,N
haneyfr01,1953,PIT,1,154,50,104,N
marioma01,1953,SLA,1,154,54,100,Y
stanked01,1953,SLN,1,157,83,71,Y
harribu01,1953,WS1,1,152,76,76,N
dykesji01,1954,BAL,1,154,54,100,N
boudrlo01,1954,BOS,1,156,69,85,N
alstowa01,1954,BRO,1,154,92,62,N
richapa01,1954,CHA,1,146,91,54,N
marioma01,1954,CHA,2,9,3,6,N
hackst01,1954,CHN,1,154,64,90,N
tebbebi01,1954,CIN,1,154,74,80,N
lopezal01,1954,CLE,1,156,111,43,N
hutchfr01,1954,DET,1,155,68,86,N
grimmch01,1954,ML1,1,154,89,65,N
durocle01,1954,NY1,1,154,97,57,N
stengca01,1954,NYA,1,155,103,51,N
joosted01,1954,PHA,1,156,51,103,Y
oneilst01,1954,PHI,1,77,40,37,N
moorete01,1954,PHI,2,77,35,42,N
haneyfr01,1954,PIT,1,154,53,101,N
stanked01,1954,SLN,1,154,72,82,N
harribu01,1954,WS1,1,155,66,88,N
richapa01,1955,BAL,1,156,57,97,N
higgipi01,1955,BOS,1,154,84,70,N
alstowa01,1955,BRO,1,154,98,55,N
marioma01,1955,CHA,1,155,91,63,N
hackst01,1955,CHN,1,154,72,81,N
tebbebi01,1955,CIN,1,154,75,79,N
lopezal01,1955,CLE,1,154,93,61,N
harribu01,1955,DET,1,154,79,75,N
boudrlo01,1955,KC1,1,155,63,91,N
grimmch01,1955,ML1,1,154,85,69,N
durocle01,1955,NY1,1,154,80,74,N
stengca01,1955,NYA,1,154,96,58,N
smithma01,1955,PHI,1,154,77,77,N
haneyfr01,1955,PIT,1,154,60,94,N
stanked01,1955,SLN,1,36,17,19,N
walkeha01,1955,SLN,2,118,51,67,Y
dressch01,1955,WS1,1,154,53,101,N
richapa01,1956,BAL,1,154,69,85,N
higgipi01,1956,BOS,1,155,84,70,N
alstowa01,1956,BRO,1,154,93,61,N
marioma01,1956,CHA,1,154,85,69,N
hackst01,1956,CHN,1,157,60,94,N
tebbebi01,1956,CIN,1,155,91,63,N
lopezal01,1956,CLE,1,155,88,66,N
harribu01,1956,DET,1,155,82,72,N
boudrlo01,1956,KC1,1,154,52,102,N
grimmch01,1956,ML1,1,46,24,22,N
haneyfr01,1956,ML1,2,109,68,40,N
rignebi01,1956,NY1,1,154,67,87,N
stengca01,1956,NYA,1,154,97,57,N
smithma01,1956,PHI,1,154,71,83,N
bragabo01,1956,PIT,1,157,66,88,N
hutchfr01,1956,SLN,1,156,76,78,N
dressch01,1956,WS1,1,155,59,95,N
richapa01,1957,BAL,1,154,76,76,N
higgipi01,1957,BOS,1,154,82,72,N
alstowa01,1957,BRO,1,154,84,70,N
lopezal01,1957,CHA,1,155,90,64,N
schefbo01,1957,CHN,1,156,62,92,N
tebbebi01,1957,CIN,1,154,80,74,N
farreke01,1957,CLE,1,153,76,77,N
tigheja99,1957,DET,1,154,78,76,N
boudrlo01,1957,KC1,1,104,36,67,N
craftha01,1957,KC1,2,50,23,27,N
haneyfr01,1957,ML1,1,155,95,59,N
rignebi01,1957,NY1,1,154,69,85,N
stengca01,1957,NYA,1,154,98,56,N
smithma01,1957,PHI,1,156,77,77,N
bragabo01,1957,PIT,1,104,36,67,N
murtada01,1957,PIT,2,51,26,25,N
hutchfr01,1957,SLN,1,154,87,67,N
dressch01,1957,WS1,1,20,4,16,N
lavagco01,1957,WS1,2,134,51,83,N
richapa01,1958,BAL,1,154,74,79,N
higgipi01,1958,BOS,1,155,79,75,N
lopezal01,1958,CHA,1,155,82,72,N
schefbo01,1958,CHN,1,154,72,82,N
tebbebi01,1958,CIN,1,113,52,61,N
dykesji01,1958,CIN,2,41,24,17,N
bragabo01,1958,CLE,1,67,31,36,N
gordojo01,1958,CLE,2,86,46,40,N
tigheja99,1958,DET,1,49,21,28,N
normabi01,1958,DET,2,105,56,49,N
craftha01,1958,KC1,1,156,73,81,N
alstowa01,1958,LAN,1,154,71,83,N
haneyfr01,1958,ML1,1,154,92,62,N
stengca01,1958,NYA,1,155,92,62,N
smithma01,1958,PHI,1,84,39,45,N
sawyeed99,1958,PHI,2,70,30,40,N
murtada01,1958,PIT,1,154,84,70,N
rignebi01,1958,SFN,1,154,80,74,N
hutchfr01,1958,SLN,1,144,69,75,N
hackst01,1958,SLN,2,10,3,7,N
lavagco01,1958,WS1,1,156,61,93,N
richapa01,1959,BAL,1,155,74,80,N
higgipi01,1959,BOS,1,73,31,42,N
yorkru01,1959,BOS,2,1,0,1,N
jurgebi01,1959,BOS,3,80,44,36,N
lopezal01,1959,CHA,1,156,94,60,N
schefbo01,1959,CHN,1,155,74,80,N
smithma01,1959,CIN,1,80,35,45,N
hutchfr01,1959,CIN,2,74,39,35,N
gordojo01,1959,CLE,1,154,89,65,N
normabi01,1959,DET,1,17,2,15,N
dykesji01,1959,DET,2,137,74,63,N
craftha01,1959,KC1,1,154,66,88,N
alstowa01,1959,LAN,1,156,88,68,N
haneyfr01,1959,ML1,1,157,86,70,N
stengca01,1959,NYA,1,155,79,75,N
sawyeed99,1959,PHI,1,155,64,90,N
murtada01,1959,PIT,1,155,78,76,N
rignebi01,1959,SFN,1,154,83,71,N
hemusso01,1959,SLN,1,154,71,83,Y
lavagco01,1959,WS1,1,154,63,91,N
richapa01,1960,BAL,1,154,89,65,N
jurgebi01,1960,BOS,1,42,15,27,N
bakerde01,1960,BOS,2,7,2,5,N
higgipi01,1960,BOS,3,105,48,57,N
lopezal01,1960,CHA,1,154,87,67,N
grimmch01,1960,CHN,1,17,6,11,N
boudrlo01,1960,CHN,2,139,54,83,N
hutchfr01,1960,CIN,1,154,67,87,N
gordojo01,1960,CLE,1,95,49,46,N
whitejo01,1960,CLE,2,1,1,0,N
dykesji01,1960,CLE,3,58,26,32,N
dykesji01,1960,DET,1,96,44,52,N
hitchbi01,1960,DET,2,1,1,0,N
gordojo01,1960,DET,3,57,26,31,N
elliobo01,1960,KC1,1,155,58,96,N
alstowa01,1960,LAN,1,154,82,72,N
dressch01,1960,ML1,1,154,88,66,N
stengca01,1960,NYA,1,155,97,57,N
sawyeed99,1960,PHI,1,1,0,1,N
cohenan01,1960,PHI,2,1,1,0,N
mauchge01,1960,PHI,3,152,58,94,N
murtada01,1960,PIT,1,155,95,59,N
rignebi01,1960,SFN,1,58,33,25,N
sheehto02,1960,SFN,2,98,46,50,N
hemusso01,1960,SLN,1,155,86,68,N
lavagco01,1960,WS1,1,154,73,81,N
richapa01,1961,BAL,1,136,78,57,N
harrilu01,1961,BAL,2,27,17,10,N
higgipi01,1961,BOS,1,163,76,86,N
lopezal01,1961,CHA,1,163,86,76,N
himslve99,1961,CHN,1,11,5,6,N
craftha01,1961,CHN,2,12,4,8,N
himslve99,1961,CHN,3,17,5,12,N
tappeel01,1961,CHN,4,2,2,0,N
craftha01,1961,CHN,5,4,3,1,N
himslve99,1961,CHN,6,4,0,3,N
tappeel01,1961,CHN,7,79,35,43,N
kleinlo01,1961,CHN,8,11,5,6,N
tappeel01,1961,CHN,9,16,5,11,N
hutchfr01,1961,CIN,1,154,93,61,N
dykesji01,1961,CLE,1,160,77,83,N
hardeme01,1961,CLE,2,1,1,0,N
schefbo01,1961,DET,1,163,101,61,N
gordojo01,1961,KC1,1,60,26,33,N
bauerha01,1961,KC1,2,102,35,67,Y
rignebi01,1961,LAA,1,162,70,91,N
alstowa01,1961,LAN,1,154,89,65,N
lavagco01,1961,MIN,1,49,19,30,N
melesa01,1961,MIN,2,7,2,5,N
lavagco01,1961,MIN,3,10,4,6,N
melesa01,1961,MIN,4,95,45,49,N
dressch01,1961,ML1,1,130,71,58,N
tebbebi01,1961,ML1,2,25,12,13,N
houkra01,1961,NYA,1,163,109,53,N
mauchge01,1961,PHI,1,155,47,107,N
murtada01,1961,PIT,1,154,75,79,N
darkal01,1961,SFN,1,155,85,69,N
hemusso01,1961,SLN,1,75,33,41,N
keanejo99,1961,SLN,2,80,47,33,N
vernomi01,1961,WS2,1,161,61,100,N
hitchbi01,1962,BAL,1,162,77,85,N
higgipi01,1962,BOS,1,160,76,84,N
lopezal01,1962,CHA,1,162,85,77,N
tappeel01,1962,CHN,1,20,4,16,Y
kleinlo01,1962,CHN,2,30,12,18,N
metroch01,1962,CHN,3,112,43,69,N
hutchfr01,1962,CIN,1,162,98,64,N
mcgahme99,1962,CLE,1,160,78,82,N
hardeme01,1962,CLE,2,2,2,0,N
schefbo01,1962,DET,1,161,85,76,N
craftha01,1962,HOU,1,162,64,96,N
bauerha01,1962,KC1,1,162,72,90,N
rignebi01,1962,LAA,1,162,86,76,N
alstowa01,1962,LAN,1,165,102,63,N
melesa01,1962,MIN,1,163,91,71,N
tebbebi01,1962,ML1,1,162,86,76,N
houkra01,1962,NYA,1,162,96,66,N
stengca01,1962,NYN,1,161,40,120,N
mauchge01,1962,PHI,1,161,81,80,N
murtada01,1962,PIT,1,161,93,68,N
darkal01,1962,SFN,1,165,103,62,N
keanejo99,1962,SLN,1,163,84,78,N
vernomi01,1962,WS2,1,162,60,101,N
hitchbi01,1963,BAL,1,162,86,76,N
peskyjo01,1963,BOS,1,161,76,85,N
lopezal01,1963,CHA,1,162,94,68,N
kennebo01,1963,CHN,1,162,82,80,N
hutchfr01,1963,CIN,1,162,86,76,N
tebbebi01,1963,CLE,1,162,79,83,N
schefbo01,1963,DET,1,60,24,36,N
dressch01,1963,DET,2,102,55,47,N
craftha01,1963,HOU,1,162,66,96,N
lopated01,1963,KC1,1,162,73,89,N
rignebi01,1963,LAA,1,161,70,91,N
alstowa01,1963,LAN,1,163,99,63,N
melesa01,1963,MIN,1,161,91,70,N
bragabo01,1963,ML1,1,163,84,78,N
houkra01,1963,NYA,1,161,104,57,N
stengca01,1963,NYN,1,162,51,111,N
mauchge01,1963,PHI,1,162,87,75,N
murtada01,1963,PIT,1,162,74,88,N
darkal01,1963,SFN,1,162,88,74,N
keanejo99,1963,SLN,1,162,93,69,N
vernomi01,1963,WS2,1,40,14,26,N
yosted01,1963,WS2,2,1,0,1,N
hodgegi01,1963,WS2,3,121,42,79,N
bauerha01,1964,BAL,1,163,97,65,N
peskyjo01,1964,BOS,1,160,70,90,N
hermabi01,1964,BOS,2,2,2,0,N
lopezal01,1964,CHA,1,162,98,64,N
kennebo01,1964,CHN,1,162,76,86,N
hutchfr01,1964,CIN,1,100,54,45,N
sisledi01,1964,CIN,2,6,3,3,N
hutchfr01,1964,CIN,3,10,6,4,N
sisledi01,1964,CIN,4,47,29,18,N
stricge01,1964,CLE,1,73,33,39,N
tebbebi01,1964,CLE,2,91,46,44,N
dressch01,1964,DET,1,163,85,77,N
craftha01,1964,HOU,1,149,61,88,N
harrilu01,1964,HOU,2,13,5,8,N
lopated01,1964,KC1,1,52,17,35,N
mcgahme99,1964,KC1,2,111,40,70,N
rignebi01,1964,LAA,1,162,82,80,N
alstowa01,1964,LAN,1,164,80,82,N
melesa01,1964,MIN,1,163,79,83,N
bragabo01,1964,ML1,1,162,88,74,N
berrayo01,1964,NYA,1,164,99,63,N
stengca01,1964,NYN,1,163,53,109,N
mauchge01,1964,PHI,1,162,92,70,N
murtada01,1964,PIT,1,162,80,82,N
darkal01,1964,SFN,1,162,90,72,N
keanejo99,1964,SLN,1,162,93,69,N
hodgegi01,1964,WS2,1,162,62,100,N
bauerha01,1965,BAL,1,162,94,68,N
hermabi01,1965,BOS,1,162,62,100,N
rignebi01,1965,CAL,1,162,75,87,N
lopezal01,1965,CHA,1,162,95,67,N
kennebo01,1965,CHN,1,58,24,32,N
kleinlo01,1965,CHN,2,106,48,58,N
sisledi01,1965,CIN,1,162,89,73,N
tebbebi01,1965,CLE,1,162,87,75,N
swiftbo01,1965,DET,1,42,24,18,N
dressch01,1965,DET,2,120,65,55,N
harrilu01,1965,HOU,1,162,65,97,N
mcgahme99,1965,KC1,1,26,5,21,N
sulliha02,1965,KC1,2,136,54,82,N
alstowa01,1965,LAN,1,162,97,65,N
melesa01,1965,MIN,1,162,102,60,N
bragabo01,1965,ML1,1,162,86,76,N
keanejo99,1965,NYA,1,162,77,85,N
stengca01,1965,NYN,1,96,31,64,N
westrwe01,1965,NYN,2,68,19,48,N
mauchge01,1965,PHI,1,162,85,76,N
walkeha01,1965,PIT,1,163,90,72,N
frankhe01,1965,SFN,1,163,95,67,N
schoere01,1965,SLN,1,162,80,81,N
hodgegi01,1965,WS2,1,162,70,92,N
bragabo01,1966,ATL,1,112,52,59,N
hitchbi01,1966,ATL,2,51,33,18,N
bauerha01,1966,BAL,1,160,97,63,N
hermabi01,1966,BOS,1,146,64,82,N
runnepe01,1966,BOS,2,16,8,8,N
rignebi01,1966,CAL,1,162,80,82,N
stanked01,1966,CHA,1,163,83,79,N
durocle01,1966,CHN,1,162,59,103,N
heffndo01,1966,CIN,1,83,37,46,N
bristda99,1966,CIN,2,77,39,38,N
tebbebi01,1966,CLE,1,123,66,57,N
stricge01,1966,CLE,2,39,15,24,N
dressch01,1966,DET,1,26,16,10,N
swiftbo01,1966,DET,2,57,32,25,N
skafffr01,1966,DET,3,79,40,39,N
hattogr01,1966,HOU,1,163,72,90,N
darkal01,1966,KC1,1,160,74,86,N
alstowa01,1966,LAN,1,162,95,67,N
melesa01,1966,MIN,1,162,89,73,N
keanejo99,1966,NYA,1,20,4,16,N
houkra01,1966,NYA,2,140,66,73,N
westrwe01,1966,NYN,1,161,66,95,N
mauchge01,1966,PHI,1,162,87,75,N
walkeha01,1966,PIT,1,162,92,70,N
frankhe01,1966,SFN,1,161,93,68,N
schoere01,1966,SLN,1,162,83,79,N
hodgegi01,1966,WS2,1,159,71,88,N
hitchbi01,1967,ATL,1,159,77,82,N
silveke01,1967,ATL,2,3,0,3,N
bauerha01,1967,BAL,1,161,76,85,N
willidi02,1967,BOS,1,162,92,70,N
rignebi01,1967,CAL,1,161,84,77,N
stanked01,1967,CHA,1,162,89,73,N
durocle01,1967,CHN,1,162,87,74,N
bristda99,1967,CIN,1,162,87,75,N
adcocjo01,1967,CLE,1,162,75,87,N
smithma01,1967,DET,1,163,91,71,N
hattogr01,1967,HOU,1,162,69,93,N
darkal01,1967,KC1,1,121,52,69,N
applilu01,1967,KC1,2,40,10,30,N
alstowa01,1967,LAN,1,162,73,89,N
melesa01,1967,MIN,1,50,25,25,N
ermerca01,1967,MIN,2,114,66,46,N
houkra01,1967,NYA,1,163,72,90,N
westrwe01,1967,NYN,1,151,57,94,N
parkesa01,1967,NYN,2,11,4,7,N
mauchge01,1967,PHI,1,162,82,80,N
walkeha01,1967,PIT,1,84,42,42,N
murtada01,1967,PIT,2,79,39,39,N
frankhe01,1967,SFN,1,162,91,71,N
schoere01,1967,SLN,1,161,101,60,N
hodgegi01,1967,WS2,1,161,76,85,N
harrilu01,1968,ATL,1,163,81,81,N
bauerha01,1968,BAL,1,80,43,37,N
weaveea99,1968,BAL,2,82,48,34,N
willidi02,1968,BOS,1,162,86,76,N
rignebi01,1968,CAL,1,162,67,95,N
stanked01,1968,CHA,1,79,34,45,N
mossle01,1968,CHA,2,2,0,2,N
lopezal01,1968,CHA,3,11,6,5,N
mossle01,1968,CHA,4,34,12,22,N
lopezal01,1968,CHA,5,36,15,21,N
durocle01,1968,CHN,1,163,84,78,N
bristda99,1968,CIN,1,163,83,79,N
darkal01,1968,CLE,1,162,86,75,N
smithma01,1968,DET,1,164,103,59,N
hattogr01,1968,HOU,1,61,23,38,N
walkeha01,1968,HOU,2,101,49,52,N
alstowa01,1968,LAN,1,162,76,86,N
ermerca01,1968,MIN,1,162,79,83,N
houkra01,1968,NYA,1,164,83,79,N
hodgegi01,1968,NYN,1,163,73,89,N
kennebo01,1968,OAK,1,163,82,80,N
mauchge01,1968,PHI,1,54,27,27,N
myattge01,1968,PHI,2,1,1,0,N
skinnbo01,1968,PHI,3,107,48,59,N
shepala99,1968,PIT,1,163,80,82,N
frankhe01,1968,SFN,1,163,88,74,N
schoere01,1968,SLN,1,162,97,65,N
lemonji01,1968,WS2,1,161,65,96,N
harrilu01,1969,ATL,1,162,93,69,N
weaveea99,1969,BAL,1,162,109,53,N
willidi02,1969,BOS,1,153,82,71,N
popowed99,1969,BOS,2,9,5,4,N
rignebi01,1969,CAL,1,39,11,28,N
phillle99,1969,CAL,2,124,60,63,N
lopezal01,1969,CHA,1,17,8,9,N
guttedo01,1969,CHA,2,145,60,85,N
durocle01,1969,CHN,1,163,92,70,N
bristda99,1969,CIN,1,163,89,73,N
darkal01,1969,CLE,1,161,62,99,N
smithma01,1969,DET,1,162,90,72,N
walkeha01,1969,HOU,1,162,81,81,N
gordojo01,1969,KCA,1,163,69,93,N
alstowa01,1969,LAN,1,162,85,77,N
martibi02,1969,MIN,1,162,97,65,N
mauchge01,1969,MON,1,162,52,110,N
houkra01,1969,NYA,1,162,80,81,N
hodgegi01,1969,NYN,1,162,100,62,N
bauerha01,1969,OAK,1,149,80,69,N
mcnamjo99,1969,OAK,2,13,8,5,N
skinnbo01,1969,PHI,1,108,44,64,N
myattge01,1969,PHI,2,54,19,35,N
shepala99,1969,PIT,1,157,84,73,N
grammal01,1969,PIT,2,5,4,1,N
gomezpr01,1969,SDN,1,162,52,110,N
schuljo05,1969,SE1,1,163,64,98,N
kingcl01,1969,SFN,1,162,90,72,N
schoere01,1969,SLN,1,162,87,75,N
willite01,1969,WS2,1,162,86,76,N
harrilu01,1970,ATL,1,162,76,86,N
weaveea99,1970,BAL,1,162,108,54,N
kaskoed01,1970,BOS,1,162,87,75,N
phillle99,1970,CAL,1,162,86,76,N
guttedo01,1970,CHA,1,136,49,87,N
adairbi99,1970,CHA,2,10,4,6,N
tannech01,1970,CHA,3,16,3,13,N
durocle01,1970,CHN,1,162,84,78,N
andersp01,1970,CIN,1,162,102,60,N
darkal01,1970,CLE,1,162,76,86,N
smithma01,1970,DET,1,162,79,83,N
walkeha01,1970,HOU,1,162,79,83,N
metroch01,1970,KCA,1,52,19,33,N
lemonbo01,1970,KCA,2,110,46,64,N
alstowa01,1970,LAN,1,161,87,74,N
rignebi01,1970,MIN,1,162,98,64,N
bristda99,1970,ML4,1,163,65,97,N
mauchge01,1970,MON,1,162,73,89,N
houkra01,1970,NYA,1,163,93,69,N
hodgegi01,1970,NYN,1,162,83,79,N
mcnamjo99,1970,OAK,1,162,89,73,N
lucchfr99,1970,PHI,1,161,73,88,N
murtada01,1970,PIT,1,162,89,73,N
gomezpr01,1970,SDN,1,162,63,99,N
kingcl01,1970,SFN,1,42,19,23,N
foxch01,1970,SFN,2,120,67,53,N
schoere01,1970,SLN,1,162,76,86,N
willite01,1970,WS2,1,162,70,92,N
harrilu01,1971,ATL,1,162,82,80,N
weaveea99,1971,BAL,1,158,101,57,N
kaskoed01,1971,BOS,1,162,85,77,N
phillle99,1971,CAL,1,162,76,86,N
tannech01,1971,CHA,1,162,79,83,N
durocle01,1971,CHN,1,162,83,79,N
andersp01,1971,CIN,1,162,79,83,N
darkal01,1971,CLE,1,103,42,61,N
liponjo01,1971,CLE,2,59,18,41,N
martibi02,1971,DET,1,162,91,71,N
walkeha01,1971,HOU,1,162,79,83,N
lemonbo01,1971,KCA,1,161,85,76,N
alstowa01,1971,LAN,1,162,89,73,N
rignebi01,1971,MIN,1,160,74,86,N
bristda99,1971,ML4,1,161,69,92,N
mauchge01,1971,MON,1,162,71,90,N
houkra01,1971,NYA,1,162,82,80,N
hodgegi01,1971,NYN,1,162,83,79,N
willidi02,1971,OAK,1,161,101,60,N
lucchfr99,1971,PHI,1,162,67,95,N
murtada01,1971,PIT,1,162,97,65,N
gomezpr01,1971,SDN,1,161,61,100,N
foxch01,1971,SFN,1,162,90,72,N
schoere01,1971,SLN,1,163,90,72,N
willite01,1971,WS2,1,159,63,96,N
harrilu01,1972,ATL,1,105,47,57,N
matheed01,1972,ATL,2,50,23,27,N
weaveea99,1972,BAL,1,154,80,74,N
kaskoed01,1972,BOS,1,155,85,70,N
ricede01,1972,CAL,1,155,75,80,N
tannech01,1972,CHA,1,154,87,67,N
durocle01,1972,CHN,1,91,46,44,N
lockmwh01,1972,CHN,2,65,39,26,N
andersp01,1972,CIN,1,154,95,59,N
asproke01,1972,CLE,1,156,72,84,N
martibi02,1972,DET,1,156,86,70,N
walkeha01,1972,HOU,1,121,67,54,N
parkesa01,1972,HOU,2,1,1,0,N
durocle01,1972,HOU,3,31,16,15,N
lemonbo01,1972,KCA,1,154,76,78,N
alstowa01,1972,LAN,1,155,85,70,N
rignebi01,1972,MIN,1,70,36,34,N
quilifr01,1972,MIN,2,84,41,43,N
bristda99,1972,ML4,1,30,10,20,N
mcmilro01,1972,ML4,2,2,1,1,N
crandde01,1972,ML4,3,124,54,70,N
mauchge01,1972,MON,1,156,70,86,N
houkra01,1972,NYA,1,155,79,76,N
berrayo01,1972,NYN,1,156,83,73,N
willidi02,1972,OAK,1,155,93,62,N
lucchfr99,1972,PHI,1,76,26,50,N
owenspa99,1972,PHI,2,80,33,47,N
virdobi01,1972,PIT,1,155,96,59,N
gomezpr01,1972,SDN,1,11,4,7,N
zimmedo01,1972,SDN,2,142,54,88,N
foxch01,1972,SFN,1,155,69,86,N
schoere01,1972,SLN,1,156,75,81,N
willite01,1972,TEX,1,154,54,100,N
matheed01,1973,ATL,1,162,76,85,N
weaveea99,1973,BAL,1,162,97,65,N
kaskoed01,1973,BOS,1,161,88,73,N
popowed99,1973,BOS,2,1,1,0,N
winklbo99,1973,CAL,1,162,79,83,N
tannech01,1973,CHA,1,162,77,85,N
lockmwh01,1973,CHN,1,161,77,84,N
andersp01,1973,CIN,1,162,99,63,N
asproke01,1973,CLE,1,162,71,91,N
martibi02,1973,DET,1,134,71,63,N
schuljo05,1973,DET,2,28,14,14,N
durocle01,1973,HOU,1,162,82,80,N
mckeoja99,1973,KCA,1,162,88,74,N
alstowa01,1973,LAN,1,162,95,66,N
quilifr01,1973,MIN,1,162,81,81,N
crandde01,1973,ML4,1,162,74,88,N
mauchge01,1973,MON,1,162,79,83,N
houkra01,1973,NYA,1,162,80,82,N
berrayo01,1973,NYN,1,161,82,79,N
willidi02,1973,OAK,1,162,94,68,N
ozarkda99,1973,PHI,1,162,71,91,N
virdobi01,1973,PIT,1,136,67,69,N
murtada01,1973,PIT,2,26,13,13,N
zimmedo01,1973,SDN,1,162,60,102,N
foxch01,1973,SFN,1,162,88,74,N
schoere01,1973,SLN,1,162,81,81,N
herzowh01,1973,TEX,1,138,47,91,N
wilbede01,1973,TEX,2,1,1,0,N
martibi02,1973,TEX,3,23,9,14,N
matheed01,1974,ATL,1,99,50,49,N
kingcl01,1974,ATL,2,64,38,25,N
weaveea99,1974,BAL,1,162,91,71,N
johnsda01,1974,BOS,1,162,84,78,N
winklbo99,1974,CAL,1,75,30,44,N
herzowh01,1974,CAL,2,4,2,2,N
willidi02,1974,CAL,3,84,36,48,N
tannech01,1974,CHA,1,163,80,80,N
lockmwh01,1974,CHN,1,93,41,52,N
marshji01,1974,CHN,2,69,25,44,N
andersp01,1974,CIN,1,163,98,64,N
asproke01,1974,CLE,1,162,77,85,N
houkra01,1974,DET,1,162,72,90,N
gomezpr01,1974,HOU,1,162,81,81,N
mckeoja99,1974,KCA,1,162,77,85,N
alstowa01,1974,LAN,1,162,102,60,N
quilifr01,1974,MIN,1,163,82,80,N
crandde01,1974,ML4,1,162,76,86,N
mauchge01,1974,MON,1,161,79,82,N
virdobi01,1974,NYA,1,162,89,73,N
berrayo01,1974,NYN,1,162,71,91,N
darkal01,1974,OAK,1,162,90,72,N
ozarkda99,1974,PHI,1,162,80,82,N
murtada01,1974,PIT,1,162,88,74,N
mcnamjo99,1974,SDN,1,162,60,102,N
foxch01,1974,SFN,1,76,34,42,N
westrwe01,1974,SFN,2,86,38,48,N
schoere01,1974,SLN,1,161,86,75,N
martibi02,1974,TEX,1,161,84,76,N
kingcl01,1975,ATL,1,134,58,76,N
ryanco01,1975,ATL,2,27,9,18,N
weaveea99,1975,BAL,1,159,90,69,N
johnsda01,1975,BOS,1,160,95,65,N
willidi02,1975,CAL,1,161,72,89,N
tannech01,1975,CHA,1,161,75,86,N
marshji01,1975,CHN,1,162,75,87,N
andersp01,1975,CIN,1,162,108,54,N
robinfr02,1975,CLE,1,159,79,80,Y
houkra01,1975,DET,1,159,57,102,N
gomezpr01,1975,HOU,1,127,47,80,N
virdobi01,1975,HOU,2,35,17,17,N
mckeoja99,1975,KCA,1,96,50,46,N
herzowh01,1975,KCA,2,66,41,25,N
alstowa01,1975,LAN,1,162,88,74,N
quilifr01,1975,MIN,1,159,76,83,N
crandde01,1975,ML4,1,161,67,94,N
kuennha01,1975,ML4,2,1,1,0,N
mauchge01,1975,MON,1,162,75,87,N
virdobi01,1975,NYA,1,104,53,51,N
martibi02,1975,NYA,2,56,30,26,N
berrayo01,1975,NYN,1,109,56,53,N
mcmilro01,1975,NYN,2,53,26,27,N
darkal01,1975,OAK,1,162,98,64,N
ozarkda99,1975,PHI,1,162,86,76,N
murtada01,1975,PIT,1,161,92,69,N
mcnamjo99,1975,SDN,1,162,71,91,N
westrwe01,1975,SFN,1,161,80,81,N
schoere01,1975,SLN,1,163,82,80,N
martibi02,1975,TEX,1,95,44,51,N
lucchfr99,1975,TEX,2,67,35,32,N
bristda99,1976,ATL,1,162,70,92,N
weaveea99,1976,BAL,1,162,88,74,N
johnsda01,1976,BOS,1,86,41,45,N
zimmedo01,1976,BOS,2,76,42,34,N
willidi02,1976,CAL,1,96,39,57,N
sherrno01,1976,CAL,2,66,37,29,N
richapa01,1976,CHA,1,161,64,97,N
marshji01,1976,CHN,1,162,75,87,N
andersp01,1976,CIN,1,162,102,60,N
robinfr02,1976,CLE,1,159,81,78,Y
houkra01,1976,DET,1,161,74,87,N
virdobi01,1976,HOU,1,162,80,82,N
herzowh01,1976,KCA,1,162,90,72,N
alstowa01,1976,LAN,1,158,90,68,N
lasorto01,1976,LAN,2,4,2,2,N
mauchge01,1976,MIN,1,162,85,77,N
grammal01,1976,ML4,1,161,66,95,N
kuehlka99,1976,MON,1,128,43,85,N
foxch01,1976,MON,2,34,12,22,N
martibi02,1976,NYA,1,159,97,62,N
frazijo01,1976,NYN,1,162,86,76,N
tannech01,1976,OAK,1,161,87,74,N
ozarkda99,1976,PHI,1,162,101,61,N
murtada01,1976,PIT,1,162,92,70,N
mcnamjo99,1976,SDN,1,162,73,89,N
rignebi01,1976,SFN,1,162,74,88,N
schoere01,1976,SLN,1,162,72,90,N
lucchfr99,1976,TEX,1,162,76,86,N
bristda99,1977,ATL,1,29,8,21,N
turnete99,1977,ATL,2,1,0,1,N
bensove01,1977,ATL,3,1,1,0,N
bristda99,1977,ATL,4,131,52,79,N
weaveea99,1977,BAL,1,161,97,64,N
zimmedo01,1977,BOS,1,161,97,64,N
sherrno01,1977,CAL,1,81,39,42,N
garcida99,1977,CAL,2,81,35,46,N
lemonbo01,1977,CHA,1,162,90,72,N
frankhe01,1977,CHN,1,162,81,81,N
andersp01,1977,CIN,1,162,88,74,N
robinfr02,1977,CLE,1,57,26,31,N
torboje01,1977,CLE,2,104,45,59,N
houkra01,1977,DET,1,162,74,88,N
virdobi01,1977,HOU,1,162,81,81,N
herzowh01,1977,KCA,1,162,102,60,N
lasorto01,1977,LAN,1,162,98,64,N
mauchge01,1977,MIN,1,161,84,77,N
grammal01,1977,ML4,1,162,67,95,N
willidi02,1977,MON,1,162,75,87,N
martibi02,1977,NYA,1,162,100,62,N
frazijo01,1977,NYN,1,45,15,30,N
torrejo01,1977,NYN,2,117,49,68,Y
mckeoja99,1977,OAK,1,53,26,27,N
winklbo99,1977,OAK,2,108,37,71,N
ozarkda99,1977,PHI,1,162,101,61,N
tannech01,1977,PIT,1,162,96,66,N
mcnamjo99,1977,SDN,1,48,20,28,N
skinnbo01,1977,SDN,2,1,1,0,N
darkal01,1977,SDN,3,113,48,65,N
johnsda01,1977,SEA,1,162,64,98,N
altobjo01,1977,SFN,1,162,75,87,N
rappve99,1977,SLN,1,162,83,79,N
lucchfr99,1977,TEX,1,62,31,31,N
stanked01,1977,TEX,2,1,1,0,N
ryanco01,1977,TEX,3,6,2,4,N
huntebi03,1977,TEX,4,93,60,33,N
hartsro01,1977,TOR,1,161,54,107,N
coxbo01,1978,ATL,1,162,69,93,N
weaveea99,1978,BAL,1,161,90,71,N
zimmedo01,1978,BOS,1,163,99,64,N
garcida99,1978,CAL,1,45,25,20,N
fregoji01,1978,CAL,2,117,62,55,N
lemonbo01,1978,CHA,1,74,34,40,N
dobyla01,1978,CHA,2,87,37,50,N
frankhe01,1978,CHN,1,162,79,83,N
andersp01,1978,CIN,1,161,92,69,N
torboje01,1978,CLE,1,159,69,90,N
houkra01,1978,DET,1,162,86,76,N
virdobi01,1978,HOU,1,162,74,88,N
herzowh01,1978,KCA,1,162,92,70,N
lasorto01,1978,LAN,1,162,95,67,N
mauchge01,1978,MIN,1,162,73,89,N
bambege01,1978,ML4,1,162,93,69,N
willidi02,1978,MON,1,162,76,86,N
martibi02,1978,NYA,1,94,52,42,N
howsedi01,1978,NYA,2,1,0,1,N
lemonbo01,1978,NYA,3,68,48,20,N
torrejo01,1978,NYN,1,162,66,96,N
winklbo99,1978,OAK,1,39,24,15,N
mckeoja99,1978,OAK,2,123,45,78,N
ozarkda99,1978,PHI,1,162,90,72,N
tannech01,1978,PIT,1,161,88,73,N
craigro01,1978,SDN,1,162,84,78,N
johnsda01,1978,SEA,1,160,56,104,N
altobjo01,1978,SFN,1,162,89,73,N
rappve99,1978,SLN,1,17,6,11,N
krolja99,1978,SLN,2,2,1,1,N
boyerke01,1978,SLN,3,143,62,81,N
huntebi03,1978,TEX,1,161,86,75,N
corrapa01,1978,TEX,2,1,1,0,N
hartsro01,1978,TOR,1,161,59,102,N
coxbo01,1979,ATL,1,160,66,94,N
weaveea99,1979,BAL,1,159,102,57,N
zimmedo01,1979,BOS,1,160,91,69,N
fregoji01,1979,CAL,1,162,88,74,N
kessido01,1979,CHA,1,106,46,60,Y
larusto01,1979,CHA,2,54,27,27,N
frankhe01,1979,CHN,1,155,78,77,N
amalfjo01,1979,CHN,2,7,2,5,N
mcnamjo99,1979,CIN,1,161,90,71,N
torboje01,1979,CLE,1,95,43,52,N
garcida99,1979,CLE,2,66,38,28,N
mossle01,1979,DET,1,53,27,26,N
tracedi01,1979,DET,2,2,2,0,N
andersp01,1979,DET,3,106,56,50,N
virdobi01,1979,HOU,1,162,89,73,N
herzowh01,1979,KCA,1,162,85,77,N
lasorto01,1979,LAN,1,162,79,83,N
mauchge01,1979,MIN,1,162,82,80,N
bambege01,1979,ML4,1,161,95,66,N
willidi02,1979,MON,1,160,95,65,N
lemonbo01,1979,NYA,1,65,34,31,N
martibi02,1979,NYA,2,95,55,40,N
torrejo01,1979,NYN,1,163,63,99,N
marshji01,1979,OAK,1,162,54,108,N
ozarkda99,1979,PHI,1,133,65,67,N
greenda02,1979,PHI,2,30,19,11,N
tannech01,1979,PIT,1,163,98,64,N
craigro01,1979,SDN,1,161,68,93,N
johnsda01,1979,SEA,1,162,67,95,N
altobjo01,1979,SFN,1,140,61,79,N
bristda99,1979,SFN,2,22,10,12,N
boyerke01,1979,SLN,1,163,86,76,N
corrapa01,1979,TEX,1,162,83,79,N
hartsro01,1979,TOR,1,162,53,109,N
coxbo01,1980,ATL,1,161,81,80,N
weaveea99,1980,BAL,1,162,100,62,N
zimmedo01,1980,BOS,1,155,82,73,N
peskyjo01,1980,BOS,2,5,1,4,N
fregoji01,1980,CAL,1,160,65,95,N
larusto01,1980,CHA,1,162,70,90,N
gomezpr01,1980,CHN,1,90,38,52,N
amalfjo01,1980,CHN,2,72,26,46,N
mcnamjo99,1980,CIN,1,163,89,73,N
garcida99,1980,CLE,1,160,79,81,N
andersp01,1980,DET,1,163,84,78,N
virdobi01,1980,HOU,1,163,93,70,N
freyji99,1980,KCA,1,162,97,65,N
lasorto01,1980,LAN,1,163,92,71,N
mauchge01,1980,MIN,1,125,54,71,N
goryljo01,1980,MIN,2,36,23,13,N
rodgebu01,1980,ML4,1,47,26,21,N
bambege01,1980,ML4,2,92,47,45,N
rodgebu01,1980,ML4,3,23,13,10,N
willidi02,1980,MON,1,162,90,72,N
howsedi01,1980,NYA,1,162,103,59,N
torrejo01,1980,NYN,1,162,67,95,N
martibi02,1980,OAK,1,162,83,79,N
greenda02,1980,PHI,1,162,91,71,N
tannech01,1980,PIT,1,162,83,79,N
colemje01,1980,SDN,1,163,73,89,N
johnsda01,1980,SEA,1,105,39,65,N
willsma01,1980,SEA,2,58,20,38,N
bristda99,1980,SFN,1,161,75,86,N
boyerke01,1980,SLN,1,51,18,33,N
krolja99,1980,SLN,2,1,0,1,N
herzowh01,1980,SLN,3,73,38,35,N
schoere01,1980,SLN,4,37,18,19,N
corrapa01,1980,TEX,1,163,76,85,N
mattibo01,1980,TOR,1,162,67,95,N
coxbo01,1981,ATL,1,107,50,56,N
weaveea99,1981,BAL,1,105,59,46,N
houkra01,1981,BOS,1,108,59,49,N
fregoji01,1981,CAL,1,47,22,25,N
mauchge01,1981,CAL,2,63,29,34,N
larusto01,1981,CHA,1,106,54,52,N
amalfjo01,1981,CHN,1,106,38,65,N
mcnamjo99,1981,CIN,1,108,66,42,N
garcida99,1981,CLE,1,103,52,51,N
andersp01,1981,DET,1,109,60,49,N
virdobi01,1981,HOU,1,110,61,49,N
freyji99,1981,KCA,1,70,30,40,N
howsedi01,1981,KCA,2,33,20,13,N
lasorto01,1981,LAN,1,110,63,47,N
goryljo01,1981,MIN,1,37,11,25,N
gardnbi02,1981,MIN,2,73,30,43,N
rodgebu01,1981,ML4,1,109,62,47,N
willidi02,1981,MON,1,81,44,37,N
fanniji01,1981,MON,2,27,16,11,N
michage01,1981,NYA,1,82,48,34,N
lemonbo01,1981,NYA,2,25,11,14,N
torrejo01,1981,NYN,1,105,41,62,N
martibi02,1981,OAK,1,109,64,45,N
greenda02,1981,PHI,1,107,59,48,N
tannech01,1981,PIT,1,103,46,56,N
howarfr01,1981,SDN,1,110,41,69,N
willsma01,1981,SEA,1,25,6,18,N
lachere01,1981,SEA,2,85,38,47,N
robinfr02,1981,SFN,1,111,56,55,N
herzowh01,1981,SLN,1,103,59,43,N
zimmedo01,1981,TEX,1,105,57,48,N
mattibo01,1981,TOR,1,106,37,69,N
torrejo01,1982,ATL,1,162,89,73,N
weaveea99,1982,BAL,1,163,94,68,N
houkra01,1982,BOS,1,162,89,73,N
mauchge01,1982,CAL,1,162,93,69,N
larusto01,1982,CHA,1,162,87,75,N
eliale01,1982,CHN,1,162,73,89,N
mcnamjo99,1982,CIN,1,92,34,58,N
nixonru01,1982,CIN,2,70,27,43,N
garcida99,1982,CLE,1,162,78,84,N
andersp01,1982,DET,1,162,83,79,N
virdobi01,1982,HOU,1,111,49,62,N
lillibo01,1982,HOU,2,51,28,23,N
howsedi01,1982,KCA,1,162,90,72,N
lasorto01,1982,LAN,1,162,88,74,N
gardnbi02,1982,MIN,1,162,60,102,N
rodgebu01,1982,ML4,1,47,23,24,N
kuennha01,1982,ML4,2,116,72,43,N
fanniji01,1982,MON,1,162,86,76,N
lemonbo01,1982,NYA,1,14,6,8,N
michage01,1982,NYA,2,86,44,42,N
kingcl01,1982,NYA,3,62,29,33,N
bambege01,1982,NYN,1,162,65,97,N
martibi02,1982,OAK,1,162,68,94,N
corrapa01,1982,PHI,1,162,89,73,N
tannech01,1982,PIT,1,162,84,78,N
willidi02,1982,SDN,1,162,81,81,N
lachere01,1982,SEA,1,162,76,86,N
robinfr02,1982,SFN,1,162,87,75,N
herzowh01,1982,SLN,1,162,92,70,N
zimmedo01,1982,TEX,1,96,38,58,N
johnsda01,1982,TEX,2,66,26,40,N
coxbo01,1982,TOR,1,162,78,84,N
torrejo01,1983,ATL,1,162,88,74,N
altobjo01,1983,BAL,1,162,98,64,N
houkra01,1983,BOS,1,162,78,84,N
mcnamjo99,1983,CAL,1,162,70,92,N
larusto01,1983,CHA,1,162,99,63,N
eliale01,1983,CHN,1,123,54,69,N
foxch01,1983,CHN,2,39,17,22,N
nixonru01,1983,CIN,1,162,74,88,N
ferrami01,1983,CLE,1,100,40,60,N
corrapa01,1983,CLE,2,62,30,32,N
andersp01,1983,DET,1,162,92,70,N
lillibo01,1983,HOU,1,162,85,77,N
howsedi01,1983,KCA,1,163,79,83,N
lasorto01,1983,LAN,1,163,91,71,N
gardnbi02,1983,MIN,1,162,70,92,N
kuennha01,1983,ML4,1,162,87,75,N
virdobi01,1983,MON,1,163,82,80,N
martibi02,1983,NYA,1,162,91,71,N
bambege01,1983,NYN,1,46,16,30,N
howarfr01,1983,NYN,2,116,52,64,N
borosst01,1983,OAK,1,162,74,88,N
corrapa01,1983,PHI,1,86,43,42,N
owenspa99,1983,PHI,2,77,47,30,N
tannech01,1983,PIT,1,162,84,78,N
willidi02,1983,SDN,1,163,81,81,N
lachere01,1983,SEA,1,73,26,47,N
crandde01,1983,SEA,2,89,34,55,N
robinfr02,1983,SFN,1,162,79,83,N
herzowh01,1983,SLN,1,162,79,83,N
raderdo02,1983,TEX,1,163,77,85,N
coxbo01,1983,TOR,1,162,89,73,N
torrejo01,1984,ATL,1,162,80,82,N
altobjo01,1984,BAL,1,162,85,77,N
houkra01,1984,BOS,1,162,86,76,N
mcnamjo99,1984,CAL,1,162,81,81,N
larusto01,1984,CHA,1,162,74,88,N
freyji99,1984,CHN,1,161,96,65,N
rappve99,1984,CIN,1,121,51,70,N
rosepe01,1984,CIN,2,41,19,22,Y
corrapa01,1984,CLE,1,163,75,87,N
andersp01,1984,DET,1,162,104,58,N
lillibo01,1984,HOU,1,162,80,82,N
howsedi01,1984,KCA,1,162,84,78,N
lasorto01,1984,LAN,1,162,79,83,N
gardnbi02,1984,MIN,1,162,81,81,N
lachere01,1984,ML4,1,161,67,94,N
virdobi01,1984,MON,1,131,64,67,N
fanniji01,1984,MON,2,30,14,16,N
berrayo01,1984,NYA,1,162,87,75,N
johnsda02,1984,NYN,1,162,90,72,N
borosst01,1984,OAK,1,44,20,24,N
mooreja01,1984,OAK,2,118,57,61,N
owenspa99,1984,PHI,1,162,81,81,N
tannech01,1984,PIT,1,162,75,87,N
willidi02,1984,SDN,1,162,92,70,N
crandde01,1984,SEA,1,135,59,76,N
cottich01,1984,SEA,2,27,15,12,N
robinfr02,1984,SFN,1,106,42,64,N
ozarkda99,1984,SFN,2,56,24,32,N
herzowh01,1984,SLN,1,162,84,78,N
raderdo02,1984,TEX,1,161,69,92,N
coxbo01,1984,TOR,1,163,89,73,N
haased01,1985,ATL,1,121,50,71,N
winebo01,1985,ATL,2,41,16,25,N
altobjo01,1985,BAL,1,55,29,26,N
ripkeca99,1985,BAL,2,1,1,0,N
weaveea99,1985,BAL,3,105,53,52,N
mcnamjo99,1985,BOS,1,163,81,81,N
mauchge01,1985,CAL,1,162,90,72,N
larusto01,1985,CHA,1,163,85,77,N
freyji99,1985,CHN,1,162,77,84,N
rosepe01,1985,CIN,1,162,89,72,Y
corrapa01,1985,CLE,1,162,60,102,N
andersp01,1985,DET,1,161,84,77,N
lillibo01,1985,HOU,1,162,83,79,N
howsedi01,1985,KCA,1,162,91,71,N
lasorto01,1985,LAN,1,162,95,67,N
gardnbi02,1985,MIN,1,62,27,35,N
millera99,1985,MIN,2,100,50,50,N
bambege01,1985,ML4,1,161,71,90,N
rodgebu01,1985,MON,1,161,84,77,N
berrayo01,1985,NYA,1,16,6,10,N
martibi02,1985,NYA,2,145,91,54,N
johnsda02,1985,NYN,1,162,98,64,N
mooreja01,1985,OAK,1,162,77,85,N
felskjo01,1985,PHI,1,162,75,87,N
tannech01,1985,PIT,1,161,57,104,N
willidi02,1985,SDN,1,162,83,79,N
cottich01,1985,SEA,1,162,74,88,N
davenji01,1985,SFN,1,144,56,88,N
craigro01,1985,SFN,2,18,6,12,N
herzowh01,1985,SLN,1,162,101,61,N
raderdo02,1985,TEX,1,32,9,23,N
valenbo02,1985,TEX,2,129,53,76,N
coxbo01,1985,TOR,1,161,99,62,N
tannech01,1986,ATL,1,161,72,89,N
weaveea99,1986,BAL,1,162,73,89,N
mcnamjo99,1986,BOS,1,161,95,66,N
mauchge01,1986,CAL,1,162,92,70,N
larusto01,1986,CHA,1,64,26,38,N
raderdo02,1986,CHA,2,2,1,1,N
fregoji01,1986,CHA,3,96,45,51,N
freyji99,1986,CHN,1,56,23,33,N
vukovjo01,1986,CHN,2,2,1,1,N
michage01,1986,CHN,3,102,46,56,N
rosepe01,1986,CIN,1,162,86,76,Y
corrapa01,1986,CLE,1,163,84,78,N
andersp01,1986,DET,1,162,87,75,N
lanieha01,1986,HOU,1,162,96,66,N
howsedi01,1986,KCA,1,88,40,48,N
ferrami01,1986,KCA,2,74,36,38,N
lasorto01,1986,LAN,1,162,73,89,N
millera99,1986,MIN,1,139,59,80,N
kellyto01,1986,MIN,2,23,12,11,N
bambege01,1986,ML4,1,152,71,81,N
trebeto99,1986,ML4,2,9,6,3,N
rodgebu01,1986,MON,1,161,78,83,N
pinielo01,1986,NYA,1,162,90,72,N
johnsda02,1986,NYN,1,162,108,54,N
mooreja01,1986,OAK,1,73,29,44,N
newmaje01,1986,OAK,2,10,2,8,N
larusto01,1986,OAK,3,79,45,34,N
felskjo01,1986,PHI,1,161,86,75,N
leylaji99,1986,PIT,1,162,64,98,N
borosst01,1986,SDN,1,162,74,88,N
cottich01,1986,SEA,1,28,9,19,N
martima01,1986,SEA,2,1,0,1,N
willidi02,1986,SEA,3,133,58,75,N
craigro01,1986,SFN,1,162,83,79,N
herzowh01,1986,SLN,1,161,79,82,N
valenbo02,1986,TEX,1,162,87,75,N
williji03,1986,TOR,1,163,86,76,N
tannech01,1987,ATL,1,161,69,92,N
ripkeca99,1987,BAL,1,162,67,95,N
mcnamjo99,1987,BOS,1,162,78,84,N
mauchge01,1987,CAL,1,162,75,87,N
fregoji01,1987,CHA,1,162,77,85,N
michage01,1987,CHN,1,136,68,68,N
lucchfr99,1987,CHN,2,25,8,17,N
rosepe01,1987,CIN,1,162,84,78,N
corrapa01,1987,CLE,1,87,31,56,N
edwardo01,1987,CLE,2,75,30,45,N
andersp01,1987,DET,1,162,98,64,N
lanieha01,1987,HOU,1,162,76,86,N
gardnbi02,1987,KCA,1,126,62,64,N
wathajo01,1987,KCA,2,36,21,15,N
lasorto01,1987,LAN,1,162,73,89,N
kellyto01,1987,MIN,1,162,85,77,N
trebeto99,1987,ML4,1,162,91,71,N
rodgebu01,1987,MON,1,162,91,71,N
pinielo01,1987,NYA,1,162,89,73,N
johnsda02,1987,NYN,1,162,92,70,N
larusto01,1987,OAK,1,162,81,81,N
felskjo01,1987,PHI,1,61,29,32,N
eliale01,1987,PHI,2,101,51,50,N
leylaji99,1987,PIT,1,162,80,82,N
bowala01,1987,SDN,1,162,65,97,N
willidi02,1987,SEA,1,162,78,84,N
craigro01,1987,SFN,1,162,90,72,N
herzowh01,1987,SLN,1,162,95,67,N
valenbo02,1987,TEX,1,162,75,87,N
williji03,1987,TOR,1,162,96,66,N
tannech01,1988,ATL,1,39,12,27,N
nixonru01,1988,ATL,2,121,42,79,N
ripkeca99,1988,BAL,1,6,0,6,N
robinfr02,1988,BAL,2,155,54,101,N
mcnamjo99,1988,BOS,1,85,43,42,N
morgajo01,1988,BOS,2,77,46,31,N
rojasco01,1988,CAL,1,154,75,79,N
stubimo01,1988,CAL,2,8,0,8,N
fregoji01,1988,CHA,1,161,71,90,N
zimmedo01,1988,CHN,1,163,77,85,N
rosepe01,1988,CIN,1,23,11,12,N
helmsto01,1988,CIN,2,27,12,15,N
rosepe01,1988,CIN,3,111,64,47,N
edwardo01,1988,CLE,1,162,78,84,N
andersp01,1988,DET,1,162,88,74,N
lanieha01,1988,HOU,1,162,82,80,N
wathajo01,1988,KCA,1,161,84,77,N
lasorto01,1988,LAN,1,162,94,67,N
kellyto01,1988,MIN,1,162,91,71,N
trebeto99,1988,ML4,1,162,87,75,N
rodgebu01,1988,MON,1,163,81,81,N
martibi02,1988,NYA,1,68,40,28,N
pinielo01,1988,NYA,2,93,45,48,N
johnsda02,1988,NYN,1,160,100,60,N
larusto01,1988,OAK,1,162,104,58,N
eliale01,1988,PHI,1,153,60,92,N
vukovjo01,1988,PHI,2,9,5,4,N
leylaji99,1988,PIT,1,160,85,75,N
bowala01,1988,SDN,1,46,16,30,N
mckeoja99,1988,SDN,2,115,67,48,N
willidi02,1988,SEA,1,56,23,33,N
snydeji02,1988,SEA,2,105,45,60,N
craigro01,1988,SFN,1,162,83,79,N
herzowh01,1988,SLN,1,162,76,86,N
valenbo02,1988,TEX,1,161,70,91,N
williji03,1988,TOR,1,162,87,75,N
nixonru01,1989,ATL,1,161,63,97,N
robinfr02,1989,BAL,1,162,87,75,N
morgajo01,1989,BOS,1,162,83,79,N
raderdo02,1989,CAL,1,162,91,71,N
torboje01,1989,CHA,1,161,69,92,N
zimmedo01,1989,CHN,1,162,93,69,N
rosepe01,1989,CIN,1,125,59,66,N
helmsto01,1989,CIN,2,37,16,21,N
edwardo01,1989,CLE,1,143,65,78,N
hartjo99,1989,CLE,2,19,8,11,N
andersp01,1989,DET,1,162,59,103,N
howear01,1989,HOU,1,162,86,76,N
wathajo01,1989,KCA,1,162,92,70,N
lasorto01,1989,LAN,1,160,77,83,N
kellyto01,1989,MIN,1,162,80,82,N
trebeto99,1989,ML4,1,162,81,81,N
rodgebu01,1989,MON,1,162,81,81,N
greenda02,1989,NYA,1,121,56,65,N
dentbu01,1989,NYA,2,40,18,22,N
johnsda02,1989,NYN,1,162,87,75,N
larusto01,1989,OAK,1,162,99,63,N
leyvani99,1989,PHI,1,163,67,95,N
leylaji99,1989,PIT,1,164,74,88,N
mckeoja99,1989,SDN,1,162,89,73,N
lefebji01,1989,SEA,1,162,73,89,N
craigro01,1989,SFN,1,162,92,70,N
herzowh01,1989,SLN,1,164,86,76,N
valenbo02,1989,TEX,1,162,83,79,N
williji03,1989,TOR,1,36,12,24,N
gastoci01,1989,TOR,2,126,77,49,N
nixonru01,1990,ATL,1,65,25,40,N
coxbo01,1990,ATL,2,97,40,57,N
robinfr02,1990,BAL,1,162,76,85,N
morgajo01,1990,BOS,1,162,88,74,N
raderdo02,1990,CAL,1,162,80,82,N
torboje01,1990,CHA,1,162,94,68,N
zimmedo01,1990,CHN,1,162,77,85,N
pinielo01,1990,CIN,1,162,91,71,N
mcnamjo99,1990,CLE,1,162,77,85,N
andersp01,1990,DET,1,162,79,83,N
howear01,1990,HOU,1,162,75,87,N
wathajo01,1990,KCA,1,161,75,86,N
lasorto01,1990,LAN,1,162,86,76,N
kellyto01,1990,MIN,1,162,74,88,N
trebeto99,1990,ML4,1,162,74,88,N
rodgebu01,1990,MON,1,162,85,77,N
dentbu01,1990,NYA,1,49,18,31,N
merrist99,1990,NYA,2,113,49,64,N
johnsda02,1990,NYN,1,42,20,22,N
harrebu01,1990,NYN,2,120,71,49,N
larusto01,1990,OAK,1,162,103,59,N
leyvani99,1990,PHI,1,162,77,85,N
leylaji99,1990,PIT,1,162,95,67,N
mckeoja99,1990,SDN,1,80,37,43,N
riddogr99,1990,SDN,2,82,38,44,N
lefebji01,1990,SEA,1,162,77,85,N
craigro01,1990,SFN,1,162,85,77,N
herzowh01,1990,SLN,1,80,33,47,N
schoere01,1990,SLN,2,24,13,11,N
torrejo01,1990,SLN,3,58,24,34,N
valenbo02,1990,TEX,1,162,83,79,N
gastoci01,1990,TOR,1,162,86,76,N
coxbo01,1991,ATL,1,162,94,68,N
robinfr02,1991,BAL,1,37,13,24,N
oatesjo01,1991,BAL,2,125,54,71,N
morgajo01,1991,BOS,1,162,84,78,N
raderdo02,1991,CAL,1,124,61,63,N
rodgebu01,1991,CAL,2,38,20,18,N
torboje01,1991,CHA,1,162,87,75,N
zimmedo01,1991,CHN,1,37,18,19,N
altobjo01,1991,CHN,2,1,0,1,N
essiaji01,1991,CHN,3,122,59,63,N
pinielo01,1991,CIN,1,162,74,88,N
mcnamjo99,1991,CLE,1,77,25,52,N
hargrmi01,1991,CLE,2,85,32,53,N
andersp01,1991,DET,1,162,84,78,N
howear01,1991,HOU,1,162,65,97,N
wathajo01,1991,KCA,1,37,15,22,N
schaebo99,1991,KCA,2,1,1,0,N
mcraeha01,1991,KCA,3,124,66,58,N
lasorto01,1991,LAN,1,162,93,69,N
kellyto01,1991,MIN,1,162,95,67,N
trebeto99,1991,ML4,1,162,83,79,N
rodgebu01,1991,MON,1,49,20,29,N
runneto01,1991,MON,2,112,51,61,N
merrist99,1991,NYA,1,162,71,91,N
harrebu01,1991,NYN,1,154,74,80,N
cubbami01,1991,NYN,2,7,3,4,N
larusto01,1991,OAK,1,162,84,78,N
leyvani99,1991,PHI,1,13,4,9,N
fregoji01,1991,PHI,2,149,74,75,N
leylaji99,1991,PIT,1,162,98,64,N
riddogr99,1991,SDN,1,162,84,78,N
lefebji01,1991,SEA,1,162,83,79,N
craigro01,1991,SFN,1,162,75,87,N
torrejo01,1991,SLN,1,162,84,78,N
valenbo02,1991,TEX,1,162,85,77,N
gastoci01,1991,TOR,1,120,66,54,N
tenacge01,1991,TOR,2,33,19,14,N
gastoci01,1991,TOR,3,9,6,3,N
coxbo01,1992,ATL,1,162,98,64,N
oatesjo01,1992,BAL,1,162,89,73,N
hobsobu01,1992,BOS,1,162,73,89,N
rodgebu01,1992,CAL,1,39,19,20,N
wathajo01,1992,CAL,2,89,39,50,N
rodgebu01,1992,CAL,3,34,14,20,N
lamonge01,1992,CHA,1,162,86,76,N
lefebji01,1992,CHN,1,162,78,84,N
pinielo01,1992,CIN,1,162,90,72,N
hargrmi01,1992,CLE,1,162,76,86,N
andersp01,1992,DET,1,162,75,87,N
howear01,1992,HOU,1,162,81,81,N
mcraeha01,1992,KCA,1,162,72,90,N
lasorto01,1992,LAN,1,162,63,99,N
kellyto01,1992,MIN,1,162,90,72,N
garneph01,1992,ML4,1,162,92,70,N
runneto01,1992,MON,1,37,17,20,N
aloufe01,1992,MON,2,125,70,55,N
showabu99,1992,NYA,1,162,76,86,N
torboje01,1992,NYN,1,162,72,90,N
larusto01,1992,OAK,1,162,96,66,N
fregoji01,1992,PHI,1,162,70,92,N
leylaji99,1992,PIT,1,162,96,66,N
riddogr99,1992,SDN,1,150,78,72,N
rigglji99,1992,SDN,2,12,4,8,N
plummbi01,1992,SEA,1,162,64,98,N
craigro01,1992,SFN,1,162,72,90,N
torrejo01,1992,SLN,1,162,83,79,N
valenbo02,1992,TEX,1,86,45,41,N
harrato01,1992,TEX,2,76,32,44,N
gastoci01,1992,TOR,1,162,96,66,N
coxbo01,1993,ATL,1,162,104,58,N
oatesjo01,1993,BAL,1,162,85,77,N
hobsobu01,1993,BOS,1,162,80,82,N
rodgebu01,1993,CAL,1,162,71,91,N
lamonge01,1993,CHA,1,162,94,68,N
lefebji01,1993,CHN,1,162,84,78,N
perezto01,1993,CIN,1,44,20,24,N
johnsda02,1993,CIN,2,118,53,65,N
hargrmi01,1993,CLE,1,162,76,86,N
baylodo01,1993,COL,1,162,67,95,N
andersp01,1993,DET,1,162,85,77,N
lachere01,1993,FLO,1,162,64,98,N
howear01,1993,HOU,1,162,85,77,N
mcraeha01,1993,KCA,1,162,84,78,N
lasorto01,1993,LAN,1,162,81,81,N
kellyto01,1993,MIN,1,162,71,91,N
garneph01,1993,ML4,1,162,69,93,N
aloufe01,1993,MON,1,162,94,68,N
showabu99,1993,NYA,1,162,88,74,N
torboje01,1993,NYN,1,38,13,25,N
greenda02,1993,NYN,2,124,46,78,N
larusto01,1993,OAK,1,162,68,94,N
fregoji01,1993,PHI,1,162,97,65,N
leylaji99,1993,PIT,1,162,75,87,N
rigglji99,1993,SDN,1,162,61,101,N
pinielo01,1993,SEA,1,162,82,80,N
bakerdu01,1993,SFN,1,162,103,59,N
torrejo01,1993,SLN,1,162,87,75,N
kenneke99,1993,TEX,1,162,86,76,N
gastoci01,1993,TOR,1,162,95,67,N
coxbo01,1994,ATL,1,114,68,46,N
oatesjo01,1994,BAL,1,112,63,49,N
hobsobu01,1994,BOS,1,115,54,61,N
rodgebu01,1994,CAL,1,40,16,24,N
lachema01,1994,CAL,2,75,31,44,N
lamonge01,1994,CHA,1,113,67,46,N
trebeto99,1994,CHN,1,113,49,64,N
johnsda02,1994,CIN,1,115,66,48,N
hargrmi01,1994,CLE,1,113,66,47,N
baylodo01,1994,COL,1,117,53,64,N
andersp01,1994,DET,1,115,53,62,N
lachere01,1994,FLO,1,115,51,64,N
collite99,1994,HOU,1,115,66,49,N
mcraeha01,1994,KCA,1,115,64,51,N
lasorto01,1994,LAN,1,115,58,56,N
kellyto01,1994,MIN,1,113,53,60,N
garneph01,1994,ML4,1,115,53,62,N
aloufe01,1994,MON,1,114,74,40,N
showabu99,1994,NYA,1,113,70,43,N
greenda02,1994,NYN,1,113,55,58,N
larusto01,1994,OAK,1,114,51,63,N
fregoji01,1994,PHI,1,115,54,61,N
leylaji99,1994,PIT,1,114,53,61,N
rigglji99,1994,SDN,1,117,47,70,N
pinielo01,1994,SEA,1,112,49,63,N
bakerdu01,1994,SFN,1,115,55,60,N
torrejo01,1994,SLN,1,115,53,61,N
kenneke99,1994,TEX,1,114,52,62,N
gastoci01,1994,TOR,1,115,55,60,N
coxbo01,1995,ATL,1,144,90,54,N
reganph01,1995,BAL,1,144,71,73,N
kenneke99,1995,BOS,1,144,86,58,N
lachema01,1995,CAL,1,145,78,67,N
lamonge01,1995,CHA,1,31,11,20,N
bevinte99,1995,CHA,2,113,57,56,N
rigglji99,1995,CHN,1,144,73,71,N
johnsda02,1995,CIN,1,144,85,59,N
hargrmi01,1995,CLE,1,144,100,44,N
baylodo01,1995,COL,1,144,77,67,N
andersp01,1995,DET,1,144,60,84,N
lachere01,1995,FLO,1,143,67,76,N
collite99,1995,HOU,1,144,76,68,N
boonebo01,1995,KCA,1,144,70,74,N
lasorto01,1995,LAN,1,144,78,66,N
kellyto01,1995,MIN,1,144,56,88,N
garneph01,1995,ML4,1,144,65,79,N
aloufe01,1995,MON,1,144,66,78,N
showabu99,1995,NYA,1,145,79,65,N
greenda02,1995,NYN,1,144,69,75,N
larusto01,1995,OAK,1,144,67,77,N
fregoji01,1995,PHI,1,144,69,75,N
leylaji99,1995,PIT,1,144,58,86,N
bochybr01,1995,SDN,1,144,70,74,N
pinielo01,1995,SEA,1,145,79,66,N
bakerdu01,1995,SFN,1,144,67,77,N
torrejo01,1995,SLN,1,47,20,27,N
jorgemi01,1995,SLN,2,96,42,54,N
oatesjo01,1995,TEX,1,144,74,70,N
gastoci01,1995,TOR,1,144,56,88,N
coxbo01,1996,ATL,1,162,96,66,N
johnsda02,1996,BAL,1,164,88,74,N
kenneke99,1996,BOS,1,162,85,77,N
lachema01,1996,CAL,1,111,52,59,N
mcnamjo99,1996,CAL,2,28,10,18,N
maddojo99,1996,CAL,3,22,8,14,N
bevinte99,1996,CHA,1,163,85,77,N
rigglji99,1996,CHN,1,163,76,86,N
knighra01,1996,CIN,1,162,81,81,N
hargrmi01,1996,CLE,1,161,99,62,N
baylodo01,1996,COL,1,163,83,79,N
bellbu01,1996,DET,1,162,53,109,N
lachere01,1996,FLO,1,86,39,47,N
rojasco01,1996,FLO,2,1,1,0,N
bolesjo99,1996,FLO,3,75,40,35,N
collite99,1996,HOU,1,162,82,80,N
boonebo01,1996,KCA,1,161,75,86,N
lasorto01,1996,LAN,1,76,41,35,N
russebi01,1996,LAN,2,86,49,37,N
kellyto01,1996,MIN,1,162,78,84,N
garneph01,1996,ML4,1,163,80,82,N
aloufe01,1996,MON,1,162,88,74,N
torrejo01,1996,NYA,1,162,92,70,N
greenda02,1996,NYN,1,131,59,72,N
valenbo02,1996,NYN,2,31,12,19,N
howear01,1996,OAK,1,162,78,84,N
fregoji01,1996,PHI,1,162,67,95,N
leylaji99,1996,PIT,1,162,73,89,N
bochybr01,1996,SDN,1,162,91,71,N
pinielo01,1996,SEA,1,161,85,76,N
bakerdu01,1996,SFN,1,162,68,94,N
larusto01,1996,SLN,1,162,88,74,N
oatesjo01,1996,TEX,1,163,90,72,N
gastoci01,1996,TOR,1,162,74,88,N
collite99,1997,ANA,1,162,84,78,N
coxbo01,1997,ATL,1,162,101,61,N
johnsda02,1997,BAL,1,162,98,64,N
williji03,1997,BOS,1,162,78,84,N
bevinte99,1997,CHA,1,161,80,81,N
rigglji99,1997,CHN,1,162,68,94,N
knighra01,1997,CIN,1,99,43,56,N
mckeoja99,1997,CIN,2,63,33,30,N
hargrmi01,1997,CLE,1,161,86,75,N
baylodo01,1997,COL,1,162,83,79,N
bellbu01,1997,DET,1,162,79,83,N
leylaji99,1997,FLO,1,162,92,70,N
dierkla01,1997,HOU,1,162,84,78,N
boonebo01,1997,KCA,1,82,36,46,N
muserto01,1997,KCA,2,79,31,48,N
russebi01,1997,LAN,1,162,88,74,N
kellyto01,1997,MIN,1,162,68,94,N
garneph01,1997,ML4,1,161,78,83,N
aloufe01,1997,MON,1,162,78,84,N
torrejo01,1997,NYA,1,162,96,66,N
valenbo02,1997,NYN,1,162,88,74,N
howear01,1997,OAK,1,162,65,97,N
francte01,1997,PHI,1,162,68,94,N
lamonge01,1997,PIT,1,162,79,83,N
bochybr01,1997,SDN,1,162,76,86,N
pinielo01,1997,SEA,1,162,90,72,N
bakerdu01,1997,SFN,1,162,90,72,N
larusto01,1997,SLN,1,162,73,89,N
oatesjo01,1997,TEX,1,162,77,85,N
gastoci01,1997,TOR,1,157,72,85,N
queenme02,1997,TOR,2,5,4,1,N
collite99,1998,ANA,1,162,85,77,N
showabu99,1998,ARI,1,162,65,97,N
coxbo01,1998,ATL,1,162,106,56,N
millera99,1998,BAL,1,162,79,83,N
williji03,1998,BOS,1,162,92,70,N
manueje01,1998,CHA,1,162,80,82,N
rigglji99,1998,CHN,1,163,90,73,N
mckeoja99,1998,CIN,1,162,77,85,N
hargrmi01,1998,CLE,1,162,89,73,N
baylodo01,1998,COL,1,162,77,85,N
bellbu01,1998,DET,1,137,52,85,N
parrila01,1998,DET,2,25,13,12,N
leylaji99,1998,FLO,1,162,54,108,N
dierkla01,1998,HOU,1,162,102,60,N
muserto01,1998,KCA,1,161,72,89,N
russebi01,1998,LAN,1,74,36,38,N
hoffmgl01,1998,LAN,2,88,47,41,N
garneph01,1998,MIL,1,162,74,88,N
kellyto01,1998,MIN,1,162,70,92,N
aloufe01,1998,MON,1,162,65,97,N
torrejo01,1998,NYA,1,162,114,48,N
valenbo02,1998,NYN,1,162,88,74,N
howear01,1998,OAK,1,162,74,88,N
francte01,1998,PHI,1,162,75,87,N
lamonge01,1998,PIT,1,162,69,93,N
bochybr01,1998,SDN,1,162,98,64,N
pinielo01,1998,SEA,1,161,76,85,N
bakerdu01,1998,SFN,1,163,89,74,N
larusto01,1998,SLN,1,162,83,79,N
rothsla01,1998,TBA,1,162,63,99,N
oatesjo01,1998,TEX,1,162,88,74,N
johnsti01,1998,TOR,1,162,88,74,N
collite99,1999,ANA,1,133,51,82,N
maddojo99,1999,ANA,2,29,19,10,N
showabu99,1999,ARI,1,162,100,62,N
coxbo01,1999,ATL,1,162,103,59,N
millera99,1999,BAL,1,162,78,84,N
williji03,1999,BOS,1,162,94,68,N
manueje01,1999,CHA,1,161,75,86,N
rigglji99,1999,CHN,1,162,67,95,N
mckeoja99,1999,CIN,1,163,96,67,N
hargrmi01,1999,CLE,1,162,97,65,N
leylaji99,1999,COL,1,162,72,90,N
parrila01,1999,DET,1,161,69,92,N
bolesjo99,1999,FLO,1,162,64,98,N
dierkla01,1999,HOU,1,61,38,23,N
galanma99,1999,HOU,2,27,13,14,N
dierkla01,1999,HOU,3,74,46,28,N
muserto01,1999,KCA,1,161,64,97,N
johnsda02,1999,LAN,1,162,77,85,N
garneph01,1999,MIL,1,112,52,60,N
lefebji01,1999,MIL,2,49,22,27,N
kellyto01,1999,MIN,1,162,63,97,N
aloufe01,1999,MON,1,162,68,94,N
torrejo01,1999,NYA,1,162,98,64,N
valenbo02,1999,NYN,1,163,97,66,N
howear01,1999,OAK,1,162,87,75,N
francte01,1999,PHI,1,162,77,85,N
lamonge01,1999,PIT,1,161,78,83,N
bochybr01,1999,SDN,1,162,74,88,N
pinielo01,1999,SEA,1,162,79,83,N
bakerdu01,1999,SFN,1,162,86,76,N
larusto01,1999,SLN,1,161,75,86,N
rothsla01,1999,TBA,1,162,69,93,N
oatesjo01,1999,TEX,1,162,95,67,N
fregoji01,1999,TOR,1,162,84,78,N
sciosmi01,2000,ANA,1,162,82,80,N
showabu99,2000,ARI,1,162,85,77,N
coxbo01,2000,ATL,1,157,91,66,N
corrapa01,2000,ATL,2,5,4,1,N
hargrmi01,2000,BAL,1,162,74,88,N
williji03,2000,BOS,1,162,85,77,N
manueje01,2000,CHA,1,154,92,62,N
nossejo01,2000,CHA,2,8,3,5,N
baylodo01,2000,CHN,1,162,65,97,N
mckeoja99,2000,CIN,1,163,85,77,N
manuech01,2000,CLE,1,149,82,67,N
littlgr99,2000,CLE,2,13,8,5,N
bellbu01,2000,COL,1,160,81,79,N
harrato01,2000,COL,2,2,1,1,N
garneph01,2000,DET,1,154,75,79,N
melvibo01,2000,DET,2,8,4,4,N
bolesjo99,2000,FLO,1,159,79,80,N
gonzafr99,2000,FLO,2,2,0,2,N
dierkla01,2000,HOU,1,162,72,90,N
muserto01,2000,KCA,1,162,77,85,N
johnsda02,2000,LAN,1,158,83,75,N
tracyji01,2000,LAN,2,4,3,1,N
lopesda01,2000,MIL,1,163,73,89,N
kellyto01,2000,MIN,1,162,69,93,N
aloufe01,2000,MON,1,162,67,95,N
torrejo01,2000,NYA,1,161,87,74,N
valenbo02,2000,NYN,1,162,94,68,N
howear01,2000,OAK,1,161,91,70,N
francte01,2000,PHI,1,162,65,97,N
lamonge01,2000,PIT,1,162,69,93,N
bochybr01,2000,SDN,1,162,76,86,N
pinielo01,2000,SEA,1,162,91,71,N
bakerdu01,2000,SFN,1,162,97,65,N
larusto01,2000,SLN,1,162,95,67,N
rothsla01,2000,TBA,1,158,67,91,N
russebi01,2000,TBA,2,3,2,1,N
oatesjo01,2000,TEX,1,162,71,91,N
fregoji01,2000,TOR,1,162,83,79,N
sciosmi01,2001,ANA,1,162,75,87,N
brenlbo01,2001,ARI,1,162,92,70,N
coxbo01,2001,ATL,1,162,88,74,N
hargrmi01,2001,BAL,1,162,63,98,N
williji03,2001,BOS,1,118,65,53,N
kerrijo01,2001,BOS,2,43,17,26,N
manueje01,2001,CHA,1,162,83,79,N
baylodo01,2001,CHN,1,162,88,74,N
boonebo01,2001,CIN,1,162,66,96,N
manuech01,2001,CLE,1,144,80,64,N
littlgr99,2001,CLE,2,18,11,7,N
bellbu01,2001,COL,1,162,73,89,N
garneph01,2001,DET,1,162,66,96,N
bolesjo99,2001,FLO,1,49,22,27,N
perezto01,2001,FLO,2,113,54,59,N
dierkla01,2001,HOU,1,162,93,69,N
muserto01,2001,KCA,1,161,65,96,N
quirkja01,2001,KCA,2,1,0,1,N
tracyji01,2001,LAN,1,162,86,76,N
lopesda01,2001,MIL,1,162,68,94,N
kellyto01,2001,MIN,1,162,85,77,N
aloufe01,2001,MON,1,53,21,32,N
torboje01,2001,MON,2,109,47,62,N
torrejo01,2001,NYA,1,161,95,65,N
valenbo02,2001,NYN,1,162,82,80,N
howear01,2001,OAK,1,162,102,60,N
bowala01,2001,PHI,1,162,86,76,N
mcclell01,2001,PIT,1,162,62,100,N
bochybr01,2001,SDN,1,162,79,83,N
pinielo01,2001,SEA,1,158,112,46,N
mclarjo99,2001,SEA,2,4,4,0,N
bakerdu01,2001,SFN,1,162,90,72,N
larusto01,2001,SLN,1,162,93,69,N
rothsla01,2001,TBA,1,14,4,10,N
mcraeha01,2001,TBA,2,148,58,90,N
oatesjo01,2001,TEX,1,28,11,17,N
narroje01,2001,TEX,2,134,62,72,N
martibu01,2001,TOR,1,159,79,80,N
rojasco01,2001,TOR,2,3,1,2,N
sciosmi01,2002,ANA,1,162,99,63,N
brenlbo01,2002,ARI,1,162,98,64,N
coxbo01,2002,ATL,1,161,101,59,N
hargrmi01,2002,BAL,1,162,67,95,N
littlgr99,2002,BOS,1,162,93,69,N
manueje01,2002,CHA,1,162,81,81,N
baylodo01,2002,CHN,1,83,34,49,N
lachere01,2002,CHN,2,1,0,1,N
kimmbr01,2002,CHN,3,78,33,45,N
boonebo01,2002,CIN,1,162,78,84,N
manuech01,2002,CLE,1,86,39,47,N
skinnjo01,2002,CLE,2,76,35,41,N
bellbu01,2002,COL,1,22,6,16,N
hurdlcl01,2002,COL,2,140,67,73,N
garneph01,2002,DET,1,6,0,6,N
pujollu01,2002,DET,2,155,55,100,N
torboje01,2002,FLO,1,162,79,83,N
williji03,2002,HOU,1,161,83,78,N
tamarjo01,2002,HOU,2,1,1,0,N
muserto01,2002,KCA,1,23,8,15,N
mizerjo01,2002,KCA,2,13,5,8,N
penato01,2002,KCA,3,126,49,77,N
tracyji01,2002,LAN,1,162,92,70,N
lopesda01,2002,MIL,1,15,3,12,N
roystje01,2002,MIL,2,147,53,94,N
gardero01,2002,MIN,1,156,91,65,N
ullgesc01,2002,MIN,2,5,3,2,N
robinfr02,2002,MON,1,162,83,79,N
torrejo01,2002,NYA,1,161,103,58,N
valenbo02,2002,NYN,1,161,75,86,N
howear01,2002,OAK,1,162,103,59,N
bowala01,2002,PHI,1,161,80,81,N
mcclell01,2002,PIT,1,161,72,89,N
bochybr01,2002,SDN,1,162,66,96,N
pinielo01,2002,SEA,1,162,93,69,N
bakerdu01,2002,SFN,1,162,95,66,N
larusto01,2002,SLN,1,162,97,65,N
mcraeha01,2002,TBA,1,161,55,106,N
narroje01,2002,TEX,1,162,72,90,N
martibu01,2002,TOR,1,53,20,33,N
toscaca99,2002,TOR,2,109,58,51,N
sciosmi01,2003,ANA,1,162,77,85,N
brenlbo01,2003,ARI,1,162,84,78,N
coxbo01,2003,ATL,1,160,99,61,N
corrapa01,2003,ATL,2,2,2,0,N
hargrmi01,2003,BAL,1,151,67,83,N
perlosa01,2003,BAL,2,12,4,8,N
littlgr99,2003,BOS,1,162,95,67,N
manueje01,2003,CHA,1,162,86,76,N
bakerdu01,2003,CHN,1,162,88,74,N
boonebo01,2003,CIN,1,104,46,58,N
knighra01,2003,CIN,2,1,1,0,N
mileyda99,2003,CIN,3,57,22,35,N
wedgeer01,2003,CLE,1,162,68,94,N
hurdlcl01,2003,COL,1,162,74,88,N
trammal01,2003,DET,1,162,43,119,N
torboje01,2003,FLO,1,38,16,22,N
mckeoja99,2003,FLO,2,124,75,49,N
williji03,2003,HOU,1,162,87,75,N
penato01,2003,KCA,1,162,83,79,N
tracyji01,2003,LAN,1,162,85,77,N
yostne01,2003,MIL,1,162,68,94,N
gardero01,2003,MIN,1,162,90,72,N
robinfr02,2003,MON,1,162,83,79,N
torrejo01,2003,NYA,1,163,101,61,N
howear01,2003,NYN,1,161,66,95,N
machake01,2003,OAK,1,162,96,66,N
bowala01,2003,PHI,1,162,86,76,N
mcclell01,2003,PIT,1,162,75,87,N
bochybr01,2003,SDN,1,162,64,98,N
melvibo01,2003,SEA,1,162,93,69,N
aloufe01,2003,SFN,1,161,100,61,N
larusto01,2003,SLN,1,162,85,77,N
pinielo01,2003,TBA,1,162,63,99,N
showabu99,2003,TEX,1,162,71,91,N
toscaca99,2003,TOR,1,159,83,76,N
gibbojo02,2003,TOR,2,3,3,0,N
sciosmi01,2004,ANA,1,161,91,70,N
maddojo99,2004,ANA,2,1,1,0,N
brenlbo01,2004,ARI,1,79,29,50,N
pedrial01,2004,ARI,2,83,22,61,N
coxbo01,2004,ATL,1,162,96,66,N
mazzile01,2004,BAL,1,162,78,84,N
francte01,2004,BOS,1,162,98,64,N
guilloz01,2004,CHA,1,158,82,76,N
baineha01,2004,CHA,2,4,1,3,N
bakerdu01,2004,CHN,1,162,89,73,N
mileyda99,2004,CIN,1,162,76,86,N
wedgeer01,2004,CLE,1,162,80,82,N
hurdlcl01,2004,COL,1,162,68,94,N
trammal01,2004,DET,1,162,72,90,N
mckeoja99,2004,FLO,1,162,83,79,N
williji03,2004,HOU,1,88,44,44,N
garneph01,2004,HOU,2,74,48,26,N
penato01,2004,KCA,1,162,58,104,N
tracyji01,2004,LAN,1,162,93,69,N
yostne01,2004,MIL,1,161,67,94,N
gardero01,2004,MIN,1,162,92,70,N
robinfr02,2004,MON,1,162,67,95,N
torrejo01,2004,NYA,1,161,100,61,N
randowi01,2004,NYA,2,1,1,0,N
howear01,2004,NYN,1,162,71,91,N
machake01,2004,OAK,1,162,91,71,N
bowala01,2004,PHI,1,160,85,75,N
varshga01,2004,PHI,2,2,1,1,N
mcclell01,2004,PIT,1,161,72,89,N
bochybr01,2004,SDN,1,162,87,75,N
melvibo01,2004,SEA,1,162,63,99,N
aloufe01,2004,SFN,1,162,91,71,N
larusto01,2004,SLN,1,162,105,57,N
pinielo01,2004,TBA,1,161,70,91,N
showabu99,2004,TEX,1,162,89,73,N
toscaca99,2004,TOR,1,111,47,64,N
gibbojo02,2004,TOR,2,50,20,30,N
melvibo01,2005,ARI,1,162,77,85,N
coxbo01,2005,ATL,1,162,90,72,N
mazzile01,2005,BAL,1,107,51,56,N
perlosa01,2005,BAL,2,55,23,32,N
francte01,2005,BOS,1,154,90,64,N
millsbr01,2005,BOS,2,8,5,3,N
guilloz01,2005,CHA,1,162,99,63,N
bakerdu01,2005,CHN,1,162,79,83,N
mileyda99,2005,CIN,1,70,27,43,N
narroje01,2005,CIN,2,93,46,46,N
wedgeer01,2005,CLE,1,160,91,69,N
bellbu01,2005,CLE,2,1,1,0,N
thompro01,2005,CLE,3,1,1,0,N
hurdlcl01,2005,COL,1,162,67,95,N
trammal01,2005,DET,1,162,71,91,N
mckeoja99,2005,FLO,1,162,83,79,N
garneph01,2005,HOU,1,163,89,73,N
penato01,2005,KCA,1,33,8,25,N
schaebo99,2005,KCA,2,20,6,14,N
bellbu01,2005,KCA,3,109,42,67,N
sciosmi01,2005,LAA,1,162,95,67,N
tracyji01,2005,LAN,1,162,71,91,N
yostne01,2005,MIL,1,162,81,81,N
gardero01,2005,MIN,1,162,83,79,N
torrejo01,2005,NYA,1,161,95,66,N
girarjo01,2005,NYA,2,1,0,1,N
randowi01,2005,NYN,1,162,83,79,N
machake01,2005,OAK,1,162,88,74,N
manuech01,2005,PHI,1,162,88,74,N
mcclell01,2005,PIT,1,135,55,80,N
mackape01,2005,PIT,2,27,12,15,N
bochybr01,2005,SDN,1,162,82,80,N
hargrmi01,2005,SEA,1,162,69,93,N
aloufe01,2005,SFN,1,162,75,87,N
larusto01,2005,SLN,1,162,100,62,N
pinielo01,2005,TBA,1,162,67,95,N
showabu99,2005,TEX,1,162,79,83,N
gibbojo02,2005,TOR,1,162,80,82,N
robinfr02,2005,WAS,1,162,81,81,N
melvibo01,2006,ARI,1,162,76,86,N
coxbo01,2006,ATL,1,162,79,83,N
perlosa01,2006,BAL,1,162,70,92,N
francte01,2006,BOS,1,162,86,76,N
guilloz01,2006,CHA,1,161,89,72,N
corajo01,2006,CHA,2,1,1,0,N
bakerdu01,2006,CHN,1,162,66,96,N
narroje01,2006,CIN,1,162,80,82,N
wedgeer01,2006,CLE,1,162,78,84,N
hurdlcl01,2006,COL,1,162,76,86,N
leylaji99,2006,DET,1,162,95,67,N
girarjo01,2006,FLO,1,161,77,84,N
tuckga99,2006,FLO,2,1,1,0,N
garneph01,2006,HOU,1,162,82,80,N
bellbu01,2006,KCA,1,152,58,94,N
doranbi02,2006,KCA,2,10,4,6,N
sciosmi01,2006,LAA,1,162,89,73,N
littlgr99,2006,LAN,1,162,88,74,N
yostne01,2006,MIL,1,162,75,87,N
gardero01,2006,MIN,1,158,94,64,N
ullgesc01,2006,MIN,2,4,2,2,N
torrejo01,2006,NYA,1,161,96,65,N
mazzile01,2006,NYA,2,1,1,0,N
randowi01,2006,NYN,1,162,97,65,N
machake01,2006,OAK,1,162,93,69,N
manuech01,2006,PHI,1,161,85,76,N
varshga01,2006,PHI,2,1,0,1,N
tracyji01,2006,PIT,1,162,67,95,N
bochybr01,2006,SDN,1,162,88,74,N
hargrmi01,2006,SEA,1,162,78,84,N
aloufe01,2006,SFN,1,160,76,84,N
wotusro01,2006,SFN,2,1,0,1,N
larusto01,2006,SLN,1,161,83,78,N
maddojo99,2006,TBA,1,162,61,101,N
showabu99,2006,TEX,1,156,77,79,N
wakamdo01,2006,TEX,2,6,3,3,N
gibbojo02,2006,TOR,1,162,87,75,N
robinfr02,2006,WAS,1,162,71,91,N
melvibo01,2007,ARI,1,162,90,72,N
coxbo01,2007,ATL,1,162,84,78,N
perlosa01,2007,BAL,1,72,31,41,N
trembda99,2007,BAL,2,90,38,52,N
francte01,2007,BOS,1,162,96,66,N
guilloz01,2007,CHA,1,162,72,90,N
pinielo01,2007,CHN,1,158,82,76,N
trammal01,2007,CHN,2,4,3,1,N
narroje01,2007,CIN,1,82,31,51,N
mackape01,2007,CIN,2,80,41,39,N
wedgeer01,2007,CLE,1,162,96,66,N
hurdlcl01,2007,COL,1,163,90,73,N
leylaji99,2007,DET,1,162,88,74,N
gonzafr99,2007,FLO,1,162,71,91,N
garneph01,2007,HOU,1,131,58,73,N
coopece01,2007,HOU,2,31,15,16,N
bellbu01,2007,KCA,1,162,69,93,N
sciosmi01,2007,LAA,1,162,94,68,N
littlgr99,2007,LAN,1,162,82,80,N
yostne01,2007,MIL,1,162,83,79,N
gardero01,2007,MIN,1,161,79,82,N
ullgesc01,2007,MIN,2,1,0,1,N
torrejo01,2007,NYA,1,160,93,67,N
mattido01,2007,NYA,2,2,1,1,N
randowi01,2007,NYN,1,162,88,74,N
gerenbo01,2007,OAK,1,162,76,86,N
manuech01,2007,PHI,1,162,89,73,N
tracyji01,2007,PIT,1,162,68,94,N
blackbu02,2007,SDN,1,163,89,74,N
hargrmi01,2007,SEA,1,77,44,33,N
mclarjo99,2007,SEA,2,85,44,41,N
bochybr01,2007,SFN,1,162,71,91,N
larusto01,2007,SLN,1,162,78,84,N
maddojo99,2007,TBA,1,162,66,96,N
washiro01,2007,TEX,1,162,75,87,N
gibbojo02,2007,TOR,1,162,83,79,N
actama99,2007,WAS,1,162,73,89,N
melvibo01,2008,ARI,1,162,82,80,N
coxbo01,2008,ATL,1,161,72,89,N
cadahch99,2008,ATL,2,1,0,1,N
trembda99,2008,BAL,1,161,68,93,N
francte01,2008,BOS,1,160,95,65,N
millsbr01,2008,BOS,2,2,0,2,N
guilloz01,2008,CHA,1,161,87,74,N
corajo01,2008,CHA,2,2,2,0,N
pinielo01,2008,CHN,1,161,97,64,N
bakerdu01,2008,CIN,1,160,72,88,N
speiech01,2008,CIN,2,2,2,0,N
wedgeer01,2008,CLE,1,162,81,81,N
hurdlcl01,2008,COL,1,162,74,88,N
leylaji99,2008,DET,1,159,74,85,N
mcclell01,2008,DET,2,3,0,3,N
gonzafr99,2008,FLO,1,161,84,77,N
coopece01,2008,HOU,1,161,86,75,N
hillmtr99,2008,KCA,1,162,75,87,N
sciosmi01,2008,LAA,1,162,100,62,N
torrejo01,2008,LAN,1,162,84,78,N
yostne01,2008,MIL,1,150,83,67,N
sveumda01,2008,MIL,2,12,7,5,N
gardero01,2008,MIN,1,156,83,73,N
ullgesc01,2008,MIN,2,7,5,2,N
girarjo01,2008,NYA,1,159,88,71,N
thomsro99,2008,NYA,2,3,1,2,N
randowi01,2008,NYN,1,69,34,35,N
manueje01,2008,NYN,2,93,55,38,N
gerenbo01,2008,OAK,1,161,75,86,N
manuech01,2008,PHI,1,162,92,70,N
russejo02,2008,PIT,1,162,67,95,N
blackbu02,2008,SDN,1,162,63,99,N
mclarjo99,2008,SEA,1,72,25,47,N
rigglji99,2008,SEA,2,90,36,54,N
bochybr01,2008,SFN,1,162,72,90,N
larusto01,2008,SLN,1,162,86,76,N
maddojo99,2008,TBA,1,162,97,65,N
washiro01,2008,TEX,1,162,79,83,N
gibbojo02,2008,TOR,1,74,35,39,N
gastoci01,2008,TOR,2,88,51,37,N
actama99,2008,WAS,1,161,59,102,N
melvibo01,2009,ARI,1,29,12,17,N
hinchaj01,2009,ARI,2,133,58,75,N
coxbo01,2009,ATL,1,162,86,76,N
trembda99,2009,BAL,1,160,63,97,N
jaussda99,2009,BAL,2,2,1,1,N
francte01,2009,BOS,1,162,95,67,N
guilloz01,2009,CHA,1,162,79,83,N
pinielo01,2009,CHN,1,161,83,78,N
bakerdu01,2009,CIN,1,162,78,84,N
wedgeer01,2009,CLE,1,162,65,97,N
hurdlcl01,2009,COL,1,46,18,28,N
tracyji01,2009,COL,2,116,74,42,N
leylaji99,2009,DET,1,163,86,77,N
gonzafr99,2009,FLO,1,162,87,75,N
coopece01,2009,HOU,1,149,70,79,N
clarkda05,2009,HOU,2,13,4,9,N
hillmtr99,2009,KCA,1,159,64,95,N
gibbojo02,2009,KCA,2,3,1,2,N
sciosmi01,2009,LAA,1,162,97,65,N
torrejo01,2009,LAN,1,162,95,67,N
machake01,2009,MIL,1,162,80,82,N
gardero01,2009,MIN,1,163,87,76,N
girarjo01,2009,NYA,1,162,103,59,N
manueje01,2009,NYN,1,162,70,92,N
gerenbo01,2009,OAK,1,162,75,87,N
manuech01,2009,PHI,1,162,93,69,N
russejo02,2009,PIT,1,161,62,99,N
blackbu02,2009,SDN,1,162,75,87,N
wakamdo01,2009,SEA,1,162,85,77,N
bochybr01,2009,SFN,1,162,88,74,N
larusto01,2009,SLN,1,162,91,71,N
maddojo99,2009,TBA,1,162,84,78,N
washiro01,2009,TEX,1,162,87,75,N
gastoci01,2009,TOR,1,160,74,86,N
buttebr99,2009,TOR,2,2,1,1,N
actama99,2009,WAS,1,87,26,61,N
rigglji99,2009,WAS,2,75,33,42,N
hinchaj01,2010,ARI,1,79,31,48,N
gibsoki01,2010,ARI,2,83,34,49,N
coxbo01,2010,ATL,1,161,90,71,N
cadahch99,2010,ATL,2,1,1,0,N
trembda99,2010,BAL,1,54,15,39,N
samueju01,2010,BAL,2,51,17,34,N
showabu99,2010,BAL,3,57,34,23,N
francte01,2010,BOS,1,162,89,73,N
guilloz01,2010,CHA,1,162,88,74,N
pinielo01,2010,CHN,1,121,50,71,N
trammal01,2010,CHN,2,4,1,3,N
quademi99,2010,CHN,3,37,24,13,N
bakerdu01,2010,CIN,1,160,89,71,N
speiech01,2010,CIN,2,2,2,0,N
actama99,2010,CLE,1,162,69,93,N
tracyji01,2010,COL,1,162,83,79,N
leylaji99,2010,DET,1,161,81,80,N
mcclell01,2010,DET,2,1,0,1,N
gonzafr99,2010,FLO,1,70,34,36,N
rodried02,2010,FLO,2,92,46,46,N
millsbr01,2010,HOU,1,162,76,86,N
hillmtr99,2010,KCA,1,35,12,23,N
yostne01,2010,KCA,2,127,55,72,N
sciosmi01,2010,LAA,1,162,80,82,N
torrejo01,2010,LAN,1,161,79,82,N
mattido01,2010,LAN,2,1,1,0,N
machake01,2010,MIL,1,162,77,85,N
gardero01,2010,MIN,1,162,94,68,N
girarjo01,2010,NYA,1,162,95,67,N
manueje01,2010,NYN,1,162,79,83,N
gerenbo01,2010,OAK,1,162,81,81,N
manuech01,2010,PHI,1,161,97,64,N
mackape01,2010,PHI,2,1,0,1,N
russejo02,2010,PIT,1,162,57,105,N
blackbu02,2010,SDN,1,161,89,72,N
simmote01,2010,SDN,2,1,1,0,N
wakamdo01,2010,SEA,1,112,42,70,N
brownda99,2010,SEA,2,50,19,31,N
bochybr01,2010,SFN,1,162,92,70,N
larusto01,2010,SLN,1,160,85,75,N
pettijo01,2010,SLN,2,2,1,1,N
maddojo99,2010,TBA,1,162,96,66,N
washiro01,2010,TEX,1,162,90,72,N
gastoci01,2010,TOR,1,162,85,77,N
rigglji99,2010,WAS,1,162,69,93,N
gibsoki01,2011,ARI,1,162,94,68,N
gonzafr99,2011,ATL,1,162,89,73,N
showabu99,2011,BAL,1,161,69,92,N
russejo02,2011,BAL,2,1,0,1,N
francte01,2011,BOS,1,162,90,72,N
guilloz01,2011,CHA,1,158,78,80,N
corajo01,2011,CHA,2,2,0,2,N
coopedo01,2011,CHA,3,2,1,1,N
quademi99,2011,CHN,1,162,71,91,N
bakerdu01,2011,CIN,1,162,79,83,N
actama99,2011,CLE,1,162,80,82,N
tracyji01,2011,COL,1,162,73,89,N
leylaji99,2011,DET,1,162,95,67,N
rodried02,2011,FLO,1,71,32,39,N
hydebr99,2011,FLO,2,1,0,1,N
mckeoja99,2011,FLO,3,90,40,50,N
millsbr01,2011,HOU,1,162,56,106,N
yostne01,2011,KCA,1,162,71,91,N
sciosmi01,2011,LAA,1,162,86,76,N
mattido01,2011,LAN,1,161,82,79,N
roeniro01,2011,MIL,1,162,96,66,N
gardero01,2011,MIN,1,162,63,99,N
girarjo01,2011,NYA,1,162,97,65,N
collite99,2011,NYN,1,162,77,85,N
gerenbo01,2011,OAK,1,63,27,36,N
melvibo01,2011,OAK,2,99,47,52,N
manuech01,2011,PHI,1,162,102,60,N
hurdlcl01,2011,PIT,1,162,72,90,N
blackbu02,2011,SDN,1,162,71,91,N
wedgeer01,2011,SEA,1,162,67,95,N
bochybr01,2011,SFN,1,162,86,76,N
larusto01,2011,SLN,1,156,88,68,N
pettijo01,2011,SLN,2,6,2,4,N
maddojo99,2011,TBA,1,162,91,71,N
washiro01,2011,TEX,1,162,96,66,N
farrejo03,2011,TOR,1,152,78,74,N
wakamdo01,2011,TOR,2,10,3,7,N
rigglji99,2011,WAS,1,75,38,37,N
mclarjo99,2011,WAS,2,3,2,1,N
johnsda02,2011,WAS,3,83,40,43,N
gibsoki01,2012,ARI,1,162,81,81,N
gonzafr99,2012,ATL,1,162,94,68,N
showabu99,2012,BAL,1,162,93,69,N
valenbo02,2012,BOS,1,162,69,93,N
venturo01,2012,CHA,1,162,85,77,N
sveumda01,2012,CHN,1,162,61,101,N
bakerdu01,2012,CIN,1,151,90,61,N
speiech01,2012,CIN,2,11,7,4,N
actama99,2012,CLE,1,156,65,91,N
alomasa02,2012,CLE,2,6,3,3,N
tracyji01,2012,COL,1,162,64,98,N
leylaji99,2012,DET,1,162,88,74,N
millsbr01,2012,HOU,1,121,39,82,N
defrato99,2012,HOU,2,41,16,25,N
yostne01,2012,KCA,1,162,72,90,N
sciosmi01,2012,LAA,1,162,89,73,N
mattido01,2012,LAN,1,160,84,76,N
hillmtr99,2012,LAN,2,2,2,0,N
guilloz01,2012,MIA,1,162,69,93,N
roeniro01,2012,MIL,1,162,83,79,N
gardero01,2012,MIN,1,162,66,96,N
girarjo01,2012,NYA,1,162,95,67,N
collite99,2012,NYN,1,162,74,88,N
melvibo01,2012,OAK,1,162,94,68,N
manuech01,2012,PHI,1,162,81,81,N
hurdlcl01,2012,PIT,1,162,79,83,N
blackbu02,2012,SDN,1,162,76,86,N
wedgeer01,2012,SEA,1,162,75,87,N
bochybr01,2012,SFN,1,162,94,68,N
mathemi01,2012,SLN,1,162,88,74,N
maddojo99,2012,TBA,1,162,90,72,N
washiro01,2012,TEX,1,162,93,69,N
farrejo03,2012,TOR,1,162,73,89,N
johnsda02,2012,WAS,1,162,98,64,N
gibsoki01,2013,ARI,1,161,81,80,N
trammal01,2013,ARI,2,1,0,1,N
gonzafr99,2013,ATL,1,162,96,66,N
showabu99,2013,BAL,1,162,85,77,N
farrejo03,2013,BOS,1,162,97,65,N
venturo01,2013,CHA,1,160,63,97,N
parenma01,2013,CHA,2,1,0,1,N
coopedo01,2013,CHA,3,1,0,1,N
sveumda01,2013,CHN,1,162,66,96,N
bakerdu01,2013,CIN,1,162,90,72,N
francte01,2013,CLE,1,162,92,70,N
weisswa01,2013,COL,1,162,74,88,N
leylaji99,2013,DET,1,162,93,69,N
portebo03,2013,HOU,1,162,51,111,N
yostne01,2013,KCA,1,162,86,76,N
sciosmi01,2013,LAA,1,162,78,84,N
mattido01,2013,LAN,1,161,92,69,N
hillmtr99,2013,LAN,2,1,0,1,N
redmomi01,2013,MIA,1,162,62,100,N
roeniro01,2013,MIL,1,162,74,88,N
gardero01,2013,MIN,1,162,66,96,N
girarjo01,2013,NYA,1,162,85,77,N
collite99,2013,NYN,1,162,74,88,N
melvibo01,2013,OAK,1,162,96,66,N
manuech01,2013,PHI,1,120,53,67,N
sandbry01,2013,PHI,2,42,20,22,N
hurdlcl01,2013,PIT,1,162,94,68,N
blackbu02,2013,SDN,1,162,76,86,N
wedgeer01,2013,SEA,1,134,58,76,N
thompro01,2013,SEA,2,28,13,15,N
bochybr01,2013,SFN,1,162,76,86,N
mathemi01,2013,SLN,1,162,97,65,N
maddojo99,2013,TBA,1,163,92,71,N
washiro01,2013,TEX,1,163,91,72,N
gibbojo02,2013,TOR,1,162,74,88,N
johnsda02,2013,WAS,1,162,86,76,N
gibsoki01,2014,ARI,1,159,63,96,N
trammal01,2014,ARI,2,3,1,2,N
gonzafr99,2014,ATL,1,162,79,83,N
showabu99,2014,BAL,1,162,96,66,N
farrejo03,2014,BOS,1,162,71,91,N
venturo01,2014,CHA,1,162,73,89,N
renteri01,2014,CHN,1,162,73,89,N
pricebr99,2014,CIN,1,162,76,86,N
francte01,2014,CLE,1,162,85,77,N
weisswa01,2014,COL,1,162,66,96,N
ausmubr01,2014,DET,1,162,90,72,N
portebo03,2014,HOU,1,138,59,79,N
lawleto01,2014,HOU,2,24,11,13,N
yostne01,2014,KCA,1,162,89,73,N
sciosmi01,2014,LAA,1,159,95,64,N
ebeldi99,2014,LAA,2,3,3,0,N
mattido01,2014,LAN,1,162,94,68,N
redmomi01,2014,MIA,1,162,77,85,N
roeniro01,2014,MIL,1,162,82,80,N
gardero01,2014,MIN,1,160,68,92,N
steinte01,2014,MIN,2,2,2,0,N
girarjo01,2014,NYA,1,162,84,78,N
collite99,2014,NYN,1,162,79,83,N
melvibo01,2014,OAK,1,162,88,74,N
sandbry01,2014,PHI,1,162,73,89,N
hurdlcl01,2014,PIT,1,162,88,74,N
blackbu02,2014,SDN,1,162,77,85,N
mcclell01,2014,SEA,1,162,87,75,N
bochybr01,2014,SFN,1,162,88,74,N
mathemi01,2014,SLN,1,162,90,72,N
maddojo99,2014,TBA,1,162,77,85,N
washiro01,2014,TEX,1,140,53,87,N
bogarti01,2014,TEX,2,22,14,8,N
gibbojo02,2014,TOR,1,162,83,79,N
willima04,2014,WAS,1,162,96,66,N
halech01,2015,ARI,1,162,79,83,N
gonzafr99,2015,ATL,1,162,67,95,N
showabu99,2015,BAL,1,162,81,81,N
farrejo03,2015,BOS,1,113,50,63,N
lovulto01,2015,BOS,2,49,28,21,N
venturo01,2015,CHA,1,162,76,86,N
maddojo99,2015,CHN,1,162,97,65,N
pricebr99,2015,CIN,1,162,64,98,N
francte01,2015,CLE,1,161,81,80,N
weisswa01,2015,COL,1,158,66,92,N
runneto01,2015,COL,2,4,2,2,N
ausmubr01,2015,DET,1,161,74,87,N
hinchaj01,2015,HOU,1,162,86,76,N
yostne01,2015,KCA,1,162,95,67,N
sciosmi01,2015,LAA,1,162,85,77,N
mattido01,2015,LAN,1,162,92,70,N
redmomi01,2015,MIA,1,38,16,22,N
jennida99,2015,MIA,2,124,55,69,N
roeniro01,2015,MIL,1,25,7,18,N
counscr01,2015,MIL,2,137,61,76,N
molitpa01,2015,MIN,1,162,83,79,N
girarjo01,2015,NYA,1,162,87,75,N
collite99,2015,NYN,1,162,90,72,N
melvibo01,2015,OAK,1,162,68,94,N
sandbry01,2015,PHI,1,74,26,48,N
mackape01,2015,PHI,2,88,37,51,N
hurdlcl01,2015,PIT,1,162,98,64,N
blackbu02,2015,SDN,1,65,32,33,N
roberda07,2015,SDN,2,1,0,1,N
murphpa99,2015,SDN,3,96,42,54,N
mcclell01,2015,SEA,1,159,75,84,N
jewettr99,2015,SEA,2,3,1,2,N
bochybr01,2015,SFN,1,162,84,78,N
mathemi01,2015,SLN,1,162,100,62,N
cashke01,2015,TBA,1,162,80,82,N
banisje01,2015,TEX,1,162,88,74,N
gibbojo02,2015,TOR,1,161,92,69,N
halede99,2015,TOR,2,1,1,0,N
willima04,2015,WAS,1,162,83,79,N
halech01,2016,ARI,1,162,69,93,N
gonzafr99,2016,ATL,1,37,9,28,N
snitkbr99,2016,ATL,2,124,59,65,N
showabu99,2016,BAL,1,162,89,73,N
farrejo03,2016,BOS,1,162,93,69,N
venturo01,2016,CHA,1,162,78,84,N
maddojo99,2016,CHN,1,162,103,58,N
pricebr99,2016,CIN,1,162,68,94,N
francte01,2016,CLE,1,161,94,67,N
weisswa01,2016,COL,1,162,75,87,N
ausmubr01,2016,DET,1,160,85,75,N
lamonge01,2016,DET,2,1,1,0,N
hinchaj01,2016,HOU,1,162,84,78,N
yostne01,2016,KCA,1,162,81,81,N
sciosmi01,2016,LAA,1,162,74,88,N
roberda07,2016,LAN,1,162,91,71,N
mattido01,2016,MIA,1,161,79,82,N
counscr01,2016,MIL,1,162,73,89,N
molitpa01,2016,MIN,1,162,59,103,N
girarjo01,2016,NYA,1,162,84,78,N
collite99,2016,NYN,1,161,87,74,N
scottdi03,2016,NYN,2,1,0,1,N
melvibo01,2016,OAK,1,162,69,93,N
mackape01,2016,PHI,1,162,71,91,N
hurdlcl01,2016,PIT,1,162,78,83,N
greenan01,2016,SDN,1,162,68,94,N
servasc01,2016,SEA,1,162,86,76,N
bochybr01,2016,SFN,1,161,86,75,N
wotusro01,2016,SFN,2,1,1,0,N
mathemi01,2016,SLN,1,162,86,76,N
cashke01,2016,TBA,1,162,68,94,N
banisje01,2016,TEX,1,162,95,67,N
gibbojo02,2016,TOR,1,159,87,72,N
halede99,2016,TOR,2,3,2,1,N
bakerdu01,2016,WAS,1,161,94,67,N
speiech01,2016,WAS,2,1,1,0,N
lovulto01,2017,ARI,1,162,93,69,N
snitkbr99,2017,ATL,1,162,72,90,N
showabu99,2017,BAL,1,162,75,87,N
farrejo03,2017,BOS,1,162,93,69,N
renteri01,2017,CHA,1,162,67,95,N
maddojo99,2017,CHN,1,162,92,70,N
pricebr99,2017,CIN,1,162,68,94,N
francte01,2017,CLE,1,154,98,56,N
millsbr01,2017,CLE,2,8,4,4,N
blackbu02,2017,COL,1,161,87,74,N
redmomi01,2017,COL,2,1,0,1,N
ausmubr01,2017,DET,1,162,64,98,N
hinchaj01,2017,HOU,1,162,101,61,N
yostne01,2017,KCA,1,162,80,82,N
sciosmi01,2017,LAA,1,162,80,82,N
roberda07,2017,LAN,1,162,104,58,N
mattido01,2017,MIA,1,162,77,85,N
counscr01,2017,MIL,1,162,86,76,N
molitpa01,2017,MIN,1,162,85,77,N
girarjo01,2017,NYA,1,162,91,71,N
collite99,2017,NYN,1,162,70,92,N
melvibo01,2017,OAK,1,162,75,87,N
mackape01,2017,PHI,1,162,66,96,N
hurdlcl01,2017,PIT,1,162,75,87,N
greenan01,2017,SDN,1,162,71,91,N
servasc01,2017,SEA,1,162,78,84,N
bochybr01,2017,SFN,1,160,63,97,N
wotusro01,2017,SFN,2,2,1,1,N
mathemi01,2017,SLN,1,162,83,79,N
cashke01,2017,TBA,1,162,80,82,N
banisje01,2017,TEX,1,162,78,84,N
gibbojo02,2017,TOR,1,162,76,86,N
bakerdu01,2017,WAS,1,160,95,65,N
speiech01,2017,WAS,2,2,2,0,N
lovulto01,2018,ARI,1,161,82,79,N
narroje01,2018,ARI,2,1,0,1,N
snitkbr99,2018,ATL,1,162,90,72,N
showabu99,2018,BAL,1,162,47,115,N
coraal01,2018,BOS,1,162,108,54,N
renteri01,2018,CHA,1,158,60,98,N
mcewijo01,2018,CHA,2,4,2,2,N
maddojo99,2018,CHN,1,163,95,68,N
pricebr99,2018,CIN,1,18,3,15,N
rigglji99,2018,CIN,2,144,64,80,N
francte01,2018,CLE,1,162,91,71,N
blackbu02,2018,COL,1,163,91,72,N
gardero01,2018,DET,1,162,64,98,N
hinchaj01,2018,HOU,1,162,103,59,N
yostne01,2018,KCA,1,162,58,104,N
sciosmi01,2018,LAA,1,162,80,82,N
roberda07,2018,LAN,1,163,92,71,N
mattido01,2018,MIA,1,161,63,98,N
counscr01,2018,MIL,1,163,96,67,N
molitpa01,2018,MIN,1,162,78,84,N
booneaa01,2018,NYA,1,161,100,61,N
bardjo01,2018,NYA,2,1,0,1,N
callami01,2018,NYN,1,162,77,85,N
melvibo01,2018,OAK,1,162,97,65,N
kaplega01,2018,PHI,1,162,80,82,N
hurdlcl01,2018,PIT,1,161,82,79,N
greenan01,2018,SDN,1,162,66,96,N
servasc01,2018,SEA,1,162,89,73,N
bochybr01,2018,SFN,1,162,73,89,N
mathemi01,2018,SLN,1,93,47,46,N
shildmi99,2018,SLN,2,69,41,28,N
cashke01,2018,TBA,1,162,90,72,N
banisje01,2018,TEX,1,152,64,88,N
wakamdo01,2018,TEX,2,10,3,7,N
gibbojo02,2018,TOR,1,162,73,89,N
martida01,2018,WAS,1,162,82,80,N
lovulto01,2019,ARI,1,162,85,77,N
snitkbr99,2019,ATL,1,162,97,65,N
hydebr99,2019,BAL,1,162,54,108,N
coraal01,2019,BOS,1,162,84,78,N
renteri01,2019,CHA,1,161,72,89,N
maddojo99,2019,CHN,1,162,84,78,N
bellda01,2019,CIN,1,155,70,85,N
benavfr01,2019,CIN,2,7,5,2,N
francte01,2019,CLE,1,162,93,69,N
blackbu02,2019,COL,1,162,71,91,N
gardero01,2019,DET,1,161,47,114,N
hinchaj01,2019,HOU,1,162,107,55,N
yostne01,2019,KCA,1,162,59,103,N
ausmubr01,2019,LAA,1,162,72,90,N
roberda07,2019,LAN,1,162,106,56,N
mattido01,2019,MIA,1,162,57,105,N
counscr01,2019,MIL,1,162,89,73,N
baldero01,2019,MIN,1,162,101,61,N
booneaa01,2019,NYA,1,162,103,59,N
callami01,2019,NYN,1,162,86,76,N
melvibo01,2019,OAK,1,162,97,65,N
kaplega01,2019,PHI,1,162,81,81,N
hurdlcl01,2019,PIT,1,159,68,91,N
princto01,2019,PIT,2,3,1,2,N
greenan01,2019,SDN,1,154,69,85,N
barajro01,2019,SDN,2,8,1,7,N
servasc01,2019,SEA,1,162,68,94,N
bochybr01,2019,SFN,1,162,77,85,N
shildmi99,2019,SLN,1,162,91,71,N
cashke01,2019,TBA,1,162,96,66,N
woodwch01,2019,TEX,1,162,78,84,N
montoch01,2019,TOR,1,162,67,95,N
martida01,2019,WAS,1,162,93,69,N
lovulto01,2020,ARI,1,60,25,35,N
snitkbr99,2020,ATL,1,60,35,25,N
hydebr99,2020,BAL,1,60,25,35,N
roeniro01,2020,BOS,1,60,24,36,N
renteri01,2020,CHA,1,60,35,25,N
rossda01,2020,CHN,1,60,34,26,N
bellda01,2020,CIN,1,59,31,28,N
benavfr01,2020,CIN,2,1,0,1,N
francte01,2020,CLE,1,53,30,23,N
alomasa02,2020,CLE,2,7,5,2,N
blackbu02,2020,COL,1,60,26,34,N
gardero01,2020,DET,1,48,20,28,N
mcclell01,2020,DET,2,10,3,7,N
bakerdu01,2020,HOU,1,60,29,31,N
mathemi01,2020,KCA,1,60,26,34,N
maddojo99,2020,LAA,1,60,26,34,N
roberda07,2020,LAN,1,60,43,17,N
mattido01,2020,MIA,1,60,31,29,N
counscr01,2020,MIL,1,60,29,31,N
baldero01,2020,MIN,1,60,36,24,N
booneaa01,2020,NYA,1,60,33,27,N
rojaslu99,2020,NYN,1,60,26,34,N
melvibo01,2020,OAK,1,60,36,24,N
girarjo01,2020,PHI,1,60,28,32,N
sheltde99,2020,PIT,1,60,19,41,N
tinglja99,2020,SDN,1,60,37,23,N
servasc01,2020,SEA,1,60,27,33,N
kaplega01,2020,SFN,1,60,29,31,N
shildmi99,2020,SLN,1,58,30,28,N
cashke01,2020,TBA,1,60,40,20,N
woodwch01,2020,TEX,1,60,22,38,N
montoch01,2020,TOR,1,60,32,28,N
martida01,2020,WAS,1,60,26,34,N
lovulto01,2021,ARI,1,162,52,110,N
snitkbr99,2021,ATL,1,161,88,73,N
hydebr99,2021,BAL,1,162,52,110,N
coraal01,2021,BOS,1,162,92,70,N
larusto01,2021,CHA,1,160,92,68,N
cairomi01,2021,CHA,2,2,1,1,N
rossda01,2021,CHN,1,154,66,88,N
greenan01,2021,CHN,2,8,5,3,N
bellda01,2021,CIN,1,162,83,79,N
francte01,2021,CLE,1,97,49,48,N
halede99,2021,CLE,2,65,31,34,N
blackbu02,2021,COL,1,161,74,87,N
hinchaj01,2021,DET,1,162,77,85,N
bakerdu01,2021,HOU,1,162,95,67,N
mathemi01,2021,KCA,1,162,74,88,N
maddojo99,2021,LAA,1,162,77,85,N
roberda07,2021,LAN,1,162,106,56,N
mattido01,2021,MIA,1,150,63,87,N
rowsoja99,2021,MIA,2,12,4,8,N
counscr01,2021,MIL,1,162,95,67,N
baldero01,2021,MIN,1,157,69,88,N
eversbi99,2021,MIN,2,5,4,1,N
booneaa01,2021,NYA,1,162,92,70,N
rojaslu99,2021,NYN,1,160,76,84,N
jaussda99,2021,NYN,2,2,1,1,N
melvibo01,2021,OAK,1,162,86,76,N
girarjo01,2021,PHI,1,162,82,80,N
sheltde99,2021,PIT,1,162,61,101,N
tinglja99,2021,SDN,1,162,79,83,N
servasc01,2021,SEA,1,162,90,72,N
kaplega01,2021,SFN,1,162,107,55,N
shildmi99,2021,SLN,1,162,90,72,N
cashke01,2021,TBA,1,162,100,62,N
woodwch01,2021,TEX,1,162,60,102,N
montoch01,2021,TOR,1,160,90,70,N
schnejo99,2021,TOR,2,2,1,1,N
martida01,2021,WAS,1,162,65,97,N
lovulto01,2022,ARI,1,162,74,88,N
snitkbr99,2022,ATL,1,162,101,61,N
hydebr99,2022,BAL,1,162,83,79,N
coraal01,2022,BOS,1,162,78,84,N
larusto01,2022,CHA,1,162,81,81,N
rossda01,2022,CHN,1,162,74,88,N
bellda01,2022,CIN,1,162,62,100,N
francte01,2022,CLE,1,162,92,70,N
blackbu02,2022,COL,1,162,68,94,N
hinchaj01,2022,DET,1,162,66,96,N
bakerdu01,2022,HOU,1,162,106,56,N
mathemi01,2022,KCA,1,162,65,97,N
maddojo99,2022,LAA,1,56,27,29,N
nevinph01,2022,LAA,2,106,46,60,N
roberda07,2022,LAN,1,162,111,51,N
mattido01,2022,MIA,1,162,69,93,N
counscr01,2022,MIL,1,162,86,76,N
baldero01,2022,MIN,1,162,78,84,N
booneaa01,2022,NYA,1,162,99,63,N
showabu99,2022,NYN,1,162,101,61,N
kotsama01,2022,OAK,1,162,60,102,N
girarjo01,2022,PHI,1,51,22,29,N
thomsro99,2022,PHI,2,111,65,46,N
sheltde99,2022,PIT,1,162,62,100,N
melvibo01,2022,SDN,1,162,89,73,N
servasc01,2022,SEA,1,162,90,72,N
kaplega01,2022,SFN,1,162,81,81,N
marmool99,2022,SLN,1,162,93,69,N
cashke01,2022,TBA,1,162,86,76,N
woodwch01,2022,TEX,1,114,51,63,N
beaslto99,2022,TEX,2,48,17,31,N
montoch01,2022,TOR,1,88,46,42,N
schnejo99,2022,TOR,2,74,46,28,N
martida01,2022,WAS,1,162,55,107,N
lovulto01,2023,ARI,1,162,84,78,N
snitkbr99,2023,ATL,1,162,104,58,N
hydebr99,2023,BAL,1,162,101,61,N
coraal01,2023,BOS,1,162,78,84,N
grifope99,2023,CHA,1,162,61,101,N
rossda01,2023,CHN,1,162,83,79,N
bellda01,2023,CIN,1,162,82,80,N
francte01,2023,CLE,1,162,76,86,N
blackbu02,2023,COL,1,162,59,103,N
hinchaj01,2023,DET,1,162,78,84,N
bakerdu01,2023,HOU,1,162,90,72,N
quatrma99,2023,KCA,1,162,56,106,N
nevinph01,2023,LAA,1,162,73,89,N
roberda07,2023,LAN,1,162,100,62,N
schumsk01,2023,MIA,1,162,84,78,N
counscr01,2023,MIL,1,162,92,70,N
baldero01,2023,MIN,1,162,87,75,N
booneaa01,2023,NYA,1,162,82,80,N
showabu99,2023,NYN,1,162,75,87,N
kotsama01,2023,OAK,1,162,50,112,N
thomsro99,2023,PHI,1,162,90,72,N
sheltde99,2023,PIT,1,162,76,86,N
melvibo01,2023,SDN,1,162,82,80,N
servasc01,2023,SEA,1,162,88,74,N
kaplega01,2023,SFN,1,159,78,81,N
correka99,2023,SFN,2,3,1,2,N
marmool99,2023,SLN,1,162,71,91,N
cashke01,2023,TBA,1,162,99,63,N
bochybr01,2023,TEX,1,162,90,72,N
schnejo99,2023,TOR,1,162,89,73,N
martida01,2023,WAS,1,162,71,91,N
lovulto01,2024,ARI,1,162,89,73,N
snitkbr99,2024,ATL,1,162,89,73,N
hydebr99,2024,BAL,1,162,91,71,N
coraal01,2024,BOS,1,162,81,81,N
grifope99,2024,CHA,1,117,28,89,N
sizemgr01,2024,CHA,2,45,13,32,N
counscr01,2024,CHN,1,162,83,79,N
bellda01,2024,CIN,1,162,77,85,N
vogtst01,2024,CLE,1,161,92,69,N
blackbu02,2024,COL,1,162,61,101,N
hinchaj01,2024,DET,1,162,86,76,N
espadjo99,2024,HOU,1,161,88,73,N
quatrma99,2024,KCA,1,160,86,74,N
hoovepa01,2024,KCA,2,2,0,2,N
washiro01,2024,LAA,1,162,63,99,N
roberda07,2024,LAN,1,162,98,64,N
schumsk01,2024,MIA,1,160,60,100,N
uruetlu99,2024,MIA,2,2,2,0,N
murphpa99,2024,MIL,1,160,92,68,N
weeksri01,2024,MIL,2,2,1,1,N
baldero01,2024,MIN,1,162,82,80,N
booneaa01,2024,NYA,1,162,94,68,N
mendoca99,2024,NYN,1,161,89,72,N
gibbojo02,2024,NYN,2,1,0,1,N
kotsama01,2024,OAK,1,162,69,93,N
thomsro99,2024,PHI,1,162,95,67,N
sheltde99,2024,PIT,1,162,76,86,N
shildmi99,2024,SDN,1,162,93,69,N
servasc01,2024,SEA,1,128,64,64,N
wilsoda01,2024,SEA,2,34,21,13,N
melvibo01,2024,SFN,1,162,80,82,N
marmool99,2024,SLN,1,162,83,79,N
cashke01,2024,TBA,1,161,80,81,N
linarro99,2024,TBA,2,1,0,1,N
bochybr01,2024,TEX,1,162,78,84,N
schnejo99,2024,TOR,1,162,74,88,N
martida01,2024,WAS,1,162,71,91,N
lovulto01,2025,ARI,1,162,80,82,N
kotsama01,2025,ATH,1,162,76,86,N
snitkbr99,2025,ATL,1,162,76,86,N
hydebr99,2025,BAL,1,43,15,28,N
mansoto99,2025,BAL,2,119,60,59,N
coraal01,2025,BOS,1,161,88,73,N
vazqura01,2025,BOS,2,1,1,0,N
venabwi01,2025,CHA,1,162,60,102,N
counscr01,2025,CHN,1,162,92,70,N
francte01,2025,CIN,1,161,83,78,N
benavfr01,2025,CIN,2,1,0,1,N
vogtst01,2025,CLE,1,162,88,74,N
blackbu02,2025,COL,1,40,7,33,N
schaewa99,2025,COL,2,122,36,86,N
hinchaj01,2025,DET,1,162,87,75,N
espadjo99,2025,HOU,1,161,86,75,N
lopezom99,2025,HOU,2,1,1,0,N
quatrma99,2025,KCA,1,162,82,80,N
washiro01,2025,LAA,1,74,36,38,N
montgra01,2025,LAA,2,88,36,52,N
goinsry01,2025,LAA,3,2,0,2,N
roberda07,2025,LAN,1,162,93,69,N
mcculcl99,2025,MIA,1,162,79,83,N
murphpa99,2025,MIL,1,162,97,65,N
baldero01,2025,MIN,1,162,70,92,N
booneaa01,2025,NYA,1,162,94,68,N
mendoca99,2025,NYN,1,162,83,79,N
thomsro99,2025,PHI,1,162,96,66,N
sheltde99,2025,PIT,1,38,12,26,N
kellydo01,2025,PIT,2,124,59,65,N
shildmi99,2025,SDN,1,162,90,72,N
wilsoda01,2025,SEA,1,162,90,72,N
melvibo01,2025,SFN,1,162,81,81,N
marmool99,2025,SLN,1,162,78,84,N
cashke01,2025,TBA,1,162,77,85,N
bochybr01,2025,TEX,1,162,81,81,N
schnejo99,2025,TOR,1,162,94,68,N
martida01,2025,WAS,1,90,37,53,N
cairomi01,2025,WAS,2,72,29,43,N
