yearID,lgID,divID,teamID,franchID,name,Rank,G,W,L,R,RA,WSWin,LgWin
1871,NA,,BS1,BNA,Boston Red Stockings,3,31,20,10,401,303,,N
1871,NA,,CH1,CNA,Chicago White Stockings,2,28,19,9,302,241,,N
1871,NA,,CL1,CFC,Cleveland Forest Citys,8,29,10,19,249,341,,N
1871,NA,,FW1,KEK,Fort Wayne Kekiongas,7,19,7,12,137,243,,N
1871,NA,,NY2,NNA,New York Mutuals,5,33,16,17,302,313,,N
1871,NA,,PH1,PNA,Philadelphia Athletics,1,28,21,7,376,266,,Y
1871,NA,,RC1,ROK,Rockford Forest Citys,9,25,4,21,231,287,,N
1871,NA,,TRO,TRO,Troy Haymakers,6,29,13,15,351,362,,N
1871,NA,,WS3,OLY,Washington Olympics,4,32,15,15,310,303,,N
1872,NA,,BL1,BLC,Baltimore Canaries,2,58,35,19,617,434,,N
1872,NA,,BR1,ECK,Brooklyn Eckfords,9,29,3,26,152,413,,N
1872,NA,,BR2,BRA,Brooklyn Atlantics,6,37,9,28,237,473,,N
1872,NA,,BS1,BNA,Boston Red Stockings,1,48,39,8,521,236,,Y
1872,NA,,CL1,CFC,Cleveland Forest Citys,7,22,6,16,174,254,,N
1872,NA,,MID,MAN,Middletown Mansfields,8,24,5,19,220,348,,N
1872,NA,,NY2,NNA,New York Mutuals,3,56,34,20,523,362,,N
1872,NA,,PH1,PNA,Philadelphia Athletics,4,47,30,14,539,349,,N
1872,NA,,TRO,TRO,Troy Haymakers,5,25,15,10,273,191,,N
1872,NA,,WS3,OLY,Washington Olympics,10,9,2,7,54,140,,N
1872,NA,,WS4,NAT,Washington Nationals,11,11,0,11,80,190,,N
1873,NA,,BL1,BLC,Baltimore Canaries,3,57,34,22,644,451,,N
1873,NA,,BL4,MAR,Baltimore Marylands,9,6,0,6,26,152,,N
1873,NA,,BR2,BRA,Brooklyn Atlantics,6,55,17,37,366,549,,N
1873,NA,,BS1,BNA,Boston Red Stockings,1,60,43,16,739,460,,Y
1873,NA,,ELI,RES,Elizabeth Resolutes,8,23,2,21,98,299,,N
1873,NA,,NY2,NNA,New York Mutuals,4,53,29,24,424,385,,N
1873,NA,,PH1,PNA,Philadelphia Athletics,5,52,28,23,474,403,,N
1873,NA,,PH2,PWS,Philadelphia Whites,2,53,36,17,526,396,,N
1873,NA,,WS5,WBL,Washington Blue Legs,7,39,8,31,283,485,,N
1874,NA,,BL1,BLC,Baltimore Canaries,8,47,9,38,227,505,,N
1874,NA,,BR2,BRA,Brooklyn Atlantics,6,56,22,33,301,450,,N
1874,NA,,BS1,BNA,Boston Red Stockings,1,71,52,18,735,415,,Y
1874,NA,,CH2,CNA,Chicago White Stockings,5,59,28,31,418,480,,N
1874,NA,,HR1,HNA,Hartford Dark Blues,7,53,16,37,371,471,,N
1874,NA,,NY2,NNA,New York Mutuals,2,65,42,23,501,377,,N
1874,NA,,PH1,PNA,Philadelphia Athletics,3,55,33,22,441,344,,N
1874,NA,,PH2,PWS,Philadelphia Whites,4,58,29,29,476,428,,N
1875,NA,,BR2,BRA,Brooklyn Atlantics,11,44,2,42,132,438,,N
1875,NA,,BS1,BNA,Boston Red Stockings,1,82,71,8,831,343,,Y
1875,NA,,CH2,CNA,Chicago White Stockings,6,69,30,37,379,416,,N
1875,NA,,HR1,HNA,Hartford Dark Blues,3,86,54,28,557,343,,N
1875,NA,,KEO,WES,Keokuk Westerns,13,13,1,12,45,88,,N
1875,NA,,NH1,NHV,New Haven Elm Citys,8,47,7,40,170,397,,N
1875,NA,,NY2,NNA,New York Mutuals,6,71,30,38,328,425,,N
1875,NA,,PH1,PNA,Philadelphia Athletics,2,77,53,20,699,402,,N
1875,NA,,PH2,PWS,Philadelphia Whites,5,70,37,31,470,376,,N
1875,NA,,PH3,CEN,Philadelphia Centennials,11,14,2,12,70,138,,N
1875,NA,,SL1,SLR,St. Louis Red Stockings,10,19,4,15,60,161,,N
1875,NA,,SL2,SNA,St. Louis Brown Stockings,4,70,39,29,386,369,,N
1875,NA,,WS6,WNT,Washington Nationals,9,28,5,23,107,338,,N
1876,NL,,BSN,ATL,Boston Red Caps,4,70,39,31,471,450,,N
1876,NL,,CHN,CHC,Chicago White Stockings,1,66,52,14,624,257,,Y
1876,NL,,CN1,CNR,Cincinnati Reds,8,65,9,56,238,579,,N
1876,NL,,HAR,HAR,Hartford Dark Blues,2,69,47,21,429,261,,N
1876,NL,,LS1,LGR,Louisville Grays,5,69,30,36,280,344,,N
1876,NL,,NY3,NYU,New York Mutuals,6,57,21,35,260,412,,N
1876,NL,,PHN,ATH,Philadelphia Athletics,7,60,14,45,378,534,,N
1876,NL,,SL3,SBS,St. Louis Brown Stockings,3,64,45,19,386,229,,N
1877,NL,,BSN,ATL,Boston Red Caps,1,61,42,18,419,263,,Y
1877,NL,,CHN,CHC,Chicago White Stockings,5,60,26,33,366,375,,N
1877,NL,,CN1,CNR,Cincinnati Reds,6,58,15,42,291,485,,N
1877,NL,,HAR,HAR,Hartford Dark Blues,3,60,31,27,341,311,,N
1877,NL,,LS1,LGR,Louisville Grays,2,61,35,25,339,288,,N
1877,NL,,SL3,SBS,St. Louis Brown Stockings,4,60,28,32,284,318,,N
1878,NL,,BSN,ATL,Boston Red Caps,1,60,41,19,298,241,,Y
1878,NL,,CHN,CHC,Chicago White Stockings,4,61,30,30,371,331,,N
1878,NL,,CN1,CNR,Cincinnati Reds,2,61,37,23,333,281,,N
1878,NL,,IN1,IBL,Indianapolis Blues,5,63,24,36,293,328,,N
1878,NL,,ML2,MLG,Milwaukee Grays,6,61,15,45,256,386,,N
1878,NL,,PRO,PRO,Providence Grays,3,62,33,27,353,337,,N
1879,NL,,BFN,BUF,Buffalo Bisons,3,79,46,32,394,365,,N
1879,NL,,BSN,ATL,Boston Red Caps,2,84,54,30,562,348,,N
1879,NL,,CHN,CHC,Chicago White Stockings,4,83,46,33,437,411,,N
1879,NL,,CL2,CBL,Cleveland Blues,6,82,27,55,322,461,,N
1879,NL,,CN1,CNR,Cincinnati Reds,5,81,43,37,485,464,,N
1879,NL,,PRO,PRO,Providence Grays,1,85,59,25,612,355,,Y
1879,NL,,SR1,SYR,Syracuse Stars,7,71,22,48,276,462,,N
1879,NL,,TRN,TRT,Troy Trojans,8,77,19,56,321,543,,N
1880,NL,,BFN,BUF,Buffalo Bisons,7,85,24,58,331,502,,N
1880,NL,,BSN,ATL,Boston Red Caps,6,86,40,44,416,456,,N
1880,NL,,CHN,CHC,Chicago White Stockings,1,86,67,17,538,317,,Y
1880,NL,,CL2,CBL,Cleveland Blues,3,85,47,37,387,337,,N
1880,NL,,CN1,CNR,Cincinnati Reds,8,83,21,59,296,472,,N
1880,NL,,PRO,PRO,Providence Grays,2,87,52,32,419,299,,N
1880,NL,,TRN,TRT,Troy Trojans,4,83,41,42,392,438,,N
1880,NL,,WOR,WOR,Worcester Ruby Legs,5,85,40,43,412,370,,N
1881,NL,,BFN,BUF,Buffalo Bisons,3,83,45,38,440,447,,N
1881,NL,,BSN,ATL,Boston Red Caps,6,83,38,45,347,410,,N
1881,NL,,CHN,CHC,Chicago White Stockings,1,84,56,28,550,380,,Y
1881,NL,,CL2,CBL,Cleveland Blues,7,85,36,48,392,414,,N
1881,NL,,DTN,DTN,Detroit Wolverines,4,84,41,43,440,429,,N
1881,NL,,PRO,PRO,Providence Grays,2,85,47,37,447,426,,N
1881,NL,,TRN,TRT,Troy Trojans,5,85,39,45,399,427,,N
1881,NL,,WOR,WOR,Worcester Ruby Legs,8,83,32,50,410,492,,N
1882,NL,,BFN,BUF,Buffalo Bisons,3,84,45,39,500,461,,N
1882,AA,,BL2,BLO,Baltimore Orioles,6,74,19,54,272,513,,N
1882,NL,,BSN,ATL,Boston Red Caps,3,85,45,39,472,414,,N
1882,NL,,CHN,CHC,Chicago White Stockings,1,84,55,29,604,353,,Y
1882,NL,,CL2,CBL,Cleveland Blues,5,84,42,40,402,411,,N
1882,AA,,CN2,CIN,Cincinnati Red Stockings,1,80,55,25,489,268,,Y
1882,NL,,DTN,DTN,Detroit Wolverines,5,86,42,41,407,488,,N
1882,AA,,LS2,LOU,Louisville Eclipse,2,79,42,38,443,352,,N
1882,AA,,PH4,PHA,Philadelphia Athletics,3,75,41,34,406,389,,N
1882,NL,,PRO,PRO,Providence Grays,2,84,52,32,463,356,,N
1882,AA,,PT1,PIT,Pittsburg Alleghenys,4,79,39,39,426,417,,N
1882,AA,,SL4,STL,St. Louis Brown Stockings,5,79,37,43,399,496,,N
1882,NL,,TRN,TRT,Troy Trojans,7,85,35,48,430,522,,N
1882,NL,,WOR,WOR,Worcester Ruby Legs,8,84,18,66,379,652,,N
1883,NL,,BFN,BUF,Buffalo Bisons,5,98,52,45,614,576,,N
1883,AA,,BL2,BLO,Baltimore Orioles,8,96,28,68,471,742,,N
1883,NL,,BSN,ATL,Boston Beaneaters,1,98,63,35,669,456,,Y
1883,NL,,CHN,CHC,Chicago White Stockings,2,98,59,39,679,540,,N
1883,NL,,CL2,CBL,Cleveland Blues,4,100,55,42,476,443,,N
1883,AA,,CL5,CBK,Columbus Buckeyes,6,97,32,65,476,659,,N
1883,AA,,CN2,CIN,Cincinnati Red Stockings,3,98,61,37,662,413,,N
1883,NL,,DTN,DTN,Detroit Wolverines,7,101,40,58,524,650,,N
1883,AA,,LS2,LOU,Louisville Eclipse,5,98,52,45,564,562,,N
1883,NL,,NY1,SFG,New York Gothams,6,98,46,50,530,577,,N
1883,AA,,NY4,NYP,New York Metropolitans,4,97,54,42,498,405,,N
1883,AA,,PH4,PHA,Philadelphia Athletics,1,98,66,32,720,547,,Y
1883,NL,,PHI,PHI,Philadelphia Quakers,8,99,17,81,437,887,,N
1883,NL,,PRO,PRO,Providence Grays,3,98,58,40,636,436,,N
1883,AA,,PT1,PIT,Pittsburg Alleghenys,7,98,31,67,525,728,,N
1883,AA,,SL4,STL,St. Louis Browns,2,98,65,33,549,409,,N
1884,UA,,ALT,ALT,Altoona Mountain City,10,25,6,19,90,216,,N
1884,NL,,BFN,BUF,Buffalo Bisons,3,114,64,47,700,626,N,N
1884,AA,,BL2,BLO,Baltimore Orioles,6,108,63,43,636,515,N,N
1884,UA,,BLU,BLU,Baltimore Monumentals,4,105,58,47,662,627,,N
1884,AA,,BR3,LAD,Brooklyn Atlantics,9,109,40,64,476,644,N,N
1884,NL,,BSN,ATL,Boston Beaneaters,2,116,73,38,684,468,N,N
1884,UA,,BSU,BRD,Boston Reds,5,109,58,51,636,558,,N
1884,NL,,CHN,CHC,Chicago White Stockings,5,112,62,50,834,647,N,N
1884,UA,,CHU,CPI,Chicago/Pittsburgh (Union League),6,92,41,50,438,482,,N
1884,NL,,CL2,CBL,Cleveland Blues,7,113,35,77,458,716,N,N
1884,AA,,CL5,CBK,Columbus Buckeyes,2,110,69,39,585,459,N,N
1884,AA,,CN2,CIN,Cincinnati Red Stockings,5,112,68,41,754,512,N,N
1884,UA,,CNU,COR,Cincinnati Outlaw Reds,3,103,69,36,703,466,,N
1884,NL,,DTN,DTN,Detroit Wolverines,8,114,28,84,445,736,N,N
1884,AA,,IN2,IHO,Indianapolis Hoosiers,12,110,29,78,462,755,N,N
1884,UA,,KCU,KCU,Kansas City Cowboys,11,82,16,63,311,618,,N
1884,AA,,LS2,LOU,Louisville Eclipse,3,110,68,40,573,425,N,N
1884,UA,,MLU,MLU,Milwaukee Brewers,2,12,8,4,53,34,,N
1884,NL,,NY1,SFG,New York Gothams,4,116,62,50,693,623,N,N
1884,AA,,NY4,NYP,New York Metropolitans,1,112,75,32,734,423,N,Y
1884,AA,,PH4,PHA,Philadelphia Athletics,7,108,61,46,700,546,N,N
1884,NL,,PHI,PHI,Philadelphia Quakers,6,113,39,73,549,824,N,N
1884,UA,,PHU,PHK,Philadelphia Keystones,8,67,21,46,414,545,,N
1884,NL,,PRO,PRO,Providence Grays,1,114,84,28,665,388,Y,Y
1884,AA,,PT1,PIT,Pittsburg Alleghenys,11,110,30,78,406,725,N,N
1884,AA,,RIC,RIC,Richmond Virginians,10,45,12,30,194,294,N,N
1884,AA,,SL4,STL,St. Louis Browns,4,110,67,40,658,539,N,N
1884,UA,,SLU,SLM,St. Louis Maroons,1,113,94,19,887,429,,Y
1884,UA,,SPU,STP,St. Paul White Caps,9,9,2,6,24,57,,N
1884,AA,,TL1,TOL,Toledo Blue Stockings,8,109,46,58,463,571,N,N
1884,UA,,WIL,WIL,Wilmington Quicksteps,12,17,2,16,35,114,,N
1884,AA,,WS7,WST,Washington Nationals,13,63,12,51,248,481,N,N
1884,UA,,WSU,WNA,Washington Nationals,7,112,47,65,572,679,,N
1885,NL,,BFN,BUF,Buffalo Bisons,7,112,38,74,495,761,N,N
1885,AA,,BL2,BLO,Baltimore Orioles,8,110,41,68,541,683,N,N
1885,AA,,BR3,LAD,Brooklyn Grays,5,112,53,59,624,650,N,N
1885,NL,,BSN,ATL,Boston Beaneaters,5,113,46,66,528,589,N,N
1885,NL,,CHN,CHC,Chicago White Stockings,1,113,87,25,834,470,N,Y
1885,AA,,CN2,CIN,Cincinnati Red Stockings,2,112,63,49,642,575,N,N
1885,NL,,DTN,DTN,Detroit Wolverines,6,108,41,67,514,582,N,N
1885,AA,,LS2,LOU,Louisville Colonels,6,112,53,59,564,598,N,N
1885,NL,,NY1,SFG,New York Giants,2,112,85,27,691,370,N,N
1885,AA,,NY4,NYP,New York Metropolitans,7,108,44,64,526,688,N,N
1885,AA,,PH4,PHA,Philadelphia Athletics,4,113,55,57,764,691,N,N
1885,NL,,PHI,PHI,Philadelphia Quakers,3,111,56,54,513,511,N,N
1885,NL,,PRO,PRO,Providence Grays,4,110,53,57,442,531,N,N
1885,AA,,PT1,PIT,Pittsburg Alleghenys,3,111,56,55,547,539,N,N
1885,AA,,SL4,STL,St. Louis Browns,1,112,79,33,677,461,N,Y
1885,NL,,SL5,SLM,St. Louis Maroons,8,111,36,72,390,593,N,N
1886,AA,,BL2,BLO,Baltimore Orioles,8,139,48,83,625,878,N,N
1886,AA,,BR3,LAD,Brooklyn Grays,3,141,76,61,832,832,N,N
1886,NL,,BSN,ATL,Boston Beaneaters,5,118,56,61,657,661,N,N
1886,NL,,CHN,CHC,Chicago White Stockings,1,126,90,34,900,555,N,Y
1886,AA,,CN2,CIN,Cincinnati Red Stockings,5,141,65,73,883,865,N,N
1886,NL,,DTN,DTN,Detroit Wolverines,2,126,87,36,829,538,N,N
1886,NL,,KCN,KCN,Kansas City Cowboys,7,123,30,91,494,872,N,N
1886,AA,,LS2,LOU,Louisville Colonels,4,138,66,70,833,805,N,N
1886,NL,,NY1,SFG,New York Giants,3,124,75,44,692,558,N,N
1886,AA,,NY4,NYP,New York Metropolitans,7,137,53,82,628,766,N,N
1886,AA,,PH4,PHA,Philadelphia Athletics,6,139,63,72,772,942,N,N
1886,NL,,PHI,PHI,Philadelphia Quakers,4,119,71,43,621,498,N,N
1886,AA,,PT1,PIT,Pittsburg Alleghenys,2,140,80,57,810,647,N,N
1886,AA,,SL4,STL,St. Louis Browns,1,139,93,46,944,592,Y,Y
1886,NL,,SL5,SLM,St. Louis Maroons,6,126,43,79,547,712,N,N
1886,NL,,WS8,WNL,Washington Nationals,8,122,28,92,445,791,N,N
1887,AA,,BL2,BLO,Baltimore Orioles,3,141,77,58,975,861,N,N
1887,AA,,BR3,LAD,Brooklyn Grays,6,138,60,74,904,918,N,N
1887,NL,,BSN,ATL,Boston Beaneaters,5,127,61,60,834,792,N,N
1887,NL,,CHN,CHC,Chicago White Stockings,3,127,71,50,813,716,N,N
1887,AA,,CL3,CLV,Cleveland Blues,8,133,39,92,729,1112,N,N
1887,AA,,CN2,CIN,Cincinnati Red Stockings,2,135,81,54,892,745,N,N
1887,NL,,DTN,DTN,Detroit Wolverines,1,127,79,45,969,710,Y,Y
1887,NL,,IN3,IND,Indianapolis Hoosiers,8,127,37,89,628,965,N,N
1887,AA,,LS2,LOU,Louisville Colonels,4,137,76,60,956,854,N,N
1887,NL,,NY1,SFG,New York Giants,4,129,68,55,816,723,N,N
1887,AA,,NY4,NYP,New York Metropolitans,7,138,44,89,754,1093,N,N
1887,AA,,PH4,PHA,Philadelphia Athletics,5,137,64,69,893,890,N,N
1887,NL,,PHI,PHI,Philadelphia Quakers,2,128,75,48,901,702,N,N
1887,NL,,PIT,PIT,Pittsburg Alleghenys,6,125,55,69,621,750,N,N
1887,AA,,SL4,STL,St. Louis Browns,1,137,95,40,1131,761,N,Y
1887,NL,,WS8,WNL,Washington Nationals,7,126,46,76,601,825,N,N
1888,AA,,BL2,BLO,Baltimore Orioles,5,137,57,80,653,779,N,N
1888,AA,,BR3,LAD,Brooklyn Bridegrooms,2,143,88,52,758,584,N,N
1888,NL,,BSN,ATL,Boston Beaneaters,4,137,70,64,669,619,N,N
1888,NL,,CHN,CHC,Chicago White Stockings,2,135,77,58,734,659,N,N
1888,AA,,CL3,CLV,Cleveland Blues,6,135,50,82,651,839,N,N
1888,AA,,CN2,CIN,Cincinnati Red Stockings,4,137,80,54,745,628,N,N
1888,NL,,DTN,DTN,Detroit Wolverines,5,134,68,63,721,629,N,N
1888,NL,,IN3,IND,Indianapolis Hoosiers,7,136,50,85,603,731,N,N
1888,AA,,KC2,KCC,Kansas City Cowboys,8,132,43,89,579,896,N,N
1888,AA,,LS2,LOU,Louisville Colonels,7,139,48,87,689,870,N,N
1888,NL,,NY1,SFG,New York Giants,1,137,84,47,659,479,Y,Y
1888,AA,,PH4,PHA,Philadelphia Athletics,3,136,81,52,827,594,N,N
1888,NL,,PHI,PHI,Philadelphia Quakers,3,131,69,61,535,509,N,N
1888,NL,,PIT,PIT,Pittsburg Alleghenys,6,138,66,68,534,580,N,N
1888,AA,,SL4,STL,St. Louis Browns,1,137,92,43,789,501,N,Y
1888,NL,,WS8,WNL,Washington Nationals,8,136,48,86,482,731,N,N
1889,AA,,BL2,BLO,Baltimore Orioles,5,139,70,65,791,795,N,N
1889,AA,,BR3,LAD,Brooklyn Bridegrooms,1,138,93,44,995,706,N,Y
1889,NL,,BSN,ATL,Boston Beaneaters,2,133,83,45,826,626,N,N
1889,NL,,CHN,CHC,Chicago White Stockings,3,136,67,65,867,814,N,N
1889,NL,,CL4,CLV,Cleveland Spiders,6,136,61,72,656,720,N,N
1889,AA,,CL6,CLS,Columbus Solons,6,139,60,78,779,924,N,N
1889,AA,,CN2,CIN,Cincinnati Red Stockings,4,141,76,63,897,769,N,N
1889,NL,,IN3,IND,Indianapolis Hoosiers,7,135,59,75,819,894,N,N
1889,AA,,KC2,KCC,Kansas City Cowboys,7,139,55,82,852,1031,N,N
1889,AA,,LS2,LOU,Louisville Colonels,8,140,27,111,632,1091,N,N
1889,NL,,NY1,SFG,New York Giants,1,131,83,43,935,708,Y,Y
1889,AA,,PH4,PHA,Philadelphia Athletics,3,138,75,58,880,787,N,N
1889,NL,,PHI,PHI,Philadelphia Quakers,4,130,63,64,742,748,N,N
1889,NL,,PIT,PIT,Pittsburg Alleghenys,5,134,61,71,726,801,N,N
1889,AA,,SL4,STL,St. Louis Browns,2,140,90,45,957,680,N,N
1889,NL,,WS8,WNL,Washington Nationals,8,127,41,83,632,892,N,N
1890,PL,,BFP,BFB,Buffalo Bisons,8,134,36,96,793,1199,,N
1890,AA,,BL3,BLO,Baltimore Orioles,6,38,15,19,182,192,N,N
1890,AA,,BR4,BRG,Brooklyn Gladiators,9,100,26,72,492,733,N,N
1890,NL,,BRO,LAD,Brooklyn Bridegrooms,1,129,86,43,884,620,N,Y
1890,PL,,BRP,BWW,Brooklyn Ward's Wonders,2,133,76,56,964,893,,N
1890,NL,,BSN,ATL,Boston Beaneaters,5,134,76,57,763,593,N,N
1890,PL,,BSP,BRS,Boston Reds,1,133,81,48,1031,781,,Y
1890,NL,,CHN,CHC,Chicago Colts,2,139,83,53,847,692,N,N
1890,PL,,CHP,CHP,Chicago Pirates,4,138,75,62,886,770,,N
1890,NL,,CIN,CIN,Cincinnati Reds,4,134,77,55,753,633,N,N
1890,NL,,CL4,CLV,Cleveland Spiders,7,136,44,88,630,832,N,N
1890,AA,,CL6,CLS,Columbus Solons,2,140,79,55,831,617,N,N
1890,PL,,CLP,CLI,Cleveland Infants,7,131,55,75,849,1027,,N
1890,AA,,LS2,LOU,Louisville Colonels,1,134,88,44,819,588,N,Y
1890,NL,,NY1,SFG,New York Giants,6,135,63,68,713,698,N,N
1890,PL,,NYP,NYI,New York Giants,3,132,74,57,1018,875,,N
1890,AA,,PH4,PHA,Philadelphia Athletics,8,132,54,78,702,945,N,N
1890,NL,,PHI,PHI,Philadelphia Phillies,3,133,78,53,823,707,N,N
1890,PL,,PHP,PHQ,Philadelphia Athletics,5,132,68,63,941,855,,N
1890,NL,,PIT,PIT,Pittsburg Alleghenys,8,138,23,113,597,1235,N,N
1890,PL,,PTP,PBB,Pittsburgh Burghers,6,131,60,68,849,931,,N
1890,AA,,RC2,ROC,Rochester Broncos,5,133,63,63,709,711,N,N
1890,AA,,SL4,STL,St. Louis Browns,3,138,77,58,870,736,N,N
1890,AA,,SR2,SYS,Syracuse Stars,7,127,55,72,698,831,N,N
1890,AA,,TL2,TLM,Toledo Maumees,4,134,68,64,739,689,N,N
1891,AA,,BL3,BLO,Baltimore Orioles,4,139,71,64,850,798,,N
1891,NL,,BRO,LAD,Brooklyn Grooms,6,137,61,76,765,820,,N
1891,AA,,BS2,BRS,Boston Reds,1,139,93,42,1028,675,,Y
1891,NL,,BSN,ATL,Boston Beaneaters,1,140,87,51,847,658,,Y
1891,IND,,CBG,CBG,Cuban Giants,2,13,5,8,68,97,,
1891,NL,,CHN,CHC,Chicago Colts,2,137,82,53,832,730,,N
1891,NL,,CIN,CIN,Cincinnati Reds,7,138,56,81,646,790,,N
1891,NL,,CL4,CLV,Cleveland Spiders,5,141,65,74,835,888,,N
1891,AA,,CL6,CLS,Columbus Solons,6,138,61,76,702,777,,N
1891,AA,,CN3,CKK,Cincinnati Kelly's Killers,7,102,43,57,549,643,,N
1891,IND,,GOR,GOR,New York Gorhams,1,13,8,5,97,68,,
1891,AA,,LS2,LOU,Louisville Colonels,8,138,54,83,698,873,,N
1891,AA,,ML3,MLA,Milwaukee Brewers,3,36,21,15,227,156,,N
1891,NL,,NY1,SFG,New York Giants,3,136,71,61,754,711,,N
1891,AA,,PH4,PHQ,Philadelphia Athletics,5,142,73,66,817,794,,N
1891,NL,,PHI,PHI,Philadelphia Phillies,4,138,68,69,756,773,,N
1891,NL,,PIT,PIT,Pittsburgh Pirates,8,137,55,80,679,744,,N
1891,AA,,SL4,STL,St. Louis Browns,2,139,85,51,959,738,,N
1891,AA,,WS9,WAS,Washington Statesmen,9,139,44,91,691,1067,,N
1892,NL,,BLN,BLO,Baltimore Orioles,12,152,46,101,779,1020,,N
1892,NL,,BRO,LAD,Brooklyn Grooms,3,158,95,59,935,733,,N
1892,NL,,BSN,ATL,Boston Beaneaters,1,152,102,48,862,649,,Y
1892,NL,,CHN,CHC,Chicago Colts,7,146,70,76,635,735,,N
1892,NL,,CIN,CIN,Cincinnati Reds,5,155,82,68,766,731,,N
1892,NL,,CL4,CLV,Cleveland Spiders,2,152,93,56,855,613,,N
1892,NL,,LS3,LOU,Louisville Colonels,9,154,63,89,649,804,,N
1892,NL,,NY1,SFG,New York Giants,8,152,71,80,811,826,,N
1892,NL,,PHI,PHI,Philadelphia Phillies,4,155,87,66,860,690,,N
1892,NL,,PIT,PIT,Pittsburgh Pirates,6,152,80,73,802,796,,N
1892,NL,,SLN,STL,St. Louis Browns,11,155,56,94,703,922,,N
1892,NL,,WAS,WAS,Washington Senators,10,153,58,93,731,869,,N
1893,NL,,BLN,BLO,Baltimore Orioles,8,130,60,70,820,893,,N
1893,NL,,BRO,LAD,Brooklyn Grooms,7,130,65,63,775,845,,N
1893,NL,,BSN,ATL,Boston Beaneaters,1,131,86,43,1008,795,,Y
1893,NL,,CHN,CHC,Chicago Colts,9,128,56,71,829,874,,N
1893,NL,,CIN,CIN,Cincinnati Reds,6,131,65,63,759,814,,N
1893,NL,,CL4,CLV,Cleveland Spiders,3,129,73,55,976,839,,N
1893,NL,,LS3,LOU,Louisville Colonels,11,126,50,75,759,942,,N
1893,NL,,NY1,SFG,New York Giants,5,136,68,64,941,845,,N
1893,NL,,PHI,PHI,Philadelphia Phillies,4,133,72,57,1011,841,,N
1893,NL,,PIT,PIT,Pittsburgh Pirates,2,131,81,48,970,766,,N
1893,NL,,SLN,STL,St. Louis Browns,10,135,57,75,745,829,,N
1893,NL,,WAS,WAS,Washington Senators,12,130,40,89,722,1032,,N
1894,NL,,BLN,BLO,Baltimore Orioles,1,129,89,39,1171,819,,Y
1894,NL,,BRO,LAD,Brooklyn Grooms,5,135,70,61,1024,1020,,N
1894,NL,,BSN,ATL,Boston Beaneaters,3,133,83,49,1220,1002,,N
1894,IND,,CBG,CBG,Cuban Giants,1,1,1,0,14,7,,
1894,NL,,CHN,CHC,Chicago Colts,8,136,57,75,1056,1080,,N
1894,NL,,CIN,CIN,Cincinnati Reds,10,134,55,75,936,1108,,N
1894,NL,,CL4,CLV,Cleveland Spiders,6,130,68,61,932,896,,N
1894,NL,,LS3,LOU,Louisville Colonels,12,130,36,94,698,1019,,N
1894,NL,,NY1,SFG,New York Giants,2,139,88,44,962,801,,N
1894,NL,,PHI,PHI,Philadelphia Phillies,4,132,71,57,1179,995,,N
1894,NL,,PIT,PIT,Pittsburgh Pirates,7,133,65,65,965,981,,N
1894,NL,,SLN,STL,St. Louis Browns,9,133,56,76,771,953,,N
1894,NL,,WAS,WAS,Washington Senators,11,132,45,87,882,1122,,N
1895,NL,,BLN,BLO,Baltimore Orioles,1,131,87,43,1009,646,,Y
1895,NL,,BRO,LAD,Brooklyn Grooms,5,133,71,60,879,838,,N
1895,NL,,BSN,ATL,Boston Beaneaters,6,133,71,60,911,829,,N
1895,NL,,CHN,CHC,Chicago Colts,4,133,72,58,866,854,,N
1895,NL,,CIN,CIN,Cincinnati Reds,8,132,66,64,903,854,,N
1895,NL,,CL4,CLV,Cleveland Spiders,2,132,84,46,921,725,,N
1895,NL,,LS3,LOU,Louisville Colonels,12,132,35,96,698,1090,,N
1895,NL,,NY1,SFG,New York Giants,9,132,66,65,852,834,,N
1895,NL,,PHI,PHI,Philadelphia Phillies,3,133,78,53,1068,957,,N
1895,NL,,PIT,PIT,Pittsburgh Pirates,7,134,71,61,815,799,,N
1895,NL,,SLN,STL,St. Louis Browns,11,136,39,92,752,1036,,N
1895,NL,,WAS,WAS,Washington Senators,10,133,43,85,840,1052,,N
1896,NL,,BLN,BLO,Baltimore Orioles,1,132,90,39,995,662,,Y
1896,NL,,BRO,LAD,Brooklyn Bridegrooms,10,133,58,73,692,764,,N
1896,NL,,BSN,ATL,Boston Beaneaters,4,132,74,57,865,761,,N
1896,NL,,CHN,CHC,Chicago Colts,5,132,71,57,815,804,,N
1896,NL,,CIN,CIN,Cincinnati Reds,3,128,77,50,783,620,,N
1896,NL,,CL4,CLV,Cleveland Spiders,2,135,80,48,840,650,,N
1896,NL,,LS3,LOU,Louisville Colonels,12,134,38,93,653,997,,N
1896,NL,,NY1,SFG,New York Giants,7,133,64,67,829,821,,N
1896,NL,,PHI,PHI,Philadelphia Phillies,8,130,62,68,890,891,,N
1896,NL,,PIT,PIT,Pittsburgh Pirates,6,131,66,63,787,741,,N
1896,NL,,SLN,STL,St. Louis Browns,11,131,40,90,593,929,,N
1896,NL,,WAS,WAS,Washington Senators,9,133,58,73,818,920,,N
1897,NL,,BLN,BLO,Baltimore Orioles,2,136,90,40,964,674,,N
1897,NL,,BRO,LAD,Brooklyn Bridegrooms,7,136,61,71,802,845,,N
1897,NL,,BSN,ATL,Boston Beaneaters,1,135,93,39,1025,665,,Y
1897,NL,,CHN,CHC,Chicago Colts,9,138,59,73,832,894,,N
1897,NL,,CIN,CIN,Cincinnati Reds,4,134,76,56,763,705,,N
1897,NL,,CL4,CLV,Cleveland Spiders,5,130,69,62,773,680,,N
1897,IND,,CU,CIU,Chicago Unions,1,8,6,2,91,76,,
1897,IND,,CXG,CXG,Cuban X Giants,2,5,3,2,47,39,,
1897,NL,,LS3,LOU,Louisville Colonels,11,135,52,78,675,869,,N
1897,NL,,NY1,SFG,New York Giants,3,137,83,48,901,696,,N
1897,IND,,PFG,CCG,Page Fence Giants,3,1,0,1,6,7,,
1897,NL,,PHI,PHI,Philadelphia Phillies,10,133,55,77,752,792,,N
1897,NL,,PIT,PIT,Pittsburgh Pirates,8,134,60,71,676,835,,N
1897,NL,,SLN,STL,St. Louis Browns,12,133,29,102,592,1088,,N
1897,NL,,WAS,WAS,Washington Senators,6,133,61,71,781,793,,N
1898,NL,,BLN,BLO,Baltimore Orioles,2,153,96,53,933,623,,N
1898,NL,,BRO,LAD,Brooklyn Bridegrooms,10,149,54,91,638,811,,N
1898,NL,,BSN,ATL,Boston Beaneaters,1,152,102,47,872,614,,Y
1898,NL,,CHN,CHC,Chicago Orphans,4,152,85,65,828,679,,N
1898,NL,,CIN,CIN,Cincinnati Reds,3,157,92,60,831,740,,N
1898,NL,,CL4,CLV,Cleveland Spiders,5,156,81,68,730,683,,N
1898,IND,,CU,CIU,Chicago Unions,2,7,2,4,20,23,,
1898,IND,,CXG,CXG,Cuban X Giants,1,10,7,2,30,26,,
1898,NL,,LS3,LOU,Louisville Colonels,9,154,70,81,728,833,,N
1898,NL,,NY1,SFG,New York Giants,7,156,77,73,837,800,,N
1898,NL,,PHI,PHI,Philadelphia Phillies,6,150,78,71,823,784,,N
1898,NL,,PIT,PIT,Pittsburgh Pirates,8,152,72,76,634,694,,N
1898,NL,,SLN,STL,St. Louis Browns,12,154,39,111,571,929,,N
1898,NL,,WAS,WAS,Washington Senators,11,155,51,101,704,939,,N
1899,NL,,BLN,BLO,Baltimore Orioles,4,151,86,62,827,691,,N
1899,NL,,BRO,LAD,Brooklyn Superbas,1,148,101,47,892,658,,Y
1899,NL,,BSN,ATL,Boston Beaneaters,2,153,95,57,858,645,,N
1899,IND,,CCG,CCG,Chicago Columbia Giants,1,4,3,1,15,9,,
1899,NL,,CHN,CHC,Chicago Orphans,8,152,75,73,812,763,,N
1899,NL,,CIN,CIN,Cincinnati Reds,6,157,83,67,861,777,,N
1899,NL,,CL4,CLV,Cleveland Spiders,12,154,20,134,529,1252,,N
1899,IND,,CU,CIU,Chicago Unions,3,19,8,11,41,36,,
1899,IND,,CXG,CXG,Cuban X Giants,2,19,11,8,50,52,,
1899,NL,,LS3,LOU,Louisville Colonels,9,156,75,77,833,782,,N
1899,NL,,NY1,SFG,New York Giants,10,152,60,90,741,868,,N
1899,NL,,PHI,PHI,Philadelphia Phillies,3,154,94,58,916,743,,N
1899,NL,,PIT,PIT,Pittsburgh Pirates,7,155,76,73,841,771,,N
1899,NL,,SLN,STL,St. Louis Perfectos,5,155,84,67,819,739,,N
1899,NL,,WAS,WAS,Washington Senators,11,155,54,98,743,983,,N
1900,NL,,BRO,LAD,Brooklyn Superbas,1,141,82,54,816,722,,Y
1900,NL,,BSN,ATL,Boston Beaneaters,4,142,66,72,778,739,,N
1900,IND,,CCG,CCG,Chicago Columbia Giants,1,5,3,1,15,13,,
1900,NL,,CHN,CHC,Chicago Orphans,6,146,65,75,635,751,,N
1900,NL,,CIN,CIN,Cincinnati Reds,7,144,62,77,703,745,,N
1900,IND,,CU,CIU,Chicago Unions,2,10,6,3,9,5,,
1900,NL,,NY1,SFG,New York Giants,8,141,60,78,713,823,,N
1900,NL,,PHI,PHI,Philadelphia Phillies,3,141,75,63,810,792,,N
1900,NL,,PIT,PIT,Pittsburgh Pirates,2,140,79,60,733,612,,N
1900,NL,,SLN,STL,St. Louis Cardinals,5,141,65,75,744,748,,N
1901,AL,,BLA,NYY,Baltimore Orioles,5,134,68,65,760,750,,N
1901,AL,,BOS,BOS,Boston Americans,2,138,79,57,759,608,,N
1901,NL,,BRO,LAD,Brooklyn Superbas,3,137,79,57,744,600,,N
1901,NL,,BSN,ATL,Boston Beaneaters,5,140,69,69,531,556,,N
1901,IND,,CCG,CCG,Chicago Columbia Giants,1,2,2,0,3,2,,
1901,AL,,CHA,CHW,Chicago White Sox,1,137,83,53,819,631,,Y
1901,NL,,CHN,CHC,Chicago Orphans,6,140,53,86,578,699,,N
1901,NL,,CIN,CIN,Cincinnati Reds,8,142,52,87,561,818,,N
1901,AL,,CLE,CLE,Cleveland Blues,7,138,54,82,666,831,,N
1901,AL,,DET,DET,Detroit Tigers,3,135,74,61,741,694,,N
1901,AL,,MLA,BAL,Milwaukee Brewers,8,139,48,89,641,828,,N
1901,NL,,NY1,SFG,New York Giants,7,141,52,85,544,755,,N
1901,AL,,PHA,OAK,Philadelphia Athletics,4,137,74,62,805,760,,N
1901,NL,,PHI,PHI,Philadelphia Phillies,2,140,83,57,668,543,,N
1901,NL,,PIT,PIT,Pittsburgh Pirates,1,140,90,49,776,534,,Y
1901,NL,,SLN,STL,St. Louis Cardinals,4,142,76,64,792,689,,N
1901,AL,,WS1,MIN,Washington Senators,6,138,61,72,682,771,,N
1902,AL,,BLA,NYY,Baltimore Orioles,8,140,50,88,715,848,,N
1902,AL,,BOS,BOS,Boston Americans,3,138,77,60,664,600,,N
1902,NL,,BRO,LAD,Brooklyn Superbas,2,141,75,63,564,519,,N
1902,NL,,BSN,ATL,Boston Beaneaters,3,141,73,64,572,516,,N
1902,WES,,CCG,CCG,Chicago Columbia Giants,2,3,1,2,19,23,,
1902,AL,,CHA,CHW,Chicago White Sox,4,138,74,60,675,602,,N
1902,NL,,CHN,CHC,Chicago Orphans,5,143,68,69,544,505,,N
1902,NL,,CIN,CIN,Cincinnati Reds,4,141,70,70,633,566,,N
1902,AL,,CLE,CLE,Cleveland Bronchos,5,137,69,67,686,667,,N
1902,AL,,DET,DET,Detroit Tigers,7,137,52,83,566,657,,N
1902,NL,,NY1,SFG,New York Giants,8,141,48,88,405,604,,N
1902,AL,,PHA,OAK,Philadelphia Athletics,1,137,83,53,775,636,,Y
1902,NL,,PHI,PHI,Philadelphia Phillies,7,138,56,81,484,649,,N
1902,NL,,PIT,PIT,Pittsburgh Pirates,1,141,103,36,775,440,,Y
1902,AL,,SLA,BAL,St. Louis Browns,2,139,78,58,619,607,,N
1902,NL,,SLN,STL,St. Louis Cardinals,6,140,56,78,517,695,,N
1902,AL,,WS1,MIN,Washington Senators,6,138,61,75,707,790,,N
1903,WES,,AB,AB,Algona Brownies,1,16,11,4,16,15,,
1903,AL,,BOS,BOS,Boston Americans,1,141,91,47,708,504,Y,Y
1903,NL,,BRO,LAD,Brooklyn Superbas,5,139,70,66,667,682,N,N
1903,NL,,BSN,ATL,Boston Beaneaters,6,140,58,80,578,699,N,N
1903,AL,,CHA,CHW,Chicago White Sox,7,138,60,77,516,613,N,N
1903,NL,,CHN,CHC,Chicago Cubs,3,139,82,56,695,599,N,N
1903,NL,,CIN,CIN,Cincinnati Reds,4,141,74,65,765,656,N,N
1903,AL,,CLE,CLE,Cleveland Naps,3,140,77,63,639,579,N,N
1903,EAS,,CXG,CXG,Cuban X Giants,1,7,5,2,31,15,,
1903,AL,,DET,DET,Detroit Tigers,5,137,65,71,567,539,N,N
1903,NL,,NY1,SFG,New York Giants,2,142,84,55,729,567,N,N
1903,AL,,NYA,NYY,New York Highlanders,4,136,72,62,579,573,N,N
1903,EAS,,PG,PG,Philadelphia Giants,2,7,2,5,15,31,,
1903,AL,,PHA,OAK,Philadelphia Athletics,2,137,75,60,597,519,N,N
1903,NL,,PHI,PHI,Philadelphia Phillies,7,139,49,86,617,738,N,N
1903,NL,,PIT,PIT,Pittsburgh Pirates,1,141,91,49,793,613,N,Y
1903,AL,,SLA,BAL,St. Louis Browns,6,139,65,74,500,525,N,N
1903,NL,,SLN,STL,St. Louis Cardinals,8,139,43,94,505,795,N,N
1903,AL,,WS1,MIN,Washington Senators,8,140,43,94,437,691,N,N
1904,AL,,BOS,BOS,Boston Americans,1,157,95,59,608,466,,Y
1904,NL,,BRO,LAD,Brooklyn Superbas,6,154,56,97,497,614,,N
1904,NL,,BSN,ATL,Boston Beaneaters,7,155,55,98,491,749,,N
1904,AL,,CHA,CHW,Chicago White Sox,3,156,89,65,600,482,,N
1904,NL,,CHN,CHC,Chicago Cubs,2,156,93,60,597,517,,N
1904,NL,,CIN,CIN,Cincinnati Reds,3,157,88,65,695,547,,N
1904,AL,,CLE,CLE,Cleveland Naps,4,154,86,65,647,482,,N
1904,IND,,CXG,CXG,Cuban X Giants,2,13,8,5,36,25,,
1904,AL,,DET,DET,Detroit Tigers,7,162,62,90,505,627,,N
1904,NL,,NY1,SFG,New York Giants,1,157,106,47,744,474,,Y
1904,AL,,NYA,NYY,New York Highlanders,2,155,92,59,598,526,,N
1904,IND,,PG,PG,Philadelphia Giants,1,13,10,3,41,20,,
1904,AL,,PHA,OAK,Philadelphia Athletics,5,155,81,70,557,503,,N
1904,NL,,PHI,PHI,Philadelphia Phillies,8,155,52,100,571,784,,N
1904,NL,,PIT,PIT,Pittsburgh Pirates,4,156,87,66,675,592,,N
1904,AL,,SLA,BAL,St. Louis Browns,6,156,65,87,481,604,,N
1904,NL,,SLN,STL,St. Louis Cardinals,5,154,75,79,602,595,,N
1904,AL,,WS1,MIN,Washington Senators,8,157,38,113,437,743,,N
1905,EAS,,AC1,AC1,All Cubans,2,7,4,3,22,17,,
1905,AL,,BOS,BOS,Boston Americans,4,153,78,74,579,565,N,N
1905,EAS,,BRG,BR2,Brooklyn Royal Giants,4,13,0,12,25,82,,
1905,NL,,BRO,LAD,Brooklyn Superbas,8,155,48,104,506,807,N,N
1905,NL,,BSN,ATL,Boston Beaneaters,7,156,51,103,468,733,N,N
1905,AL,,CHA,CHW,Chicago White Sox,2,158,92,60,612,451,N,N
1905,NL,,CHN,CHC,Chicago Cubs,3,155,92,61,667,442,N,N
1905,NL,,CIN,CIN,Cincinnati Reds,5,155,79,74,736,698,N,N
1905,AL,,CLE,CLE,Cleveland Naps,5,155,76,78,564,587,N,N
1905,EAS,,CXG,CXG,Cuban X Giants,3,7,3,4,17,22,,
1905,AL,,DET,DET,Detroit Tigers,3,154,79,74,512,604,N,N
1905,WES,,LEL,LEL,Chicago Leland Giants,1,4,1,1,12,6,,
1905,NL,,NY1,SFG,New York Giants,1,155,105,48,780,505,Y,Y
1905,AL,,NYA,NYY,New York Highlanders,6,152,71,78,586,621,N,N
1905,EAS,,PG,PG,Philadelphia Giants,1,13,12,0,82,25,,
1905,AL,,PHA,OAK,Philadelphia Athletics,1,152,92,56,623,488,N,Y
1905,NL,,PHI,PHI,Philadelphia Phillies,4,155,83,69,708,603,N,N
1905,NL,,PIT,PIT,Pittsburgh Pirates,2,155,96,57,692,570,N,N
1905,AL,,SLA,BAL,St. Louis Browns,8,156,54,99,512,608,N,N
1905,NL,,SLN,STL,St. Louis Cardinals,6,154,58,96,535,734,N,N
1905,AL,,WS1,MIN,Washington Senators,7,154,64,87,559,623,N,N
1906,AL,,BOS,BOS,Boston Americans,8,155,49,105,463,706,N,N
1906,EAS,,BRG,BR2,Brooklyn Royal Giants,3,29,15,13,130,97,,
1906,NL,,BRO,LAD,Brooklyn Superbas,5,153,66,86,496,625,N,N
1906,NL,,BSN,ATL,Boston Beaneaters,8,152,49,102,408,649,N,N
1906,AL,,CHA,CHW,Chicago White Sox,1,154,93,58,570,460,Y,Y
1906,NL,,CHN,CHC,Chicago Cubs,1,154,116,36,704,381,N,Y
1906,NL,,CIN,CIN,Cincinnati Reds,6,155,64,87,533,582,N,N
1906,AL,,CLE,CLE,Cleveland Naps,3,157,89,64,663,481,N,N
1906,EAS,,CSH,CSW,Cuban Stars of Havana,5,26,10,14,72,103,,
1906,EAS,,CXG,CXG,Cuban X Giants,4,45,19,25,162,157,,
1906,AL,,DET,DET,Detroit Tigers,6,151,71,78,518,598,N,N
1906,WES,,LEL,LEL,Chicago Leland Giants,1,12,6,6,35,35,,
1906,NL,,NY1,SFG,New York Giants,2,152,96,56,625,509,N,N
1906,AL,,NYA,NYY,New York Highlanders,2,155,90,61,640,543,N,N
1906,EAS,,PG,PG,Philadelphia Giants,1,42,25,13,142,127,,
1906,AL,,PHA,OAK,Philadelphia Athletics,4,149,78,67,561,539,N,N
1906,NL,,PHI,PHI,Philadelphia Phillies,4,154,71,82,528,564,N,N
1906,NL,,PIT,PIT,Pittsburgh Pirates,3,154,93,60,623,470,N,N
1906,EAS,,QG,QG,Philadelphia Quaker Giants,2,22,14,8,69,60,,
1906,AL,,SLA,BAL,St. Louis Browns,5,154,76,73,560,499,N,N
1906,NL,,SLN,STL,St. Louis Cardinals,7,154,52,98,470,607,N,N
1906,AL,,WS1,MIN,Washington Senators,7,151,55,95,519,665,N,N
1907,AL,,BOS,BOS,Boston Americans,7,155,59,90,466,558,N,N
1907,NAC,,BRG,BR2,Brooklyn Royal Giants,3,27,12,14,75,79,,
1907,NL,,BRO,LAD,Brooklyn Superbas,5,153,65,83,446,522,N,N
1907,NL,,BSN,ATL,Boston Doves,7,152,58,90,502,652,N,N
1907,NAC,,CBG,CBG,Cuban Giants,2,11,5,5,38,39,,
1907,AL,,CHA,CHW,Chicago White Sox,3,157,87,64,588,474,N,N
1907,NL,,CHN,CHC,Chicago Cubs,1,155,107,45,574,390,Y,Y
1907,NL,,CIN,CIN,Cincinnati Reds,6,156,66,87,526,519,N,N
1907,AL,,CLE,CLE,Cleveland Naps,4,158,85,67,531,525,N,N
1907,NAC,,CSH,CSW,Cuban Stars of Havana,4,7,2,5,15,19,,
1907,AL,,DET,DET,Detroit Tigers,1,153,92,58,693,531,N,Y
1907,WES,,LEL,LEL,Chicago Leland Giants,1,5,5,0,12,2,,
1907,NL,,NY1,SFG,New York Giants,4,155,82,71,574,510,N,N
1907,AL,,NYA,NYY,New York Highlanders,5,152,70,78,605,667,N,N
1907,NAC,,PG,PG,Philadelphia Giants,1,21,13,8,64,55,,Y
1907,AL,,PHA,OAK,Philadelphia Athletics,2,150,88,57,584,511,N,N
1907,NL,,PHI,PHI,Philadelphia Phillies,3,149,83,64,514,476,N,N
1907,NL,,PIT,PIT,Pittsburgh Pirates,2,157,91,63,634,510,N,N
1907,AL,,SLA,BAL,St. Louis Browns,6,155,69,83,541,555,N,N
1907,NL,,SLN,STL,St. Louis Cardinals,8,155,52,101,419,610,N,N
1907,AL,,WS1,MIN,Washington Senators,8,154,49,102,506,693,N,N
1908,AL,,BOS,BOS,Boston Red Sox,5,155,75,79,564,513,N,N
1908,NAC,,BRG,BR2,Brooklyn Royal Giants,1,30,19,10,128,100,,Y
1908,NL,,BRO,LAD,Brooklyn Superbas,7,154,53,101,375,516,N,N
1908,NL,,BSN,ATL,Boston Doves,6,156,63,91,537,622,N,N
1908,AL,,CHA,CHW,Chicago White Sox,3,156,88,64,537,470,N,N
1908,NL,,CHN,CHC,Chicago Cubs,1,158,99,55,624,461,Y,Y
1908,NL,,CIN,CIN,Cincinnati Reds,5,155,73,81,488,543,N,N
1908,AL,,CLE,CLE,Cleveland Naps,2,157,90,64,569,459,N,N
1908,NAC,,CSH,CSW,Cuban Stars of Havana,4,10,3,7,91,107,,
1908,AL,,DET,DET,Detroit Tigers,1,154,90,63,647,547,N,Y
1908,WES,,LEL,LEL,Chicago Leland Giants,1,22,15,7,159,105,,
1908,NL,,NY1,SFG,New York Giants,2,157,98,56,651,455,N,N
1908,AL,,NYA,NYY,New York Highlanders,8,155,51,103,460,713,N,N
1908,NAC,,PG,PG,Philadelphia Giants,2,31,16,15,156,134,,
1908,AL,,PHA,OAK,Philadelphia Athletics,6,157,68,85,486,562,N,N
1908,NL,,PHI,PHI,Philadelphia Phillies,4,155,83,71,504,445,N,N
1908,NL,,PIT,PIT,Pittsburgh Pirates,2,155,98,56,585,468,N,N
1908,AL,,SLA,BAL,St. Louis Browns,4,155,83,69,544,483,N,N
1908,NL,,SLN,STL,St. Louis Cardinals,8,154,49,105,372,626,N,N
1908,AL,,WS1,MIN,Washington Senators,7,155,67,85,479,539,N,N
1909,AL,,BOS,BOS,Boston Red Sox,3,152,88,63,601,549,N,N
1909,INT,,BRG,BR2,Brooklyn Royal Giants,1,12,9,3,30,22,,Y
1909,NL,,BRO,LAD,Brooklyn Superbas,6,155,55,98,444,627,N,N
1909,NL,,BSN,ATL,Boston Doves,8,155,45,108,435,683,N,N
1909,AL,,CHA,CHW,Chicago White Sox,4,159,78,74,492,464,N,N
1909,NL,,CHN,CHC,Chicago Cubs,2,155,104,49,635,390,N,N
1909,NL,,CIN,CIN,Cincinnati Reds,4,157,77,76,606,599,N,N
1909,AL,,CLE,CLE,Cleveland Naps,6,155,71,82,493,532,N,N
1909,INT,,CSH,CSW,Cuban Stars of Havana,2,13,8,5,159,157,,
1909,AL,,DET,DET,Detroit Tigers,1,158,98,54,666,493,N,Y
1909,WES,,KCG,KCG,Kansas City Giants,5,24,12,12,83,82,,
1909,WES,,LEL,LEL,Chicago Leland Giants,2,30,17,13,111,102,,
1909,NL,,NY1,SFG,New York Giants,3,158,92,61,624,547,N,N
1909,AL,,NYA,NYY,New York Highlanders,5,153,74,77,589,587,N,N
1909,INT,,PG,PG,Philadelphia Giants,3,18,6,12,95,83,,
1909,AL,,PHA,OAK,Philadelphia Athletics,2,153,95,58,605,411,N,N
1909,NL,,PHI,PHI,Philadelphia Phillies,5,154,74,79,517,519,N,N
1909,NL,,PIT,PIT,Pittsburgh Pirates,1,154,110,42,699,447,Y,Y
1909,AL,,SLA,BAL,St. Louis Browns,7,154,61,89,441,575,N,N
1909,NL,,SLN,STL,St. Louis Cardinals,7,154,54,98,583,731,N,N
1909,WES,,SPG,SPG,St. Paul Gophers,1,13,11,2,27,31,,
1909,AL,,WS1,MIN,Washington Senators,8,156,42,110,380,656,N,N
1910,AL,,BOS,BOS,Boston Red Sox,4,158,81,72,641,564,N,N
1910,EAS,,BRG,BR2,Brooklyn Royal Giants,1,13,9,4,90,73,,
1910,NL,,BRO,LAD,Brooklyn Superbas,6,156,64,90,497,623,N,N
1910,NL,,BSN,ATL,Boston Doves,8,157,53,100,495,701,N,N
1910,AL,,CHA,CHW,Chicago White Sox,6,156,68,85,457,479,N,N
1910,NL,,CHN,CHC,Chicago Cubs,1,154,104,50,712,499,N,Y
1910,NL,,CIN,CIN,Cincinnati Reds,5,156,75,79,620,684,N,N
1910,AL,,CLE,CLE,Cleveland Naps,5,161,71,81,548,657,N,N
1910,WES,,COG,COG,Chicago Giants,3,24,15,8,76,60,,
1910,EAS,,CSH,CSW,Cuban Stars of Havana,2,31,18,13,148,96,,
1910,AL,,DET,DET,Detroit Tigers,3,155,86,68,679,584,N,N
1910,WES,,KCG,KCG,Kansas City Giants,5,16,7,8,1,8,,
1910,WES,,KRG,KRG,Kansas City Royal Giants,2,6,4,2,9,3,,
1910,WES,,LEL,LEL,Chicago Leland Giants,1,25,22,2,138,72,,
1910,NL,,NY1,SFG,New York Giants,2,155,91,63,715,567,N,N
1910,AL,,NYA,NYY,New York Highlanders,2,156,88,63,626,557,N,N
1910,WES,,OKM,OKM,Oklahoma Monarchs,9,11,3,8,11,29,,
1910,EAS,,PG,PG,Philadelphia Giants,3,21,7,14,86,140,,
1910,AL,,PHA,OAK,Philadelphia Athletics,1,155,102,48,674,442,Y,Y
1910,NL,,PHI,PHI,Philadelphia Phillies,4,157,78,75,674,639,N,N
1910,NL,,PIT,PIT,Pittsburgh Pirates,3,154,86,67,655,576,N,N
1910,WES,,SC1,SC1,Stars of Cuba,8,30,10,18,89,102,,
1910,AL,,SLA,BAL,St. Louis Browns,8,158,47,107,451,743,N,N
1910,NL,,SLN,STL,St. Louis Cardinals,7,153,63,90,639,718,N,N
1910,WES,,WBS,WBS,West Baden Sprudels,10,11,0,10,9,41,,
1910,AL,,WS1,MIN,Washington Senators,7,157,66,85,501,551,N,N
1911,WES,,AC2,AC2,All Cubans,9,28,8,20,53,95,,
1911,AL,,BOS,BOS,Boston Red Sox,4,153,78,75,680,643,N,N
1911,EAS,,BRG,BR2,Brooklyn Royal Giants,3,23,12,10,101,82,,
1911,NL,,BRO,LAD,Brooklyn Dodgers,7,154,64,86,539,659,N,N
1911,NL,,BSN,ATL,Boston Rustlers,8,156,44,107,699,1021,N,N
1911,WES,,CAG,CAG,Chicago American Giants,3,42,28,12,188,125,,
1911,AL,,CHA,CHW,Chicago White Sox,5,154,77,74,719,624,N,N
1911,NL,,CHN,CHC,Chicago Cubs,2,157,92,62,757,607,N,N
1911,NL,,CIN,CIN,Cincinnati Reds,6,159,70,83,682,706,N,N
1911,AL,,CLE,CLE,Cleveland Naps,3,156,80,73,691,712,N,N
1911,WES,,COG,COG,Chicago Giants,5,24,11,12,108,85,,
1911,EAS,,CSH,CSW,Cuban Stars of Havana,1,30,18,11,98,64,,
1911,AL,,DET,DET,Detroit Tigers,2,154,89,65,831,776,N,N
1911,WES,,KRG,KRG,Kansas City Royal Giants,11,12,3,9,34,52,,
1911,EAS,,NLG,NLG,New York Lincoln Giants,2,16,9,6,97,89,,
1911,NL,,NY1,SFG,New York Giants,1,154,99,54,756,542,N,Y
1911,AL,,NYA,NYY,New York Highlanders,6,153,76,76,684,724,N,N
1911,EAS,,PG,PG,Philadelphia Giants,4,22,6,16,59,116,,
1911,AL,,PHA,OAK,Philadelphia Athletics,1,152,101,50,861,601,Y,Y
1911,NL,,PHI,PHI,Philadelphia Phillies,4,153,79,73,658,669,N,N
1911,NL,,PIT,PIT,Pittsburgh Pirates,3,155,85,69,744,557,N,N
1911,AL,,SLA,BAL,St. Louis Browns,8,152,45,107,567,812,N,N
1911,WES,,SLG,SLS,St. Louis Giants,4,43,26,17,100,88,,
1911,NL,,SLN,STL,St. Louis Cardinals,5,158,75,74,671,745,N,N
1911,WES,,WBS,WBS,West Baden Sprudels,5,23,11,12,18,12,,
1911,AL,,WS1,MIN,Washington Senators,7,154,64,90,625,766,N,N
1912,AL,,BOS,BOS,Boston Red Sox,1,154,105,47,799,544,Y,Y
1912,EAS,,BRG,BR2,Brooklyn Royal Giants,3,25,10,15,78,106,,
1912,NL,,BRO,LAD,Brooklyn Dodgers,7,153,58,95,651,754,N,N
1912,NL,,BSN,ATL,Boston Braves,8,155,52,101,693,861,N,N
1912,WES,,CAG,CAG,Chicago American Giants,1,53,33,19,256,188,,
1912,AL,,CHA,CHW,Chicago White Sox,4,158,78,76,639,648,N,N
1912,NL,,CHN,CHC,Chicago Cubs,3,152,91,59,756,668,N,N
1912,NL,,CIN,CIN,Cincinnati Reds,4,155,75,78,656,722,N,N
1912,AL,,CLE,CLE,Cleveland Naps,5,155,75,78,677,681,N,N
1912,WES,,CSH,CSW,Cuban Stars of Havana,3,23,12,9,81,64,,
1912,AL,,DET,DET,Detroit Tigers,6,154,69,84,720,777,N,N
1912,WES,,KRG,KRG,Kansas City Royal Giants,2,5,3,2,44,37,,
1912,EAS,,NLG,NLG,New York Lincoln Giants,1,25,16,8,107,64,,
1912,NL,,NY1,SFG,New York Giants,1,154,103,48,823,571,N,Y
1912,AL,,NYA,NYY,New York Highlanders,8,153,50,102,630,842,N,N
1912,AL,,PHA,OAK,Philadelphia Athletics,3,153,90,62,779,658,N,N
1912,NL,,PHI,PHI,Philadelphia Phillies,5,152,73,79,670,688,N,N
1912,NL,,PIT,PIT,Pittsburgh Pirates,2,152,93,58,751,565,N,N
1912,AL,,SLA,BAL,St. Louis Browns,7,157,53,101,552,764,N,N
1912,WES,,SLG,SLS,St. Louis Giants,5,39,18,21,146,178,,
1912,NL,,SLN,STL,St. Louis Cardinals,6,153,63,90,659,830,N,N
1912,WES,,WBS,WBS,West Baden Sprudels,6,27,11,16,17,37,,
1912,AL,,WS1,MIN,Washington Senators,2,154,91,61,699,581,N,N
1913,AL,,BOS,BOS,Boston Red Sox,4,151,79,71,631,610,N,N
1913,EAS,,BRG,BR2,Brooklyn Royal Giants,2,24,13,11,75,84,,
1913,NL,,BRO,LAD,Brooklyn Superbas,6,152,65,84,595,613,N,N
1913,NL,,BSN,ATL,Boston Braves,5,154,69,82,641,690,N,N
1913,WES,,CAG,CAG,Chicago American Giants,3,63,37,25,243,227,,
1913,AL,,CHA,CHW,Chicago White Sox,5,153,78,74,488,498,N,N
1913,NL,,CHN,CHC,Chicago Cubs,3,155,88,65,720,630,N,N
1913,NL,,CIN,CIN,Cincinnati Reds,7,156,64,89,607,717,N,N
1913,AL,,CLE,CLE,Cleveland Naps,3,155,86,66,633,536,N,N
1913,WES,,COG,COG,Chicago Giants,1,7,5,2,24,15,,
1913,WES,,CSH,CSW,Cuban Stars of Havana,4,30,16,14,132,119,,
1913,AL,,DET,DET,Detroit Tigers,6,153,66,87,624,716,N,N
1913,WES,,FLP,FLP,French Lick Plutos,6,30,12,16,41,36,,
1913,EAS,,MOH,MOH,Schenectady Mohawk Giants,3,16,8,8,75,59,,
1913,EAS,,NLG,NLG,New York Lincoln Giants,1,23,16,6,91,58,,
1913,NL,,NY1,SFG,New York Giants,1,156,101,51,684,515,N,Y
1913,AL,,NYA,NYY,New York Yankees,7,153,57,94,529,668,N,N
1913,AL,,PHA,OAK,Philadelphia Athletics,1,153,96,57,794,592,Y,Y
1913,NL,,PHI,PHI,Philadelphia Phillies,2,159,88,63,693,636,N,N
1913,NL,,PIT,PIT,Pittsburgh Pirates,4,155,78,71,673,585,N,N
1913,AL,,SLA,BAL,St. Louis Browns,8,155,57,96,528,642,N,N
1913,NL,,SLN,STL,St. Louis Cardinals,8,153,51,99,528,755,N,N
1913,WES,,WBS,WBS,West Baden Sprudels,5,43,21,20,58,48,,
1913,AL,,WS1,MIN,Washington Senators,2,155,90,64,596,561,N,N
1914,WES,,ABC,ABC,Indianapolis ABCs,2,70,40,29,341,331,,
1914,FL,,BLF,BLT,Baltimore Terrapins,3,160,84,70,645,628,,N
1914,AL,,BOS,BOS,Boston Red Sox,2,159,91,62,589,510,N,N
1914,FL,,BRF,BTT,Brooklyn Tip-Tops,5,157,77,77,662,677,,N
1914,EAS,,BRG,BR2,Brooklyn Royal Giants,3,33,14,19,153,153,,
1914,NL,,BRO,LAD,Brooklyn Robins,5,154,75,79,622,618,N,N
1914,NL,,BSN,ATL,Boston Braves,1,158,94,59,657,548,Y,Y
1914,FL,,BUF,BFL,Buffalo Buffeds,4,155,80,71,620,602,,N
1914,WES,,CAG,CAG,Chicago American Giants,1,57,43,14,274,152,,
1914,AL,,CHA,CHW,Chicago White Sox,6,157,70,84,487,560,N,N
1914,FL,,CHF,CHH,Chicago Chi-Feds,2,157,87,67,621,517,,N
1914,NL,,CHN,CHC,Chicago Cubs,4,156,78,76,605,638,N,N
1914,NL,,CIN,CIN,Cincinnati Reds,8,157,60,94,530,651,N,N
1914,AL,,CLE,CLE,Cleveland Naps,8,157,51,102,538,709,N,N
1914,WES,,CSH,CSW,Cuban Stars of Havana,3,44,23,20,163,132,,
1914,AL,,DET,DET,Detroit Tigers,4,157,80,73,615,618,N,N
1914,FL,,IND,NEW,Indianapolis Hoosiers,1,157,88,65,762,622,,Y
1914,FL,,KCF,KCP,Kansas City Packers,6,154,67,84,644,683,,N
1914,EAS,,NLG,NLG,New York Lincoln Giants,2,32,17,14,166,180,,
1914,EAS,,NLS,NLS,New York Lincoln Stars,1,7,7,0,36,17,,
1914,NL,,NY1,SFG,New York Giants,2,156,84,70,672,576,N,N
1914,AL,,NYA,NYY,New York Yankees,6,157,70,84,537,550,N,N
1914,AL,,PHA,OAK,Philadelphia Athletics,1,158,99,53,749,529,N,Y
1914,NL,,PHI,PHI,Philadelphia Phillies,6,154,74,80,651,687,N,N
1914,NL,,PIT,PIT,Pittsburgh Pirates,7,158,69,85,503,540,N,N
1914,FL,,PTF,PBS,Pittsburgh Rebels,7,154,64,86,605,698,,N
1914,AL,,SLA,BAL,St. Louis Browns,5,159,71,82,523,615,N,N
1914,FL,,SLF,SLI,St. Louis Terriers,8,154,62,89,565,697,,N
1914,NL,,SLN,STL,St. Louis Cardinals,3,157,81,72,558,540,N,N
1914,AL,,WS1,MIN,Washington Senators,3,158,81,73,572,519,N,N
1915,WES,,ABC,ABC,Indianapolis ABCs,1,63,37,25,276,219,,
1915,FL,,BLF,BLT,Baltimore Terrapins,8,154,47,107,550,760,,N
1915,AL,,BOS,BOS,Boston Red Sox,1,155,101,50,669,499,Y,Y
1915,FL,,BRF,BTT,Brooklyn Tip-Tops,7,153,70,82,647,673,,N
1915,NL,,BRO,LAD,Brooklyn Robins,3,154,80,72,536,560,N,N
1915,NL,,BSN,ATL,Boston Braves,2,157,83,69,582,545,N,N
1915,FL,,BUF,BFL,Buffalo Blues,6,153,74,78,574,634,,N
1915,WES,,CAG,CAG,Chicago American Giants,3,57,29,25,239,232,,
1915,AL,,CHA,CHW,Chicago White Sox,3,155,93,61,717,509,N,N
1915,FL,,CHF,CHH,Chicago Whales,2,155,86,66,640,538,,Y
1915,NL,,CHN,CHC,Chicago Cubs,4,156,73,80,570,620,N,N
1915,NL,,CIN,CIN,Cincinnati Reds,7,160,71,83,516,585,N,N
1915,AL,,CLE,CLE,Cleveland Indians,7,154,57,95,539,670,N,N
1915,WES,,CSH,CSW,Cuban Stars of Havana,5,55,24,29,208,247,,
1915,AL,,DET,DET,Detroit Tigers,2,156,100,54,778,597,N,N
1915,FL,,KCF,KCP,Kansas City Packers,4,153,81,72,547,551,,N
1915,FL,,NEW,NEW,Newark Pepper,5,155,80,72,585,562,,N
1915,EAS,,NLG,NLG,New York Lincoln Giants,1,24,17,6,165,92,,
1915,EAS,,NLS,NLS,New York Lincoln Stars,2,41,24,15,207,131,,
1915,NL,,NY1,SFG,New York Giants,8,155,69,83,582,628,N,N
1915,AL,,NYA,NYY,New York Yankees,5,154,69,83,584,588,N,N
1915,AL,,PHA,OAK,Philadelphia Athletics,8,154,43,109,545,888,N,N
1915,NL,,PHI,PHI,Philadelphia Phillies,1,153,90,62,589,463,N,Y
1915,NL,,PIT,PIT,Pittsburgh Pirates,5,156,73,81,557,520,N,N
1915,FL,,PTF,PBS,Pittsburgh Rebels,3,156,86,67,592,524,,N
1915,AL,,SLA,BAL,St. Louis Browns,6,159,63,91,521,680,N,N
1915,FL,,SLF,SLI,St. Louis Terriers,1,159,87,67,634,527,,N
1915,WES,,SLG,SLS,St. Louis Giants,4,19,9,9,102,89,,
1915,NL,,SLN,STL,St. Louis Cardinals,6,157,72,81,590,601,N,N
1915,AL,,WS1,MIN,Washington Senators,4,155,85,68,569,491,N,N
1916,WES,,ABC,ABC,Indianapolis ABCs,2,44,23,18,208,171,,
1916,AL,,BOS,BOS,Boston Red Sox,1,156,91,63,550,480,Y,Y
1916,EAS,,BRG,BR2,Brooklyn Royal Giants,3,26,16,10,139,109,,
1916,NL,,BRO,LAD,Brooklyn Robins,1,156,94,60,585,471,N,Y
1916,NL,,BSN,ATL,Boston Braves,3,158,89,63,542,453,N,N
1916,WES,,CAG,CAG,Chicago American Giants,1,69,40,26,270,205,,
1916,AL,,CHA,CHW,Chicago White Sox,2,155,89,65,601,497,N,N
1916,NL,,CHN,CHC,Chicago Cubs,5,156,67,86,520,541,N,N
1916,NL,,CIN,CIN,Cincinnati Reds,7,155,60,93,505,617,N,N
1916,AL,,CLE,CLE,Cleveland Indians,6,157,77,77,630,602,N,N
1916,EAS,,CSE,CSE,Cuban Stars East,5,12,2,10,53,75,,
1916,WES,,CSW,CSW,Cuban Stars West,3,71,35,34,234,222,,
1916,AL,,DET,DET,Detroit Tigers,3,155,87,67,670,595,N,N
1916,EAS,,NLG,NLG,New York Lincoln Giants,1,22,14,8,109,93,,
1916,EAS,,NLS,NLS,New York Lincoln Stars,4,29,8,21,149,186,,
1916,NL,,NY1,SFG,New York Giants,4,155,86,66,597,504,N,N
1916,AL,,NYA,NYY,New York Yankees,4,156,80,74,577,561,N,N
1916,AL,,PHA,OAK,Philadelphia Athletics,8,154,36,117,447,776,N,N
1916,NL,,PHI,PHI,Philadelphia Phillies,2,154,91,62,581,489,N,N
1916,NL,,PIT,PIT,Pittsburgh Pirates,6,157,65,89,484,586,N,N
1916,AL,,SLA,BAL,St. Louis Browns,5,158,79,75,588,545,N,N
1916,WES,,SLG,SLS,St. Louis Giants,5,44,18,24,147,197,,
1916,NL,,SLN,STL,St. Louis Cardinals,7,153,60,93,476,629,N,N
1916,AL,,WS1,MIN,Washington Senators,7,159,76,77,536,543,N,N
1917,WES,,ABC,ABC,Indianapolis ABCs,3,63,26,33,222,221,,
1917,AL,,BOS,BOS,Boston Red Sox,2,157,90,62,555,454,N,N
1917,EAS,,BRG,BR2,Brooklyn Royal Giants,4,29,13,15,135,132,,
1917,NL,,BRO,LAD,Brooklyn Robins,7,156,70,81,511,559,N,N
1917,NL,,BSN,ATL,Boston Braves,6,157,72,81,536,552,N,N
1917,WES,,CAG,CAG,Chicago American Giants,1,65,49,14,218,130,,
1917,AL,,CHA,CHW,Chicago White Sox,1,156,100,54,656,464,Y,Y
1917,NL,,CHN,CHC,Chicago Cubs,5,157,74,80,552,567,N,N
1917,NL,,CIN,CIN,Cincinnati Reds,4,157,78,76,601,611,N,N
1917,AL,,CLE,CLE,Cleveland Indians,3,156,88,66,584,543,N,N
1917,EAS,,CSE,CSE,Cuban Stars East,2,27,13,14,126,120,,
1917,WES,,CSW,CSW,Cuban Stars West,4,48,19,29,141,137,,
1917,AL,,DET,DET,Detroit Tigers,4,154,78,75,639,577,N,N
1917,EAS,,NLG,NLG,New York Lincoln Giants,1,34,22,11,199,150,,
1917,NL,,NY1,SFG,New York Giants,1,158,98,56,635,457,N,Y
1917,AL,,NYA,NYY,New York Yankees,6,155,71,82,524,558,N,N
1917,AL,,PHA,OAK,Philadelphia Athletics,8,154,55,98,529,691,N,N
1917,NL,,PHI,PHI,Philadelphia Phillies,2,154,87,65,578,500,N,N
1917,NL,,PIT,PIT,Pittsburgh Pirates,8,157,51,103,464,595,N,N
1917,AL,,SLA,BAL,St. Louis Browns,7,155,57,97,510,687,N,N
1917,NL,,SLN,STL,St. Louis Cardinals,3,154,82,70,531,567,N,N
1917,AL,,WS1,MIN,Washington Senators,5,157,74,79,543,566,N,N
1918,WES,,ABC,ABC,Indianapolis ABCs,2,46,25,18,248,179,,
1918,EAS,,AC,BG1,Atlantic City Bacharach Giants,6,21,8,12,80,108,,
1918,AL,,BOS,BOS,Boston Red Sox,1,126,75,51,474,380,Y,Y
1918,EAS,,BRG,BR2,Brooklyn Royal Giants,4,25,12,13,105,92,,
1918,NL,,BRO,LAD,Brooklyn Robins,5,126,57,69,360,463,N,N
1918,NL,,BSN,ATL,Boston Braves,7,124,53,71,424,469,N,N
1918,WES,,CAG,CAG,Chicago American Giants,1,30,20,8,130,105,,
1918,AL,,CHA,CHW,Chicago White Sox,6,124,57,67,457,446,N,N
1918,NL,,CHN,CHC,Chicago Cubs,1,131,84,45,538,393,N,Y
1918,NL,,CIN,CIN,Cincinnati Reds,3,129,68,60,530,496,N,N
1918,AL,,CLE,CLE,Cleveland Indians,2,129,73,54,504,447,N,N
1918,EAS,,CSE,CSE,Cuban Stars East,5,26,12,14,107,133,,
1918,WES,,CSW,CSW,Cuban Stars West,3,42,17,23,150,183,,
1918,AL,,DET,DET,Detroit Tigers,7,128,55,71,476,557,N,N
1918,EAS,,HIL,HIL,Hilldale Club,2,12,8,4,86,71,,
1918,EAS,,NLG,NLG,New York Lincoln Giants,3,28,16,12,115,103,,
1918,NL,,NY1,SFG,New York Giants,2,124,71,53,480,415,N,N
1918,AL,,NYA,NYY,New York Yankees,4,126,60,63,493,475,N,N
1918,AL,,PHA,OAK,Philadelphia Athletics,8,130,52,76,412,538,N,N
1918,NL,,PHI,PHI,Philadelphia Phillies,6,125,55,68,430,507,N,N
1918,NL,,PIT,PIT,Pittsburgh Pirates,4,126,65,60,466,412,N,N
1918,AL,,SLA,BAL,St. Louis Browns,5,123,58,64,426,448,N,N
1918,NL,,SLN,STL,St. Louis Cardinals,8,131,51,78,454,527,N,N
1918,AL,,WS1,MIN,Washington Senators,3,130,72,56,461,412,N,N
1919,EAS,,AC,BG1,Atlantic City Bacharach Giants,1,22,14,8,98,73,,
1919,AL,,BOS,BOS,Boston Red Sox,6,138,66,71,564,552,N,N
1919,EAS,,BRG,BR2,Brooklyn Royal Giants,5,17,4,13,40,72,,
1919,NL,,BRO,LAD,Brooklyn Robins,5,141,69,71,525,513,N,N
1919,NL,,BSN,ATL,Boston Braves,6,140,57,82,465,563,N,N
1919,WES,,CAG,CAG,Chicago American Giants,2,43,27,16,224,170,,
1919,AL,,CHA,CHW,Chicago White Sox,1,140,88,52,667,534,N,Y
1919,NL,,CHN,CHC,Chicago Cubs,3,140,75,65,454,407,N,N
1919,NL,,CIN,CIN,Cincinnati Reds,1,140,96,44,577,401,Y,Y
1919,AL,,CLE,CLE,Cleveland Indians,2,139,84,55,636,537,N,N
1919,EAS,,CSE,CSE,Cuban Stars East,3,24,13,11,70,73,,
1919,WES,,CSW,CSW,Cuban Stars West,3,36,19,17,144,157,,
1919,AL,,DET,DET,Detroit Tigers,4,140,80,60,618,578,N,N
1919,WES,,DS,DS,Detroit Stars,1,41,27,14,221,161,,
1919,EAS,,HIL,HIL,Hilldale Club,4,21,10,11,70,92,,
1919,EAS,,NLG,NLG,New York Lincoln Giants,2,28,16,12,107,80,,
1919,NL,,NY1,SFG,New York Giants,2,140,87,53,605,470,N,N
1919,AL,,NYA,NYY,New York Yankees,3,141,80,59,578,506,N,N
1919,AL,,PHA,OAK,Philadelphia Athletics,8,140,36,104,457,742,N,N
1919,NL,,PHI,PHI,Philadelphia Phillies,8,138,47,90,510,699,N,N
1919,NL,,PIT,PIT,Pittsburgh Pirates,4,139,71,68,472,466,N,N
1919,AL,,SLA,BAL,St. Louis Browns,5,140,67,72,533,567,N,N
1919,NL,,SLN,STL,St. Louis Cardinals,7,138,54,83,463,552,N,N
1919,AL,,WS1,MIN,Washington Senators,7,142,56,84,533,570,N,N
1920,NNL,,ABC,ABC,Indianapolis ABCs,4,85,41,40,323,379,,
1920,EAS,,AC,BG1,Atlantic City Bacharach Giants,2,39,22,16,132,98,,
1920,AL,,BOS,BOS,Boston Red Sox,5,154,72,81,650,698,N,N
1920,EAS,,BRG,BR2,Brooklyn Royal Giants,1,22,13,7,63,67,,
1920,NL,,BRO,LAD,Brooklyn Robins,1,155,93,61,660,528,N,Y
1920,NL,,BSN,ATL,Boston Braves,7,153,62,90,523,670,N,N
1920,NNL,,CAG,CAG,Chicago American Giants,1,62,45,15,285,181,,Y
1920,AL,,CHA,CHW,Chicago White Sox,2,154,96,58,794,665,N,N
1920,NL,,CHN,CHC,Chicago Cubs,5,154,75,79,619,635,N,N
1920,NL,,CIN,CIN,Cincinnati Reds,3,154,82,71,639,569,N,N
1920,AL,,CLE,CLE,Cleveland Indians,1,154,98,56,857,642,Y,Y
1920,NNL,,COG,COG,Chicago Giants,8,36,5,31,110,198,,
1920,EAS,,CSE,CSE,Cuban Stars East,7,16,5,11,52,50,,
1920,NNL,,CSW,CSW,Cuban Stars West,5,69,35,34,234,223,,
1920,AL,,DET,DET,Detroit Tigers,7,155,61,93,652,833,N,N
1920,NNL,,DM,DYM,Dayton Marcos,7,54,17,37,134,177,,
1920,NNL,,DS,DS,Detroit Stars,2,63,38,25,262,219,,
1920,EAS,,HIL,HIL,Hilldale Club,3,20,9,9,62,53,,
1920,NNL,,KCM,KCM,Kansas City Monarchs,3,79,42,35,358,308,,
1920,EAS,,NLG,NLG,New York Lincoln Giants,5,12,4,8,22,32,,
1920,NL,,NY1,SFG,New York Giants,2,155,86,68,682,543,N,N
1920,AL,,NYA,NYY,New York Yankees,3,154,95,59,838,629,N,N
1920,AL,,PHA,OAK,Philadelphia Athletics,8,156,48,106,558,834,N,N
1920,NL,,PHI,PHI,Philadelphia Phillies,8,153,62,91,565,714,N,N
1920,NL,,PIT,PIT,Pittsburgh Pirates,4,155,79,75,530,552,N,N
1920,AL,,SLA,BAL,St. Louis Browns,4,154,76,77,797,766,N,N
1920,NNL,,SLG,SLS,St. Louis Giants,6,72,33,39,236,274,,
1920,NL,,SLN,STL,St. Louis Cardinals,5,155,75,79,675,682,N,N
1920,AL,,WS1,MIN,Washington Senators,6,153,68,84,723,802,N,N
1921,NNL,,ABC,ABC,Indianapolis ABCs,4,78,39,37,431,436,,
1921,EAS,,AC,BG1,Atlantic City Bacharach Giants,2,83,44,36,383,311,,
1921,AL,,BOS,BOS,Boston Red Sox,5,154,75,79,668,696,N,N
1921,EAS,,BRG,BR2,Brooklyn Royal Giants,6,13,5,8,50,53,,
1921,NL,,BRO,LAD,Brooklyn Robins,5,152,77,75,667,681,N,N
1921,NL,,BSN,ATL,Boston Braves,4,153,79,74,721,697,N,N
1921,NNL,,CAG,CAG,Chicago American Giants,1,68,44,22,353,290,,Y
1921,AL,,CHA,CHW,Chicago White Sox,7,154,62,92,683,858,N,N
1921,NL,,CHN,CHC,Chicago Cubs,7,153,64,89,668,773,N,N
1921,NL,,CIN,CIN,Cincinnati Reds,6,153,70,83,618,649,N,N
1921,AL,,CLE,CLE,Cleveland Indians,2,154,94,60,925,712,N,N
1921,NNL,,COB,COB,Columbus Buckeyes,6,71,31,39,408,444,,
1921,NNL,,COG,COG,Chicago Giants,8,47,10,35,241,316,,
1921,NNL,,CS,CSW,Cincinnati Cuban Stars,7,70,29,40,318,340,,
1921,EAS,,CSE,CSE,Cuban Stars East,4,19,10,9,61,37,,
1921,AL,,DET,DET,Detroit Tigers,6,154,71,82,883,852,N,N
1921,NNL,,DS,DS,Detroit Stars,5,65,31,33,267,324,,
1921,EAS,,HIL,HIL,Hilldale Club,1,46,27,18,270,197,,
1921,NNL,,KCM,KCM,Kansas City Monarchs,3,94,53,41,522,456,,
1921,EAS,,NLG,NLG,New York Lincoln Giants,3,22,12,10,40,61,,
1921,NL,,NY1,SFG,New York Giants,1,153,94,59,840,637,Y,Y
1921,AL,,NYA,NYY,New York Yankees,1,153,98,55,948,708,N,Y
1921,AL,,PHA,OAK,Philadelphia Athletics,8,155,53,100,657,894,N,N
1921,NL,,PHI,PHI,Philadelphia Phillies,8,154,51,103,617,919,N,N
1921,NL,,PIT,PIT,Pittsburgh Pirates,2,154,90,63,692,595,N,N
1921,AL,,SLA,BAL,St. Louis Browns,3,154,81,73,835,845,N,N
1921,NNL,,SLG,SLS,St. Louis Giants,2,75,42,32,416,326,,
1921,NL,,SLN,STL,St. Louis Cardinals,3,154,87,66,809,681,N,N
1921,AL,,WS1,MIN,Washington Senators,4,154,80,73,704,738,N,N
1922,NNL,,ABC,ABC,Indianapolis ABCs,3,81,48,32,516,406,,
1922,IND,,BBS,BBS,Baltimore Black Sox,6,52,25,26,189,216,,
1922,AL,,BOS,BOS,Boston Red Sox,8,154,61,93,598,769,N,N
1922,IND,,BRG,BR2,Brooklyn Royal Giants,3,10,6,4,36,30,,
1922,NL,,BRO,LAD,Brooklyn Robins,6,155,76,78,743,754,N,N
1922,NL,,BSN,ATL,Boston Braves,8,154,53,100,596,822,N,N
1922,NNL,,CAG,CAG,Chicago American Giants,1,62,38,23,387,339,,Y
1922,AL,,CHA,CHW,Chicago White Sox,5,155,77,77,691,691,N,N
1922,NL,,CHN,CHC,Chicago Cubs,5,156,80,74,771,808,N,N
1922,NL,,CIN,CIN,Cincinnati Reds,2,156,86,68,766,677,N,N
1922,AL,,CLE,CLE,Cleveland Indians,4,155,78,76,768,817,N,N
1922,IND,,CSE,CSE,Cuban Stars East,4,21,10,9,80,84,,
1922,NNL,,CSW,CSW,Cuban Stars West,8,57,16,41,265,381,,
1922,NNL,,CTS,CTS,Cleveland Tate Stars,7,40,15,24,238,316,,
1922,AL,,DET,DET,Detroit Tigers,3,155,79,75,828,791,N,N
1922,NNL,,DS,DS,Detroit Stars,4,75,41,33,389,318,,
1922,IND,,HIL,HIL,Hilldale Club,8,48,20,27,198,212,,
1922,NNL,,KCM,KCM,Kansas City Monarchs,2,80,47,31,499,396,,
1922,IND,,NLG,NLG,New York Lincoln Giants,5,21,9,9,80,85,,
1922,NL,,NY1,SFG,New York Giants,1,156,93,61,852,658,Y,Y
1922,AL,,NYA,NYY,New York Yankees,1,154,94,60,758,618,N,Y
1922,IND,,NYB,BG1,New York Bacharach Giants,7,68,30,37,259,267,,
1922,AL,,PHA,OAK,Philadelphia Athletics,7,155,65,89,705,830,N,N
1922,NL,,PHI,PHI,Philadelphia Phillies,7,154,57,96,738,920,N,N
1922,NL,,PIT,PIT,Pittsburgh Pirates,3,155,85,69,865,736,N,N
1922,NNL,,PK,PBK,Pittsburgh Keystones,6,38,12,24,190,259,,
1922,AL,,SLA,BAL,St. Louis Browns,2,154,93,61,867,643,N,N
1922,NL,,SLN,STL,St. Louis Cardinals,3,154,85,69,863,819,N,N
1922,NNL,,SLS,SLS,St. Louis Stars,5,61,26,35,383,428,,
1922,AL,,WS1,MIN,Washington Senators,6,154,69,85,650,706,N,N
1923,NNL,,ABC,ABC,Indianapolis ABCs,3,78,46,32,488,438,,
1923,ECL,,ACB,BG2,Atlantic City Bacharach Giants,4,46,21,24,277,269,,
1923,IND,,BBB,BBB,Birmingham Black Barons,5,45,16,25,183,212,,
1923,ECL,,BBS,BBS,Baltimore Black Sox,6,51,19,31,285,409,,
1923,AL,,BOS,BOS,Boston Red Sox,8,154,61,91,584,809,N,N
1923,ECL,,BRG,BR2,Brooklyn Royal Giants,3,36,17,18,173,170,,
1923,NL,,BRO,LAD,Brooklyn Robins,6,155,76,78,753,741,N,N
1923,NL,,BSN,ATL,Boston Braves,7,155,54,100,636,798,N,N
1923,NNL,,CAG,CAG,Chicago American Giants,2,71,42,29,440,363,,
1923,AL,,CHA,CHW,Chicago White Sox,7,156,69,85,692,741,N,N
1923,NL,,CHN,CHC,Chicago Cubs,4,154,83,71,756,704,N,N
1923,NL,,CIN,CIN,Cincinnati Reds,2,154,91,63,708,629,N,N
1923,AL,,CLE,CLE,Cleveland Indians,3,153,82,71,888,746,N,N
1923,ECL,,CSE,CSE,Cuban Stars East,2,41,24,17,189,173,,
1923,NNL,,CSW,CSW,Cuban Stars West,5,57,24,33,341,329,,
1923,AL,,DET,DET,Detroit Tigers,2,155,83,71,831,741,N,N
1923,NNL,,DS,DS,Detroit Stars,4,67,39,28,436,420,,
1923,ECL,,HIL,HIL,Hilldale Club,1,55,34,20,374,265,,Y
1923,NNL,,KCM,KCM,Kansas City Monarchs,1,95,59,36,636,450,,Y
1923,NNL,,MB,MB,Milwaukee Bears,8,53,11,42,254,418,,
1923,IND,,MRS,MRS,Memphis Red Sox,1,22,15,7,81,66,,
1923,ECL,,NLG,NLG,New York Lincoln Giants,5,37,16,21,186,162,,
1923,NL,,NY1,SFG,New York Giants,1,153,95,58,854,679,N,Y
1923,AL,,NYA,NYY,New York Yankees,1,152,98,54,823,622,Y,Y
1923,AL,,PHA,OAK,Philadelphia Athletics,6,153,69,83,661,761,N,N
1923,NL,,PHI,PHI,Philadelphia Phillies,8,155,50,104,748,1008,N,N
1923,NL,,PIT,PIT,Pittsburgh Pirates,3,154,87,67,786,696,N,N
1923,AL,,SLA,BAL,St. Louis Browns,5,154,74,78,688,720,N,N
1923,NL,,SLN,STL,St. Louis Cardinals,5,154,79,74,746,732,N,N
1923,NNL,,SLS,SLS,St. Louis Stars,6,72,29,43,475,574,,
1923,NNL,,TT,TT,Toledo Tigers,7,27,10,17,152,195,,
1923,AL,,WS1,MIN,Washington Senators,4,155,75,78,720,747,N,N
1924,NNL,,ABC,ABC,Indianapolis ABCs,9,25,3,20,61,139,,
1924,ECL,,ACB,BG2,Atlantic City Bacharach Giants,4,68,35,32,390,360,,
1924,NNL,,BBB,BBB,Birmingham Black Barons,5,74,30,41,337,364,,
1924,ECL,,BBS,BBS,Baltimore Black Sox,2,60,37,23,336,299,,
1924,AL,,BOS,BOS,Boston Red Sox,7,157,67,87,737,806,N,N
1924,ECL,,BRG,BR2,Brooklyn Royal Giants,6,41,15,25,166,211,,
1924,NL,,BRO,LAD,Brooklyn Robins,2,154,92,62,717,675,N,N
1924,NL,,BSN,ATL,Boston Braves,8,154,53,100,520,800,N,N
1924,NNL,,CAG,CAG,Chicago American Giants,2,77,51,26,454,346,,
1924,NNL,,CBN,CBN,Cleveland Browns,8,47,15,32,153,242,,
1924,AL,,CHA,CHW,Chicago White Sox,8,154,66,87,793,858,N,N
1924,NL,,CHN,CHC,Chicago Cubs,5,154,81,72,698,699,N,N
1924,NL,,CIN,CIN,Cincinnati Reds,4,153,83,70,649,579,N,N
1924,AL,,CLE,CLE,Cleveland Indians,6,153,67,86,755,814,N,N
1924,ECL,,CSE,CSE,Cuban Stars East,8,49,16,32,243,288,,
1924,NNL,,CSW,CSW,Cuban Stars West,7,50,17,33,276,312,,
1924,AL,,DET,DET,Detroit Tigers,3,156,86,68,849,796,N,N
1924,NNL,,DS,DS,Detroit Stars,3,64,35,28,345,381,,
1924,ECL,,HBG,HBG,Harrisburg Giants,5,61,30,31,311,313,,
1924,ECL,,HIL,HIL,Hilldale Club,1,73,46,24,387,271,,Y
1924,NNL,,KCM,KCM,Kansas City Monarchs,1,79,57,22,530,319,Y,Y
1924,NNL,,MRS,MRS,Memphis Red Sox,6,44,17,25,231,282,,
1924,ECL,,NLG,NLG,New York Lincoln Giants,3,63,33,28,385,352,,
1924,NL,,NY1,SFG,New York Giants,1,154,93,60,857,641,N,Y
1924,AL,,NYA,NYY,New York Yankees,2,153,89,63,798,667,N,N
1924,AL,,PHA,OAK,Philadelphia Athletics,5,152,71,81,685,778,N,N
1924,NL,,PHI,PHI,Philadelphia Phillies,7,152,55,96,676,849,N,N
1924,NL,,PIT,PIT,Pittsburgh Pirates,3,153,90,63,724,588,N,N
1924,AL,,SLA,BAL,St. Louis Browns,4,153,74,78,769,809,N,N
1924,NL,,SLN,STL,St. Louis Cardinals,6,154,65,89,740,750,N,N
1924,NNL,,SLS,SLS,St. Louis Stars,4,82,42,40,396,412,,
1924,ECL,,WP,WP,Washington Potomacs,7,59,21,38,318,421,,
1924,AL,,WS1,MIN,Washington Senators,1,156,92,62,755,613,Y,Y
1925,NNL,,ABC,ABC,Indianapolis ABCs,8,70,17,53,261,445,,
1925,ECL,,ACB,BG2,Atlantic City Bacharach Giants,4,74,36,36,353,363,,
1925,NNL,,BBB,BBB,Birmingham Black Barons,7,90,27,61,376,510,,
1925,ECL,,BBS,BBS,Baltimore Black Sox,3,66,33,31,332,322,,
1925,AL,,BOS,BOS,Boston Red Sox,8,152,47,105,639,922,N,N
1925,ECL,,BRG,BR2,Brooklyn Royal Giants,5,35,14,20,182,171,,
1925,NL,,BRO,LAD,Brooklyn Robins,6,153,68,85,786,866,N,N
1925,NL,,BSN,ATL,Boston Braves,5,153,70,83,708,802,N,N
1925,NNL,,CAG,CAG,Chicago American Giants,4,94,52,40,389,352,,
1925,AL,,CHA,CHW,Chicago White Sox,5,154,79,75,811,770,N,N
1925,NL,,CHN,CHC,Chicago Cubs,8,154,68,86,723,773,N,N
1925,NL,,CIN,CIN,Cincinnati Reds,3,153,80,73,690,643,N,N
1925,AL,,CLE,CLE,Cleveland Indians,6,155,70,84,782,817,N,N
1925,ECL,,CSE,CSE,Cuban Stars East,6,43,16,26,226,248,,
1925,NNL,,CSW,CSW,Cuban Stars West,6,51,20,31,244,286,,
1925,AL,,DET,DET,Detroit Tigers,4,156,81,73,903,829,N,N
1925,NNL,,DS,DS,Detroit Stars,3,94,55,39,623,555,,
1925,ECL,,HBG,HBG,Harrisburg Giants,2,73,48,24,494,382,,
1925,ECL,,HIL,HIL,Hilldale Club,1,72,53,18,462,316,Y,Y
1925,NNL,,KCM,KCM,Kansas City Monarchs,1,85,60,23,447,286,,Y
1925,NNL,,MRS,MRS,Memphis Red Sox,5,88,34,53,331,408,,
1925,ECL,,NLG,NLG,New York Lincoln Giants,8,50,7,41,223,433,,
1925,NL,,NY1,SFG,New York Giants,2,152,86,66,736,702,N,N
1925,AL,,NYA,NYY,New York Yankees,7,156,69,85,706,774,N,N
1925,AL,,PHA,OAK,Philadelphia Athletics,2,153,88,64,831,713,N,N
1925,NL,,PHI,PHI,Philadelphia Phillies,6,153,68,85,812,930,N,N
1925,NL,,PIT,PIT,Pittsburgh Pirates,1,153,95,58,912,715,Y,Y
1925,AL,,SLA,BAL,St. Louis Browns,3,154,82,71,900,906,N,N
1925,NL,,SLN,STL,St. Louis Cardinals,4,153,77,76,828,764,N,N
1925,NNL,,SLS,SLS,St. Louis Stars,2,97,65,30,617,456,,
1925,ECL,,WMP,WP,Wilmington Potomacs,7,33,10,21,168,203,,
1925,AL,,WS1,MIN,Washington Senators,1,152,96,55,829,670,N,Y
1926,NNL,,ABC,ABC,Indianapolis ABCs,5,86,38,47,473,410,,
1926,ECL,,ACB,BG2,Atlantic City Bacharach Giants,2,72,43,28,281,243,,Y
1926,ECL,,BBS,BBS,Baltimore Black Sox,6,62,22,38,262,357,,
1926,AL,,BOS,BOS,Boston Red Sox,8,154,46,107,562,835,N,N
1926,ECL,,BRG,BR2,Brooklyn Royal Giants,7,35,11,24,113,128,,
1926,NL,,BRO,LAD,Brooklyn Robins,6,155,71,82,623,705,N,N
1926,NL,,BSN,ATL,Boston Braves,7,153,66,86,624,719,N,N
1926,NNL,,CAG,CAG,Chicago American Giants,2,82,56,24,401,278,Y,Y
1926,NNL,,CEL,CEL,Cleveland Elites,7,49,8,40,182,381,,
1926,AL,,CHA,CHW,Chicago White Sox,5,155,81,72,730,665,N,N
1926,NL,,CHN,CHC,Chicago Cubs,4,155,82,72,682,602,N,N
1926,NL,,CIN,CIN,Cincinnati Reds,2,157,87,67,747,651,N,N
1926,AL,,CLE,CLE,Cleveland Indians,2,154,88,66,738,612,N,N
1926,ECL,,CSE,CSE,Cuban Stars East,3,51,29,22,222,185,,
1926,NNL,,CSW,CSW,Cuban Stars West,6,68,19,49,263,403,,
1926,AL,,DET,DET,Detroit Tigers,6,157,79,75,793,830,N,N
1926,NNL,,DM,DYM,Dayton Marcos,8,42,6,36,100,260,,
1926,NNL,,DS,DS,Detroit Stars,4,98,52,45,560,536,,
1926,ECL,,HBG,HBG,Harrisburg Giants,4,49,27,22,291,275,,
1926,ECL,,HIL,HIL,Hilldale Club,1,86,52,32,498,388,,
1926,NNL,,KCM,KCM,Kansas City Monarchs,1,78,57,21,442,293,,
1926,ECL,,NLG,NLG,New York Lincoln Giants,5,52,21,30,247,303,,
1926,ECL,,NS,NS,Newark Stars,8,11,1,10,38,74,,
1926,NL,,NY1,SFG,New York Giants,5,151,74,77,663,668,N,N
1926,AL,,NYA,NYY,New York Yankees,1,155,91,63,847,713,N,Y
1926,AL,,PHA,OAK,Philadelphia Athletics,3,150,83,67,677,570,N,N
1926,NL,,PHI,PHI,Philadelphia Phillies,8,152,58,93,687,900,N,N
1926,NL,,PIT,PIT,Pittsburgh Pirates,3,157,84,69,769,689,N,N
1926,AL,,SLA,BAL,St. Louis Browns,7,155,62,92,682,845,N,N
1926,NL,,SLN,STL,St. Louis Cardinals,1,156,89,65,817,678,Y,Y
1926,NNL,,SLS,SLS,St. Louis Stars,3,85,55,29,711,583,,
1926,AL,,WS1,MIN,Washington Senators,4,152,81,69,802,761,N,N
1927,ECL,,ACB,BG2,Atlantic City Bacharach Giants,1,88,53,35,552,432,,Y
1927,NNL,,BBB,BBB,Birmingham Black Barons,4,98,52,43,475,439,,
1927,ECL,,BBS,BBS,Baltimore Black Sox,4,70,33,35,357,334,,
1927,AL,,BOS,BOS,Boston Red Sox,8,154,51,103,597,856,N,N
1927,ECL,,BRG,BR2,Brooklyn Royal Giants,7,34,11,23,177,232,,
1927,NL,,BRO,LAD,Brooklyn Robins,6,154,65,88,541,619,N,N
1927,NL,,BSN,ATL,Boston Braves,7,155,60,94,651,771,N,N
1927,NNL,,CAG,CAG,Chicago American Giants,1,94,62,31,407,313,Y,Y
1927,AL,,CHA,CHW,Chicago White Sox,5,153,70,83,662,708,N,N
1927,NL,,CHN,CHC,Chicago Cubs,4,153,85,68,750,661,N,N
1927,NNL,,CHT,CHT,Cleveland Hornets,8,49,12,37,170,311,,
1927,NL,,CIN,CIN,Cincinnati Reds,5,153,75,78,643,653,N,N
1927,AL,,CLE,CLE,Cleveland Indians,6,153,66,87,668,766,N,N
1927,ECL,,CSE,CSE,Cuban Stars East,3,60,30,28,275,305,,
1927,NNL,,CSW,CSW,Cuban Stars West,6,70,22,47,227,336,,
1927,AL,,DET,DET,Detroit Tigers,4,156,82,71,845,805,N,N
1927,NNL,,DS,DS,Detroit Stars,5,95,51,44,501,467,,
1927,ECL,,HBG,HBG,Harrisburg Giants,2,67,37,30,390,347,,
1927,ECL,,HIL,HIL,Hilldale Club,5,82,37,45,397,471,,
1927,NNL,,KCM,KCM,Kansas City Monarchs,2,88,55,33,460,327,,
1927,NNL,,MRS,MRS,Memphis Red Sox,7,95,25,67,264,488,,
1927,ECL,,NLG,NLG,New York Lincoln Giants,6,25,10,15,160,222,,
1927,NL,,NY1,SFG,New York Giants,3,155,92,62,817,720,N,N
1927,AL,,NYA,NYY,New York Yankees,1,155,110,44,975,599,Y,Y
1927,AL,,PHA,OAK,Philadelphia Athletics,2,155,91,63,841,726,N,N
1927,NL,,PHI,PHI,Philadelphia Phillies,8,155,51,103,678,903,N,N
1927,NL,,PIT,PIT,Pittsburgh Pirates,1,156,94,60,817,659,N,Y
1927,AL,,SLA,BAL,St. Louis Browns,7,155,59,94,724,904,N,N
1927,NL,,SLN,STL,St. Louis Cardinals,2,153,92,61,754,665,N,N
1927,NNL,,SLS,SLS,St. Louis Stars,3,95,59,36,620,508,,
1927,AL,,WS1,MIN,Washington Senators,3,157,85,69,782,730,N,N
1928,ECL,,ACB,BG2,Atlantic City Bacharach Giants,5,7,2,5,321,304,,
1928,NNL,,BBB,BBB,Birmingham Black Barons,5,99,45,54,344,430,,
1928,ECL,,BBS,BBS,Baltimore Black Sox,1,7,5,2,338,335,,
1928,AL,,BOS,BOS,Boston Red Sox,8,154,57,96,589,770,N,N
1928,NL,,BRO,LAD,Brooklyn Robins,6,155,77,76,665,640,N,N
1928,NL,,BSN,ATL,Boston Braves,7,153,50,103,631,878,N,N
1928,NNL,,CAG,CAG,Chicago American Giants,3,94,56,37,362,276,,
1928,AL,,CHA,CHW,Chicago White Sox,5,155,72,82,656,725,N,N
1928,NL,,CHN,CHC,Chicago Cubs,3,154,91,63,714,615,N,N
1928,NL,,CIN,CIN,Cincinnati Reds,5,153,78,74,648,686,N,N
1928,AL,,CLE,CLE,Cleveland Indians,7,155,62,92,674,830,N,N
1928,ECL,,CSE,CSE,Cuban Stars East,4,6,2,4,166,188,,
1928,NNL,,CSW,CSW,Cuban Stars West,8,54,13,41,169,279,,
1928,NNL,,CTG,CTG,Cleveland Tigers,7,79,20,59,278,418,,
1928,AL,,DET,DET,Detroit Tigers,6,154,68,86,744,804,N,N
1928,NNL,,DS,DS,Detroit Stars,4,89,53,36,487,445,,
1928,EAS,,HG,HG,Homestead Grays,2,20,11,9,117,104,,
1928,EAS,,HIL,HIL,Hilldale Club,1,64,35,28,303,294,,
1928,NNL,,KCM,KCM,Kansas City Monarchs,2,80,50,29,385,294,,
1928,NNL,,MRS,MRS,Memphis Red Sox,6,84,33,51,346,381,,
1928,ECL,,NLG,NLG,New York Lincoln Giants,2,7,5,2,231,212,,
1928,NL,,NY1,SFG,New York Giants,2,155,93,61,807,653,N,N
1928,AL,,NYA,NYY,New York Yankees,1,154,101,53,894,685,Y,Y
1928,AL,,PHA,OAK,Philadelphia Athletics,2,153,98,55,829,615,N,N
1928,NL,,PHI,PHI,Philadelphia Phillies,8,152,43,109,660,957,N,N
1928,NL,,PIT,PIT,Pittsburgh Pirates,4,152,85,67,837,704,N,N
1928,ECL,,PTG,PTG,Philadelphia Tigers,3,5,2,3,34,77,,
1928,AL,,SLA,BAL,St. Louis Browns,3,154,82,72,772,742,N,N
1928,NL,,SLN,STL,St. Louis Cardinals,1,154,95,59,807,636,N,Y
1928,NNL,,SLS,SLS,St. Louis Stars,1,89,63,26,547,381,,Y
1928,AL,,WS1,MIN,Washington Senators,4,155,75,79,718,705,N,N
1929,ANL,,ACB,BG2,Atlantic City Bacharach Giants,5,66,19,45,381,546,,
1929,NNL,,BBB,BBB,Birmingham Black Barons,5,89,32,57,396,512,,
1929,ANL,,BBS,BBS,Baltimore Black Sox,1,70,49,21,525,377,,Y
1929,AL,,BOS,BOS,Boston Red Sox,8,155,58,96,605,803,N,N
1929,NL,,BRO,LAD,Brooklyn Robins,6,153,70,83,755,888,N,N
1929,NL,,BSN,ATL,Boston Braves,8,154,56,98,657,876,N,N
1929,NNL,,CAG,CAG,Chicago American Giants,3,86,48,38,333,340,,
1929,AL,,CHA,CHW,Chicago White Sox,7,152,59,93,627,792,N,N
1929,NL,,CHN,CHC,Chicago Cubs,1,156,98,54,982,758,N,Y
1929,NL,,CIN,CIN,Cincinnati Reds,7,155,66,88,686,760,N,N
1929,AL,,CLE,CLE,Cleveland Indians,3,152,81,71,717,736,N,N
1929,ANL,,CSE,CSE,Cuban Stars East,6,58,15,41,312,436,,
1929,NNL,,CSW,CSW,Cuban Stars West,7,46,13,33,169,239,,
1929,AL,,DET,DET,Detroit Tigers,6,155,70,84,926,928,N,N
1929,NNL,,DS,DS,Detroit Stars,4,69,32,37,435,442,,
1929,ANL,,HG,HG,Homestead Grays,4,66,34,29,389,398,,
1929,ANL,,HIL,HIL,Hilldale Club,3,78,40,35,502,448,,
1929,NNL,,KCM,KCM,Kansas City Monarchs,1,79,62,17,495,273,,Y
1929,NNL,,MRS,MRS,Memphis Red Sox,6,73,21,51,287,415,,
1929,ANL,,NLG,NLG,New York Lincoln Giants,2,68,40,26,508,419,,
1929,NL,,NY1,SFG,New York Giants,3,152,84,67,897,709,N,N
1929,AL,,NYA,NYY,New York Yankees,2,154,88,66,899,775,N,N
1929,AL,,PHA,OAK,Philadelphia Athletics,1,151,104,46,901,615,Y,Y
1929,NL,,PHI,PHI,Philadelphia Phillies,5,154,71,82,897,1032,N,N
1929,NL,,PIT,PIT,Pittsburgh Pirates,2,154,88,65,904,780,N,N
1929,AL,,SLA,BAL,St. Louis Browns,4,154,79,73,733,713,N,N
1929,NL,,SLN,STL,St. Louis Cardinals,4,154,78,74,831,806,N,N
1929,NNL,,SLS,SLS,St. Louis Stars,2,88,56,31,649,443,,
1929,AL,,WS1,MIN,Washington Senators,5,153,71,81,730,776,N,N
1930,NNL,,BBB,BBB,Birmingham Black Barons,5,91,42,47,355,385,,
1930,IND,,BBS,BBS,Baltimore Black Sox,3,46,24,20,232,232,,
1930,AL,,BOS,BOS,Boston Red Sox,8,154,52,102,612,814,N,N
1930,NL,,BRO,LAD,Brooklyn Robins,4,154,86,68,871,738,N,N
1930,NL,,BSN,ATL,Boston Braves,6,154,70,84,693,835,N,N
1930,NNL,,CAG,CAG,Chicago American Giants,4,89,43,46,352,461,,
1930,AL,,CHA,CHW,Chicago White Sox,7,154,62,92,729,884,N,N
1930,NL,,CHN,CHC,Chicago Cubs,2,156,90,64,998,870,N,N
1930,NL,,CIN,CIN,Cincinnati Reds,7,154,59,95,665,857,N,N
1930,AL,,CLE,CLE,Cleveland Indians,4,154,81,73,890,915,N,N
1930,NNL,,CSW,CSW,Cuban Stars West,7,58,21,37,203,223,,
1930,AL,,DET,DET,Detroit Tigers,5,154,75,79,783,833,N,N
1930,NNL,,DS,DS,Detroit Stars,3,80,47,33,374,338,,
1930,IND,,HG,HG,Homestead Grays,1,60,44,15,378,249,,
1930,IND,,HIL,HIL,Hilldale Club,6,39,8,30,186,262,,
1930,NNL,,KCM,KCM,Kansas City Monarchs,2,58,35,23,385,322,,
1930,NNL,,MRS,MRS,Memphis Red Sox,6,68,28,40,344,449,,
1930,NNL,,NEG,BEG,Nashville Elite Giants,8,74,20,53,175,313,,
1930,IND,,NLG,NLG,New York Lincoln Giants,2,56,41,14,411,295,,
1930,NL,,NY1,SFG,New York Giants,3,154,87,67,959,814,N,N
1930,AL,,NYA,NYY,New York Yankees,3,154,86,68,1062,898,N,N
1930,AL,,PHA,OAK,Philadelphia Athletics,1,154,102,52,951,751,Y,Y
1930,NL,,PHI,PHI,Philadelphia Phillies,8,156,52,102,944,1199,N,N
1930,NL,,PIT,PIT,Pittsburgh Pirates,5,154,80,74,891,928,N,N
1930,AL,,SLA,BAL,St. Louis Browns,6,154,64,90,751,886,N,N
1930,NL,,SLN,STL,St. Louis Cardinals,1,154,92,62,1004,784,N,Y
1930,NNL,,SLS,SLS,St. Louis Stars,1,88,65,22,740,465,,Y
1930,AL,,WS1,MIN,Washington Senators,2,154,94,60,892,689,N,N
1931,NNL,,AB2,AB2,Indianapolis ABCs,2,59,32,26,225,231,,
1931,IND,,BBS,BBS,Baltimore Black Sox,6,61,22,38,214,276,,
1931,AL,,BOS,BOS,Boston Red Sox,6,153,62,90,625,800,N,N
1931,NL,,BRO,LAD,Brooklyn Robins,4,153,79,73,681,673,N,N
1931,NL,,BSN,ATL,Boston Braves,7,156,64,90,533,680,N,N
1931,NNL,,CC2,CAG,Chicago Columbia Giants,6,26,6,19,88,114,,
1931,NNL,,CCU,BEG,Cleveland Cubs,3,44,23,21,152,172,,
1931,AL,,CHA,CHW,Chicago White Sox,8,156,56,97,704,939,N,N
1931,NL,,CHN,CHC,Chicago Cubs,3,156,84,70,828,710,N,N
1931,NL,,CIN,CIN,Cincinnati Reds,8,154,58,96,592,742,N,N
1931,AL,,CLE,CLE,Cleveland Indians,4,155,78,76,885,833,N,N
1931,AL,,DET,DET,Detroit Tigers,7,154,61,93,651,836,N,N
1931,NNL,,DS,DS,Detroit Stars,4,55,22,33,194,253,,
1931,IND,,HAR,NBY,Harlem Stars,7,18,6,12,66,88,,
1931,IND,,HG,HG,Homestead Grays,2,56,34,21,286,203,,
1931,IND,,HIL,HIL,Hilldale Club,1,53,38,14,273,173,,
1931,IND,,KCM,KCM,Kansas City Monarchs,4,19,10,9,88,85,,
1931,NNL,,LOW,LVB,Louisville White Sox,5,52,17,34,127,159,,
1931,NL,,NY1,SFG,New York Giants,2,153,87,65,768,599,N,N
1931,AL,,NYA,NYY,New York Yankees,2,155,94,59,1067,760,N,N
1931,AL,,PHA,OAK,Philadelphia Athletics,1,153,107,45,858,626,N,Y
1931,NL,,PHI,PHI,Philadelphia Phillies,6,155,66,88,684,828,N,N
1931,NL,,PIT,PIT,Pittsburgh Pirates,5,155,75,79,636,691,N,N
1931,AL,,SLA,BAL,St. Louis Browns,5,154,63,91,722,870,N,N
1931,NL,,SLN,STL,St. Louis Cardinals,1,154,101,53,815,614,Y,Y
1931,NNL,,SLS,SLS,St. Louis Stars,1,56,44,11,252,141,,Y
1931,AL,,WS1,MIN,Washington Senators,3,156,92,62,843,691,N,N
1932,NSL,,AB2,AB2,Indianapolis ABCs,6,40,16,20,159,209,,
1932,NSL,,BBB,BBB,Birmingham Black Barons,7,19,10,9,49,71,,
1932,EWL,,BBS,BBS,Baltimore Black Sox,3,40,23,17,314,332,,
1932,NSL,,BCA,BCA,Atlanta Black Crackers,11,22,5,17,27,105,,
1932,AL,,BOS,BOS,Boston Red Sox,8,154,43,111,566,915,N,N
1932,NL,,BRO,LAD,Brooklyn Dodgers,3,154,81,73,752,747,N,N
1932,NL,,BSN,ATL,Boston Braves,5,155,77,77,649,655,N,N
1932,NSL,,CAG,CAG,Chicago American Giants,1,43,33,10,199,174,,Y
1932,AL,,CHA,CHW,Chicago White Sox,7,152,49,102,667,897,N,N
1932,NL,,CHN,CHC,Chicago Cubs,1,154,90,64,720,633,N,Y
1932,NL,,CIN,CIN,Cincinnati Reds,8,155,60,94,575,715,N,N
1932,AL,,CLE,CLE,Cleveland Indians,4,153,87,65,845,747,N,N
1932,EWL,,CLS,CL2,Cleveland Stars,7,17,5,11,59,100,,
1932,NSL,,COT,COT,Columbus Turf Club,8,10,3,5,,,,
1932,EWL,,CUP,CUP,Pollock's Cuban Stars,4,22,10,12,115,141,,
1932,AL,,DET,DET,Detroit Tigers,5,153,76,75,799,787,N,N
1932,EWL,,DW,DW,Detroit Wolves,1,25,20,5,155,101,,
1932,EWL,,HG,HG,Homestead Grays,2,29,17,11,347,251,,
1932,EWL,,HIL,HIL,Hilldale Club,5,27,11,16,117,150,,
1932,IND,,KCM,KCM,Kansas City Monarchs,1,18,13,5,100,44,,
1932,NSL,,LRG,LRG,Little Rock Grays,10,15,4,11,32,49,,
1932,NSL,,LVB,LVB,Louisville Black Caps,9,40,12,27,64,83,,
1932,NSL,,MGS,MGS,Montgomery Grey Sox,4,47,22,24,126,99,,
1932,NSL,,MRM,MRM,Monroe Monarchs,2,48,34,14,268,160,,
1932,NSL,,MRS,MRS,Memphis Red Sox,5,50,23,27,177,194,,
1932,IND,,NBY,NBY,New York Black Yankees,4,32,17,14,164,163,,
1932,NSL,,NEG,BEG,Nashville Elite Giants,3,46,24,22,135,146,,
1932,EWL,,NWB,NWB,Newark Browns,8,4,0,4,17,44,,
1932,NL,,NY1,SFG,New York Giants,6,154,72,82,755,706,N,N
1932,AL,,NYA,NYY,New York Yankees,1,156,107,47,1002,724,Y,Y
1932,IND,,PC,PC,Pittsburgh Crawfords,3,93,55,36,407,331,,
1932,AL,,PHA,OAK,Philadelphia Athletics,2,154,94,60,981,752,N,N
1932,NL,,PHI,PHI,Philadelphia Phillies,4,154,78,76,844,796,N,N
1932,NL,,PIT,PIT,Pittsburgh Pirates,2,154,86,68,701,711,N,N
1932,AL,,SLA,BAL,St. Louis Browns,6,154,63,91,736,898,N,N
1932,NL,,SLN,STL,St. Louis Cardinals,6,156,72,82,684,717,N,N
1932,EWL,,WAP,WAP,Washington Pilots,6,34,12,22,310,341,,
1932,AL,,WS1,MIN,Washington Senators,3,154,93,61,840,716,N,N
1933,NN2,,ACG,ACG,Akron Grays / Cleveland Giants,7,11,3,8,33,63,,
1933,AL,,BOS,BOS,Boston Red Sox,7,149,63,86,700,758,N,N
1933,NL,,BRO,LAD,Brooklyn Dodgers,6,157,65,88,617,695,N,N
1933,NL,,BSN,ATL,Boston Braves,4,156,83,71,552,531,N,N
1933,NN2,,CAG,CAG,Chicago American Giants,2,53,37,16,270,218,,
1933,NN2,,CBB,CBB,Columbus Blue Birds,6,40,15,25,129,169,,
1933,AL,,CHA,CHW,Chicago White Sox,6,151,67,83,683,814,N,N
1933,NL,,CHN,CHC,Chicago Cubs,3,154,86,68,646,536,N,N
1933,NL,,CIN,CIN,Cincinnati Reds,8,153,58,94,496,643,N,N
1933,AL,,CLE,CLE,Cleveland Indians,4,151,75,76,654,669,N,N
1933,AL,,DET,DET,Detroit Tigers,5,155,75,79,722,733,N,N
1933,NN2,,HG,HG,Homestead Grays,8,17,4,12,105,110,,
1933,NN2,,ID,AB2,Indianapolis ABCs/Detroit Stars,5,41,16,25,132,224,,
1933,IND,,KCM,KCM,Kansas City Monarchs,2,6,4,2,32,21,,
1933,IND,,NBY,NBY,New York Black Yankees,4,19,10,9,77,85,,
1933,NN2,,NEG,BEG,Nashville Elite Giants,3,39,20,18,152,145,,
1933,NL,,NY1,SFG,New York Giants,1,156,91,61,636,515,Y,Y
1933,AL,,NYA,NYY,New York Yankees,2,152,91,59,927,768,N,N
1933,NN2,,PC,PC,Pittsburgh Crawfords,1,55,34,21,417,321,,Y
1933,AL,,PHA,OAK,Philadelphia Athletics,3,152,79,72,875,853,N,N
1933,NL,,PHI,PHI,Philadelphia Phillies,7,152,60,92,607,760,N,N
1933,NL,,PIT,PIT,Pittsburgh Pirates,2,154,87,67,667,619,N,N
1933,IND,,PS,PS,Philadelphia Stars,3,35,22,13,168,128,,
1933,AL,,SLA,BAL,St. Louis Browns,8,153,55,96,669,820,N,N
1933,NL,,SLN,STL,St. Louis Cardinals,5,154,82,71,687,609,N,N
1933,NN2,,SOX,BBS,Baltimore Sox,4,30,13,17,220,220,,
1933,AL,,WS1,MIN,Washington Senators,1,153,99,53,850,665,N,Y
1934,NN2,,BBS,BBS,Baltimore Black Sox,6,11,3,8,37,56,,
1934,AL,,BOS,BOS,Boston Red Sox,4,153,76,76,820,775,N,N
1934,NL,,BRO,LAD,Brooklyn Dodgers,6,153,71,81,748,795,N,N
1934,NL,,BSN,ATL,Boston Braves,4,152,78,73,683,714,N,N
1934,NN2,,CAG,CAG,Chicago American Giants,3,48,27,19,191,203,,
1934,AL,,CHA,CHW,Chicago White Sox,8,153,53,99,704,946,N,N
1934,NL,,CHN,CHC,Chicago Cubs,3,152,86,65,705,639,N,N
1934,NL,,CIN,CIN,Cincinnati Reds,8,152,52,99,590,801,N,N
1934,AL,,CLE,CLE,Cleveland Indians,3,154,85,69,814,763,N,N
1934,NN2,,CRS,CRS,Cleveland Red Sox,8,25,3,22,71,169,,
1934,AL,,DET,DET,Detroit Tigers,1,154,101,53,958,708,N,Y
1934,IND,,HG,HG,Homestead Grays,1,31,17,13,103,93,,
1934,IND,,KCM,KCM,Kansas City Monarchs,3,9,3,6,26,28,,
1934,IND,,NBY,NBY,New York Black Yankees,2,26,11,15,95,72,,
1934,NN2,,ND,ND,Newark Dodgers,4,33,16,16,192,201,,
1934,NN2,,NEG,BEG,Nashville Elite Giants,5,41,17,23,197,189,,
1934,NL,,NY1,SFG,New York Giants,2,153,93,60,760,583,N,N
1934,AL,,NYA,NYY,New York Yankees,2,154,94,60,842,669,N,N
1934,NN2,,PBG,PBG,Philadelphia Bacharach Giants,7,25,5,20,72,104,,
1934,NN2,,PC,PC,Pittsburgh Crawfords,2,67,40,26,367,295,,
1934,AL,,PHA,OAK,Philadelphia Athletics,5,153,68,82,764,838,N,N
1934,NL,,PHI,PHI,Philadelphia Phillies,7,149,56,93,675,794,N,N
1934,NL,,PIT,PIT,Pittsburgh Pirates,5,151,74,76,735,713,N,N
1934,NN2,,PS,PS,Philadelphia Stars,1,54,38,15,318,231,,Y
1934,AL,,SLA,BAL,St. Louis Browns,6,154,67,85,674,800,N,N
1934,NL,,SLN,STL,St. Louis Cardinals,1,154,95,58,799,656,Y,Y
1934,AL,,WS1,MIN,Washington Senators,7,155,66,86,729,806,N,N
1935,NN2,,BE,NE,Brooklyn Eagles,5,63,32,31,326,322,,
1935,AL,,BOS,BOS,Boston Red Sox,4,154,78,75,718,732,N,N
1935,NL,,BRO,LAD,Brooklyn Dodgers,5,154,70,83,711,767,N,N
1935,NL,,BSN,ATL,Boston Braves,8,153,38,115,575,852,N,N
1935,NN2,,CAG,CAG,Chicago American Giants,6,56,24,31,284,301,,
1935,NN2,,CEG,BEG,Columbus Elite Giants,4,54,28,24,193,153,,
1935,AL,,CHA,CHW,Chicago White Sox,5,153,74,78,738,750,N,N
1935,NL,,CHN,CHC,Chicago Cubs,1,154,100,54,847,597,N,Y
1935,NL,,CIN,CIN,Cincinnati Reds,6,154,68,85,646,772,N,N
1935,AL,,CLE,CLE,Cleveland Indians,3,156,82,71,776,739,N,N
1935,AL,,DET,DET,Detroit Tigers,1,152,93,58,919,665,Y,Y
1935,NN2,,HG,HG,Homestead Grays,7,61,25,34,317,297,,
1935,IND,,KCM,KCM,Kansas City Monarchs,2,16,8,6,58,59,,
1935,IND,,NBY,NBY,New York Black Yankees,1,12,7,5,78,83,,
1935,NN2,,ND,ND,Newark Dodgers,8,62,18,43,195,320,,
1935,NL,,NY1,SFG,New York Giants,3,156,91,62,770,675,N,N
1935,AL,,NYA,NYY,New York Yankees,2,149,89,60,818,632,N,N
1935,NN2,,NYC,NYC,New York Cubans,2,56,29,23,206,201,,
1935,NN2,,PC,PC,Pittsburgh Crawfords,1,74,48,23,370,264,,Y
1935,AL,,PHA,OAK,Philadelphia Athletics,8,149,58,91,710,869,N,N
1935,NL,,PHI,PHI,Philadelphia Phillies,7,156,64,89,685,871,N,N
1935,NL,,PIT,PIT,Pittsburgh Pirates,4,153,86,67,743,647,N,N
1935,NN2,,PS,PS,Philadelphia Stars,3,68,35,30,335,363,,
1935,AL,,SLA,BAL,St. Louis Browns,7,155,65,87,718,930,N,N
1935,NL,,SLN,STL,St. Louis Cardinals,2,154,96,58,829,625,N,N
1935,AL,,WS1,MIN,Washington Senators,6,154,67,86,823,903,N,N
1936,AL,,BOS,BOS,Boston Red Sox,6,155,74,80,775,764,N,N
1936,NL,,BRO,LAD,Brooklyn Dodgers,7,156,67,87,662,752,N,N
1936,NL,,BSN,ATL,Boston Bees,6,157,71,83,631,715,N,N
1936,IND,,CAG,CAG,Chicago American Giants,2,23,11,12,82,109,,
1936,AL,,CHA,CHW,Chicago White Sox,4,153,81,70,920,873,N,N
1936,NL,,CHN,CHC,Chicago Cubs,2,154,87,67,755,603,N,N
1936,NL,,CIN,CIN,Cincinnati Reds,5,154,74,80,722,760,N,N
1936,AL,,CLE,CLE,Cleveland Indians,5,157,80,74,921,862,N,N
1936,AL,,DET,DET,Detroit Tigers,2,154,83,71,921,871,N,N
1936,NN2,,HG,HG,Homestead Grays,3,52,27,24,247,228,,
1936,IND,,KCM,KCM,Kansas City Monarchs,1,15,13,2,86,38,,
1936,NN2,,NBY,NBY,New York Black Yankees,2,29,16,12,190,148,,
1936,NN2,,NE,NE,Newark Eagles,4,59,27,31,167,196,,
1936,NL,,NY1,SFG,New York Giants,1,154,92,62,742,621,N,Y
1936,AL,,NYA,NYY,New York Yankees,1,155,102,51,1065,731,Y,Y
1936,NN2,,NYC,NYC,New York Cubans,5,47,22,24,258,228,,
1936,NN2,,PC,PC,Pittsburgh Crawfords,1,78,46,30,358,357,,
1936,AL,,PHA,OAK,Philadelphia Athletics,8,154,53,100,714,1045,N,N
1936,NL,,PHI,PHI,Philadelphia Phillies,8,154,54,100,726,874,N,N
1936,NL,,PIT,PIT,Pittsburgh Pirates,4,156,84,70,804,718,N,N
1936,NN2,,PS,PS,Philadelphia Stars,7,73,31,41,291,321,,
1936,AL,,SLA,BAL,St. Louis Browns,7,155,57,95,804,1064,N,N
1936,NL,,SLN,STL,St. Louis Cardinals,2,155,87,67,795,794,N,N
1936,NN2,,WEG,BEG,Washington Elite Giants,6,58,25,32,278,258,,
1936,AL,,WS1,MIN,Washington Senators,3,153,82,71,889,799,N,N
1937,NAL,,BBB,BBB,Birmingham Black Barons,5,39,16,23,187,184,,
1937,AL,,BOS,BOS,Boston Red Sox,5,154,80,72,821,775,N,N
1937,NL,,BRO,LAD,Brooklyn Dodgers,6,155,62,91,616,772,N,N
1937,NL,,BSN,ATL,Boston Bees,5,152,79,73,579,556,N,N
1937,NAL,,CAG,CAG,Chicago American Giants,3,59,35,23,199,235,,
1937,AL,,CHA,CHW,Chicago White Sox,3,154,86,68,780,730,N,N
1937,NL,,CHN,CHC,Chicago Cubs,2,154,93,61,811,682,N,N
1937,NL,,CIN,CIN,Cincinnati Reds,8,155,56,98,612,707,N,N
1937,AL,,CLE,CLE,Cleveland Indians,4,156,83,71,817,768,N,N
1937,NAL,,CT,CT,Cincinnati Tigers,2,54,34,19,208,164,,
1937,AL,,DET,DET,Detroit Tigers,2,155,89,65,935,841,N,N
1937,NAL,,DTS,DTS,Detroit Stars,6,39,15,24,114,166,,
1937,NN2,,HG,HG,Homestead Grays,1,58,41,17,444,250,,Y
1937,NAL,,IA,IA,Indianapolis Athletics,4,39,17,21,124,131,,
1937,NAL,,KCM,KCM,Kansas City Monarchs,1,70,51,18,357,180,,Y
1937,NAL,,MRS,MRS,Memphis Red Sox,7,42,14,28,77,140,,
1937,NN2,,NBY,NBY,New York Black Yankees,5,54,21,31,182,226,,
1937,NN2,,NE,NE,Newark Eagles,2,60,36,22,203,171,,
1937,NL,,NY1,SFG,New York Giants,1,152,95,57,732,602,N,Y
1937,AL,,NYA,NYY,New York Yankees,1,157,102,52,979,671,Y,Y
1937,NN2,,PC,PC,Pittsburgh Crawfords,6,50,18,32,183,278,,
1937,AL,,PHA,OAK,Philadelphia Athletics,7,154,54,97,699,854,N,N
1937,NL,,PHI,PHI,Philadelphia Phillies,7,155,61,92,724,869,N,N
1937,NL,,PIT,PIT,Pittsburgh Pirates,3,154,86,68,704,646,N,N
1937,NN2,,PS,PS,Philadelphia Stars,3,59,27,31,159,191,,
1937,NAL,,SL2,SL2,St. Louis Stars,8,36,5,31,149,244,,
1937,AL,,SLA,BAL,St. Louis Browns,8,156,46,108,715,1023,N,N
1937,NL,,SLN,STL,St. Louis Cardinals,4,157,81,73,789,733,N,N
1937,NN2,,WEG,BEG,Washington Elite Giants,4,61,24,34,199,199,,
1937,AL,,WS1,MIN,Washington Senators,6,158,73,80,757,841,N,N
1938,NAL,,AB3,SNH,Indianapolis ABCs,6,38,17,21,86,113,,
1938,NAL,,BBB,BBB,Birmingham Black Barons,7,48,12,36,104,171,,
1938,NAL,,BCA,BCA,Atlanta Black Crackers,3,54,28,26,228,236,,
1938,NN2,,BEG,BEG,Baltimore Elite Giants,4,47,21,23,235,171,,
1938,AL,,BOS,BOS,Boston Red Sox,2,150,88,61,902,751,N,N
1938,NL,,BRO,LAD,Brooklyn Dodgers,7,151,69,80,704,710,N,N
1938,NL,,BSN,ATL,Boston Bees,5,153,77,75,561,618,N,N
1938,NAL,,CAG,CAG,Chicago American Giants,4,65,31,32,191,172,,
1938,AL,,CHA,CHW,Chicago White Sox,6,149,65,83,709,752,N,N
1938,NL,,CHN,CHC,Chicago Cubs,1,154,89,63,713,598,N,Y
1938,NL,,CIN,CIN,Cincinnati Reds,4,151,82,68,723,634,N,N
1938,AL,,CLE,CLE,Cleveland Indians,3,153,86,66,847,782,N,N
1938,AL,,DET,DET,Detroit Tigers,4,155,84,70,862,795,N,N
1938,NN2,,HG,HG,Homestead Grays,1,52,39,13,342,170,,Y
1938,NAL,,JRC,JRC,Jacksonville Red Caps,5,23,11,12,104,92,,
1938,NAL,,KCM,KCM,Kansas City Monarchs,2,68,42,25,284,192,,
1938,NAL,,MRS,MRS,Memphis Red Sox,1,58,34,23,159,230,,Y
1938,NN2,,NBY,NBY,New York Black Yankees,6,39,11,27,136,202,,
1938,NN2,,NE,NE,Newark Eagles,5,52,23,29,136,137,,
1938,NL,,NY1,SFG,New York Giants,3,152,83,67,705,637,N,N
1938,AL,,NYA,NYY,New York Yankees,1,157,99,53,966,710,Y,Y
1938,NN2,,PC,PC,Pittsburgh Crawfords,3,49,25,23,220,223,,
1938,AL,,PHA,OAK,Philadelphia Athletics,8,154,53,99,726,956,N,N
1938,NL,,PHI,PHI,Philadelphia Phillies,8,151,45,105,550,840,N,N
1938,NL,,PIT,PIT,Pittsburgh Pirates,2,152,86,64,707,630,N,N
1938,NN2,,PS,PS,Philadelphia Stars,2,68,39,26,346,388,,
1938,NN2,,SEN,SEN,Washington Black Senators,7,21,2,19,56,127,,
1938,AL,,SLA,BAL,St. Louis Browns,7,156,55,97,755,962,N,N
1938,NL,,SLN,STL,St. Louis Cardinals,6,156,71,80,725,721,N,N
1938,AL,,WS1,MIN,Washington Senators,5,152,75,76,814,873,N,N
1939,NN2,,BEG,BEG,Baltimore Elite Giants,4,47,22,25,178,152,,Y
1939,AL,,BOS,BOS,Boston Red Sox,2,152,89,62,890,795,N,N
1939,NL,,BRO,LAD,Brooklyn Dodgers,3,157,84,69,708,645,N,N
1939,NL,,BSN,ATL,Boston Bees,7,152,63,88,572,659,N,N
1939,NAL,,CAG,CAG,Chicago American Giants,2,63,32,31,178,204,,
1939,NAL,,CBR,JRC,Cleveland Bears,3,41,20,21,125,116,,
1939,AL,,CHA,CHW,Chicago White Sox,4,155,85,69,755,737,N,N
1939,NL,,CHN,CHC,Chicago Cubs,4,156,84,70,724,678,N,N
1939,NL,,CIN,CIN,Cincinnati Reds,1,156,97,57,767,595,N,Y
1939,AL,,CLE,CLE,Cleveland Indians,3,154,87,67,797,700,N,N
1939,AL,,DET,DET,Detroit Tigers,5,155,81,73,849,762,N,N
1939,NN2,,HG,HG,Homestead Grays,1,51,32,18,262,154,,
1939,NAL,,IAB,BCA,Indianapolis ABCs/Atlanta Black Crackers,7,8,1,7,109,162,,
1939,NAL,,KCM,KCM,Kansas City Monarchs,1,60,38,22,264,200,,Y
1939,NAL,,MRS,MRS,Memphis Red Sox,5,54,24,29,106,169,,
1939,NN2,,NBY,NBY,New York Black Yankees,5,47,20,23,141,168,,
1939,NN2,,NE,NE,Newark Eagles,2,61,35,25,241,178,,
1939,NL,,NY1,SFG,New York Giants,5,151,77,74,703,685,N,N
1939,AL,,NYA,NYY,New York Yankees,1,152,106,45,967,556,Y,Y
1939,NN2,,NYC,NYC,New York Cubans,7,31,7,24,81,115,,
1939,AL,,PHA,OAK,Philadelphia Athletics,7,153,55,97,711,1022,N,N
1939,NL,,PHI,PHI,Philadelphia Phillies,8,152,45,106,553,856,N,N
1939,NL,,PIT,PIT,Pittsburgh Pirates,6,153,68,85,666,721,N,N
1939,NN2,,PS,PS,Philadelphia Stars,3,64,32,31,250,293,,
1939,NAL,,SL3,SNH,St. Louis Stars,4,45,20,23,129,132,,
1939,AL,,SLA,BAL,St. Louis Browns,8,156,43,111,733,1035,N,N
1939,NL,,SLN,STL,St. Louis Cardinals,2,155,92,61,779,633,N,N
1939,NAL,,TC,PC,Toledo Crawfords,6,19,8,10,77,78,,
1939,NN2,,TC2,PC,Toledo Crawfords,6,11,4,6,22,42,,
1939,AL,,WS1,MIN,Washington Senators,6,153,65,87,702,797,N,N
1940,NAL,,BBB,BBB,Birmingham Black Barons,6,45,16,29,133,152,,
1940,NN2,,BEG,BEG,Baltimore Elite Giants,2,39,25,14,391,333,,
1940,AL,,BOS,BOS,Boston Red Sox,4,154,82,72,872,825,N,N
1940,NL,,BRO,LAD,Brooklyn Dodgers,2,156,88,65,697,621,N,N
1940,NL,,BSN,ATL,Boston Bees,7,152,65,87,623,745,N,N
1940,NAL,,CAG,CAG,Chicago American Giants,5,50,22,26,79,119,,
1940,NAL,,CBR,JRC,Cleveland Bears,3,37,18,18,143,146,,
1940,AL,,CHA,CHW,Chicago White Sox,4,155,82,72,735,672,N,N
1940,NL,,CHN,CHC,Chicago Cubs,5,154,75,79,681,636,N,N
1940,NL,,CIN,CIN,Cincinnati Reds,1,155,100,53,707,528,Y,Y
1940,AL,,CLE,CLE,Cleveland Indians,2,155,89,65,710,637,N,N
1940,AL,,DET,DET,Detroit Tigers,1,155,90,64,888,717,N,Y
1940,NN2,,HG,HG,Homestead Grays,1,41,28,13,328,266,,Y
1940,NAL,,KCM,KCM,Kansas City Monarchs,1,52,38,13,236,144,,Y
1940,NAL,,MRS,MRS,Memphis Red Sox,2,57,31,26,199,225,,
1940,NN2,,NBY,NBY,New York Black Yankees,5,28,9,19,149,217,,
1940,NN2,,NE,NE,Newark Eagles,3,42,25,16,282,236,,
1940,NL,,NY1,SFG,New York Giants,6,152,72,80,663,659,N,N
1940,AL,,NYA,NYY,New York Yankees,3,155,88,66,817,671,N,N
1940,NN2,,NYC,NYC,New York Cubans,6,29,8,20,149,175,,
1940,AL,,PHA,OAK,Philadelphia Athletics,8,154,54,100,703,932,N,N
1940,NL,,PHI,PHI,Philadelphia Phillies,8,153,50,103,494,750,N,N
1940,NL,,PIT,PIT,Pittsburgh Pirates,4,156,78,76,809,783,N,N
1940,NN2,,PS,PS,Philadelphia Stars,4,47,17,30,319,365,,
1940,AL,,SLA,BAL,St. Louis Browns,6,156,67,87,757,882,N,N
1940,NL,,SLN,STL,St. Louis Cardinals,3,156,84,69,747,699,N,N
1940,NAL,,SNS,SNH,St. Louis-New Orleans Stars,4,50,24,25,147,161,,
1940,NAL,,TIC,PC,Toledo-Indianapolis Crawfords,7,31,9,21,50,62,,
1940,AL,,WS1,MIN,Washington Senators,7,154,64,90,665,811,N,N
1941,NAL,,BBB,BBB,Birmingham Black Barons,2,51,30,20,104,111,,
1941,NN2,,BEG,BEG,Baltimore Elite Giants,2,41,27,14,375,228,,
1941,AL,,BOS,BOS,Boston Red Sox,2,155,84,70,865,750,N,N
1941,NL,,BRO,LAD,Brooklyn Dodgers,1,157,100,54,800,581,N,Y
1941,NL,,BSN,ATL,Boston Braves,7,156,62,92,592,720,N,N
1941,NAL,,CAG,CAG,Chicago American Giants,6,42,12,28,70,104,,
1941,AL,,CHA,CHW,Chicago White Sox,3,156,77,77,638,649,N,N
1941,NL,,CHN,CHC,Chicago Cubs,6,155,70,84,666,670,N,N
1941,NL,,CIN,CIN,Cincinnati Reds,3,154,88,66,616,564,N,N
1941,AL,,CLE,CLE,Cleveland Indians,4,155,75,79,677,668,N,N
1941,AL,,DET,DET,Detroit Tigers,4,155,75,79,686,743,N,N
1941,NN2,,HG,HG,Homestead Grays,1,45,26,18,353,248,,Y
1941,NAL,,JRC,JRC,Jacksonville Red Caps,5,41,14,27,41,61,,
1941,NAL,,KCM,KCM,Kansas City Monarchs,1,56,39,16,220,134,,Y
1941,NAL,,MRS,MRS,Memphis Red Sox,3,57,28,27,97,77,,
1941,NN2,,NBY,NBY,New York Black Yankees,5,33,12,21,164,226,,
1941,NN2,,NE,NE,Newark Eagles,3,37,21,15,298,339,,
1941,NL,,NY1,SFG,New York Giants,5,156,74,79,667,706,N,N
1941,AL,,NYA,NYY,New York Yankees,1,156,101,53,830,631,Y,Y
1941,NN2,,NYC,NYC,New York Cubans,4,29,14,15,221,262,,
1941,AL,,PHA,OAK,Philadelphia Athletics,8,154,64,90,713,840,N,N
1941,NL,,PHI,PHI,Philadelphia Phillies,8,155,43,111,501,793,N,N
1941,NL,,PIT,PIT,Pittsburgh Pirates,4,156,81,73,690,643,N,N
1941,NN2,,PS,PS,Philadelphia Stars,6,43,13,30,184,303,,
1941,AL,,SLA,BAL,St. Louis Browns,6,157,70,84,765,823,N,N
1941,NL,,SLN,STL,St. Louis Cardinals,2,155,97,56,734,589,N,N
1941,NAL,,SNS,SNH,St. Louis-New Orleans Stars,4,43,18,23,94,129,,
1941,AL,,WS1,MIN,Washington Senators,6,156,70,84,728,798,N,N
1942,NAL,,BBB,BBB,Birmingham Black Barons,4,48,25,23,166,137,,
1942,NN2,,BEG,BEG,Baltimore Elite Giants,2,38,24,14,277,253,,
1942,AL,,BOS,BOS,Boston Red Sox,2,152,93,59,761,594,N,N
1942,NL,,BRO,LAD,Brooklyn Dodgers,2,155,104,50,742,510,N,N
1942,NL,,BSN,ATL,Boston Braves,7,150,59,89,515,645,N,N
1942,NAL,,CAG,CAG,Chicago American Giants,5,44,8,36,157,288,,
1942,NAL,,CCB,CBE,Cincinnati-Cleveland Buckeyes,2,65,42,22,209,258,,
1942,AL,,CHA,CHW,Chicago White Sox,6,148,66,82,538,609,N,N
1942,NL,,CHN,CHC,Chicago Cubs,6,155,68,86,591,665,N,N
1942,NL,,CIN,CIN,Cincinnati Reds,4,154,76,76,527,545,N,N
1942,AL,,CLE,CLE,Cleveland Indians,4,156,75,79,590,659,N,N
1942,AL,,DET,DET,Detroit Tigers,5,156,73,81,589,587,N,N
1942,NN2,,HG,HG,Homestead Grays,1,34,23,10,419,281,,Y
1942,NAL,,JRC,JRC,Jacksonville Red Caps,6,37,7,30,41,86,,
1942,NAL,,KCM,KCM,Kansas City Monarchs,1,50,36,14,268,170,Y,Y
1942,NAL,,MRS,MRS,Memphis Red Sox,3,62,34,27,155,153,,
1942,NN2,,NBY,NBY,New York Black Yankees,6,28,8,20,135,206,,
1942,NN2,,NE,NE,Newark Eagles,4,35,16,18,301,234,,
1942,NL,,NY1,SFG,New York Giants,3,154,85,67,675,600,N,N
1942,AL,,NYA,NYY,New York Yankees,1,154,103,51,801,507,N,Y
1942,NN2,,NYC,NYC,New York Cubans,5,22,8,14,109,185,,
1942,AL,,PHA,OAK,Philadelphia Athletics,8,154,55,99,549,801,N,N
1942,NL,,PHI,PHI,Philadelphia Phillies,8,151,42,109,394,706,N,N
1942,NL,,PIT,PIT,Pittsburgh Pirates,5,151,66,81,585,631,N,N
1942,NN2,,PS,PS,Philadelphia Stars,3,41,19,22,313,298,,
1942,AL,,SLA,BAL,St. Louis Browns,3,151,82,69,730,637,N,N
1942,NL,,SLN,STL,St. Louis Cardinals,1,156,106,48,755,482,Y,Y
1942,AL,,WS1,MIN,Washington Senators,7,151,62,89,653,817,N,N
1943,NAL,,BBB,BBB,Birmingham Black Barons,3,64,37,24,199,173,,Y
1943,NN2,,BEG,BEG,Baltimore Elite Giants,6,37,14,21,221,318,,
1943,AL,,BOS,BOS,Boston Red Sox,7,155,68,84,563,607,N,N
1943,NL,,BRO,LAD,Brooklyn Dodgers,3,153,81,72,716,674,N,N
1943,NL,,BSN,ATL,Boston Braves,6,153,68,85,465,612,N,N
1943,NAL,,CAG,CAG,Chicago American Giants,4,62,32,29,169,143,,
1943,NAL,,CBE,CBE,Cleveland Buckeyes,2,66,38,26,145,185,,
1943,NAL,,CC,IC,Cincinnati Clowns,6,76,25,46,143,184,,
1943,AL,,CHA,CHW,Chicago White Sox,4,155,82,72,573,594,N,N
1943,NL,,CHN,CHC,Chicago Cubs,5,154,74,79,632,600,N,N
1943,NL,,CIN,CIN,Cincinnati Reds,2,155,87,67,608,543,N,N
1943,AL,,CLE,CLE,Cleveland Indians,3,153,82,71,600,577,N,N
1943,AL,,DET,DET,Detroit Tigers,5,155,78,76,632,560,N,N
1943,NN2,,HG,HG,Homestead Grays,1,34,26,7,555,281,Y,Y
1943,NN2,,HSS,SNH,Harrisburg-St. Louis Stars,4,9,5,4,68,65,,
1943,NAL,,KCM,KCM,Kansas City Monarchs,1,50,30,19,218,209,,
1943,NAL,,MRS,MRS,Memphis Red Sox,5,78,28,46,140,162,,
1943,NN2,,NBY,NBY,New York Black Yankees,7,24,2,21,131,284,,
1943,NN2,,NE,NE,Newark Eagles,3,32,18,14,191,206,,
1943,NL,,NY1,SFG,New York Giants,8,156,55,98,558,713,N,N
1943,AL,,NYA,NYY,New York Yankees,1,155,98,56,669,542,Y,Y
1943,NN2,,NYC,NYC,New York Cubans,2,27,17,9,238,163,,
1943,AL,,PHA,OAK,Philadelphia Athletics,8,155,49,105,497,717,N,N
1943,NL,,PHI,PHI,Philadelphia Blue Jays,7,157,64,90,571,676,N,N
1943,NL,,PIT,PIT,Pittsburgh Pirates,4,157,80,74,669,605,N,N
1943,NN2,,PS,PS,Philadelphia Stars,5,45,19,25,320,318,,
1943,AL,,SLA,BAL,St. Louis Browns,6,153,72,80,596,604,N,N
1943,NL,,SLN,STL,St. Louis Cardinals,1,157,105,49,679,475,N,Y
1943,AL,,WS1,MIN,Washington Senators,2,153,84,69,666,595,N,N
1944,NAL,,BBB,BBB,Birmingham Black Barons,1,74,50,24,155,145,,Y
1944,NN2,,BEG,BEG,Baltimore Elite Giants,4,49,26,23,186,166,,
1944,AL,,BOS,BOS,Boston Red Sox,4,156,77,77,739,676,N,N
1944,NL,,BRO,LAD,Brooklyn Dodgers,7,155,63,91,690,832,N,N
1944,NL,,BSN,ATL,Boston Braves,6,155,65,89,593,674,N,N
1944,NAL,,CAG,CAG,Chicago American Giants,5,74,31,43,73,105,,
1944,NAL,,CBE,CBE,Cleveland Buckeyes,3,83,42,41,105,100,,
1944,AL,,CHA,CHW,Chicago White Sox,7,154,71,83,543,662,N,N
1944,NL,,CHN,CHC,Chicago Cubs,4,157,75,79,702,669,N,N
1944,NAL,,CIC,IC,Cincinnati-Indianapolis Clowns,2,77,46,31,122,132,,
1944,NL,,CIN,CIN,Cincinnati Reds,3,155,89,65,573,537,N,N
1944,AL,,CLE,CLE,Cleveland Indians,5,155,72,82,643,677,N,N
1944,AL,,DET,DET,Detroit Tigers,2,156,88,66,658,581,N,N
1944,NN2,,HG,HG,Homestead Grays,1,43,25,17,354,263,Y,Y
1944,NAL,,KCM,KCM,Kansas City Monarchs,6,71,26,45,226,229,,
1944,NAL,,MRS,MRS,Memphis Red Sox,4,99,44,55,105,110,,
1944,NN2,,NBY,NBY,New York Black Yankees,6,32,5,27,59,169,,
1944,NN2,,NE,NE,Newark Eagles,5,46,23,23,156,175,,
1944,NL,,NY1,SFG,New York Giants,5,155,67,87,682,773,N,N
1944,AL,,NYA,NYY,New York Yankees,3,154,83,71,674,617,N,N
1944,NN2,,NYC,NYC,New York Cubans,3,38,20,17,200,169,,
1944,AL,,PHA,OAK,Philadelphia Athletics,5,155,72,82,525,594,N,N
1944,NL,,PHI,PHI,Philadelphia Blue Jays,8,154,61,92,539,658,N,N
1944,NL,,PIT,PIT,Pittsburgh Pirates,2,158,90,63,744,662,N,N
1944,NN2,,PS,PS,Philadelphia Stars,2,44,26,18,356,259,,
1944,AL,,SLA,BAL,St. Louis Browns,1,154,89,65,684,587,N,Y
1944,NL,,SLN,STL,St. Louis Cardinals,1,157,105,49,772,490,Y,Y
1944,AL,,WS1,MIN,Washington Senators,8,154,64,90,592,664,N,N
1945,NAL,,BBB,BBB,Birmingham Black Barons,3,66,37,27,120,131,,
1945,NN2,,BEG,BEG,Baltimore Elite Giants,2,43,25,17,319,320,,
1945,AL,,BOS,BOS,Boston Red Sox,7,157,71,83,599,674,N,N
1945,NL,,BRO,LAD,Brooklyn Dodgers,3,155,87,67,795,724,N,N
1945,NL,,BSN,ATL,Boston Braves,6,154,67,85,721,728,N,N
1945,NAL,,CAG,CAG,Chicago American Giants,4,74,38,35,199,203,,
1945,NAL,,CBE,CBE,Cleveland Buckeyes,1,68,52,15,108,63,Y,Y
1945,AL,,CHA,CHW,Chicago White Sox,6,150,71,78,596,633,N,N
1945,NL,,CHN,CHC,Chicago Cubs,1,155,98,56,735,532,N,Y
1945,NAL,,CIC,IC,Cincinnati-Indianapolis Clowns,5,68,27,40,81,139,,
1945,NL,,CIN,CIN,Cincinnati Reds,7,154,61,93,536,694,N,N
1945,AL,,CLE,CLE,Cleveland Indians,5,147,73,72,557,548,N,N
1945,AL,,DET,DET,Detroit Tigers,1,155,88,65,633,565,Y,Y
1945,NN2,,HG,HG,Homestead Grays,1,46,32,13,276,192,,Y
1945,NAL,,KCM,KCM,Kansas City Monarchs,2,64,35,27,273,231,,
1945,NAL,,MRS,MRS,Memphis Red Sox,6,76,15,60,107,157,,
1945,NN2,,NBY,NBY,New York Black Yankees,6,33,7,26,132,187,,
1945,NN2,,NE,NE,Newark Eagles,3,39,21,18,107,122,,
1945,NL,,NY1,SFG,New York Giants,5,154,78,74,668,700,N,N
1945,AL,,NYA,NYY,New York Yankees,4,152,81,71,676,606,N,N
1945,NN2,,NYC,NYC,New York Cubans,5,27,7,20,101,129,,
1945,AL,,PHA,OAK,Philadelphia Athletics,8,153,52,98,494,638,N,N
1945,NL,,PHI,PHI,Philadelphia Phillies,8,154,46,108,548,865,N,N
1945,NL,,PIT,PIT,Pittsburgh Pirates,4,155,82,72,753,686,N,N
1945,NN2,,PS,PS,Philadelphia Stars,4,40,21,19,294,242,,
1945,AL,,SLA,BAL,St. Louis Browns,3,154,81,70,597,548,N,N
1945,NL,,SLN,STL,St. Louis Cardinals,2,155,95,59,756,583,N,N
1945,AL,,WS1,MIN,Washington Senators,2,156,87,67,622,562,N,N
1946,NAL,,BBB,BBB,Birmingham Black Barons,2,66,34,31,46,46,,
1946,NN2,,BEG,BEG,Baltimore Elite Giants,4,58,27,29,318,310,,
1946,AL,,BOS,BOS,Boston Red Sox,1,156,104,50,792,594,N,Y
1946,NL,,BRO,LAD,Brooklyn Dodgers,2,157,96,60,701,570,N,N
1946,NL,,BSN,ATL,Boston Braves,4,154,81,72,630,592,N,N
1946,NAL,,CAG,CAG,Chicago American Giants,6,80,30,49,70,99,,
1946,NAL,,CBE,CBE,Cleveland Buckeyes,3,68,33,32,106,129,,
1946,AL,,CHA,CHW,Chicago White Sox,5,155,74,80,562,595,N,N
1946,NL,,CHN,CHC,Chicago Cubs,3,155,82,71,626,581,N,N
1946,NAL,,CIC,IC,Cincinnati-Indianapolis Clowns,4,69,31,37,135,132,,
1946,NL,,CIN,CIN,Cincinnati Reds,6,156,67,87,523,570,N,N
1946,AL,,CLE,CLE,Cleveland Indians,6,156,68,86,537,638,N,N
1946,AL,,DET,DET,Detroit Tigers,2,155,92,62,704,567,N,N
1946,NN2,,HG,HG,Homestead Grays,5,58,26,30,335,301,,
1946,NAL,,KCM,KCM,Kansas City Monarchs,1,67,48,17,198,166,,Y
1946,NAL,,MRS,MRS,Memphis Red Sox,5,76,32,42,46,76,,
1946,NN2,,NBY,NBY,New York Black Yankees,6,46,8,38,134,307,,
1946,NN2,,NE,NE,Newark Eagles,1,64,46,16,410,254,Y,Y
1946,NL,,NY1,SFG,New York Giants,8,154,61,93,612,685,N,N
1946,AL,,NYA,NYY,New York Yankees,3,154,87,67,684,547,N,N
1946,NN2,,NYC,NYC,New York Cubans,2,50,28,21,235,235,,
1946,AL,,PHA,OAK,Philadelphia Athletics,8,155,49,105,529,680,N,N
1946,NL,,PHI,PHI,Philadelphia Phillies,5,155,69,85,560,705,N,N
1946,NL,,PIT,PIT,Pittsburgh Pirates,7,155,63,91,552,668,N,N
1946,NN2,,PS,PS,Philadelphia Stars,3,56,27,28,335,313,,
1946,AL,,SLA,BAL,St. Louis Browns,7,156,66,88,621,710,N,N
1946,NL,,SLN,STL,St. Louis Cardinals,1,156,98,58,712,545,Y,Y
1946,AL,,WS1,MIN,Washington Senators,4,155,76,78,608,706,N,N
1947,NAL,,BBB,BBB,Birmingham Black Barons,3,79,42,37,82,91,,
1947,NN2,,BEG,BEG,Baltimore Elite Giants,3,79,41,36,367,285,,
1947,AL,,BOS,BOS,Boston Red Sox,3,157,83,71,720,669,N,N
1947,NL,,BRO,LAD,Brooklyn Dodgers,1,155,94,60,774,668,N,Y
1947,NL,,BSN,ATL,Boston Braves,3,154,86,68,701,622,N,N
1947,NAL,,CAG,CAG,Chicago American Giants,6,80,28,52,149,197,,
1947,NAL,,CBE,CBE,Cleveland Buckeyes,1,67,49,18,123,121,,Y
1947,AL,,CHA,CHW,Chicago White Sox,6,155,70,84,553,661,N,N
1947,NL,,CHN,CHC,Chicago Cubs,6,155,69,85,567,722,N,N
1947,NAL,,CIC,IC,Cincinnati-Indianapolis Clowns,5,82,30,50,136,186,,
1947,NL,,CIN,CIN,Cincinnati Reds,5,154,73,81,681,755,N,N
1947,AL,,CLE,CLE,Cleveland Indians,4,157,80,74,687,588,N,N
1947,AL,,DET,DET,Detroit Tigers,2,158,85,69,714,642,N,N
1947,NN2,,HG,HG,Homestead Grays,4,70,33,34,263,282,,
1947,NAL,,KCM,KCM,Kansas City Monarchs,2,76,47,29,433,350,,
1947,NAL,,MRS,MRS,Memphis Red Sox,4,88,38,48,117,139,,
1947,NN2,,NBY,NBY,New York Black Yankees,6,52,11,38,161,236,,
1947,NN2,,NE,NE,Newark Eagles,2,84,45,38,301,280,,
1947,NL,,NY1,SFG,New York Giants,4,155,81,73,830,761,N,N
1947,AL,,NYA,NYY,New York Yankees,1,155,97,57,794,568,Y,Y
1947,NN2,,NYC,NYC,New York Cubans,1,62,43,18,227,153,Y,Y
1947,AL,,PHA,OAK,Philadelphia Athletics,5,156,78,76,633,614,N,N
1947,NL,,PHI,PHI,Philadelphia Phillies,7,155,62,92,589,687,N,N
1947,NL,,PIT,PIT,Pittsburgh Pirates,7,156,62,92,744,817,N,N
1947,NN2,,PS,PS,Philadelphia Stars,5,59,24,33,247,286,,
1947,AL,,SLA,BAL,St. Louis Browns,8,154,59,95,564,744,N,N
1947,NL,,SLN,STL,St. Louis Cardinals,2,156,89,65,780,634,N,N
1947,AL,,WS1,MIN,Washington Senators,7,154,64,90,496,675,N,N
1948,NAL,,BBB,BBB,Birmingham Black Barons,1,78,56,22,190,137,,Y
1948,NN2,,BEG,BEG,Baltimore Elite Giants,2,73,46,25,321,210,,
1948,AL,,BOS,BOS,Boston Red Sox,2,155,96,59,907,720,N,N
1948,NL,,BRO,LAD,Brooklyn Dodgers,3,155,84,70,744,667,N,N
1948,NL,,BSN,ATL,Boston Braves,1,154,91,62,739,584,N,Y
1948,NAL,,CAG,CAG,Chicago American Giants,6,78,26,52,72,99,,
1948,NAL,,CBE,CBE,Cleveland Buckeyes,3,87,42,43,122,142,,
1948,AL,,CHA,CHW,Chicago White Sox,8,154,51,101,559,814,N,N
1948,NL,,CHN,CHC,Chicago Cubs,8,155,64,90,597,706,N,N
1948,NL,,CIN,CIN,Cincinnati Reds,7,153,64,89,588,752,N,N
1948,AL,,CLE,CLE,Cleveland Indians,1,156,97,58,840,568,Y,Y
1948,AL,,DET,DET,Detroit Tigers,5,154,78,76,700,726,N,N
1948,NN2,,HG,HG,Homestead Grays,1,62,39,21,209,208,Y,Y
1948,NAL,,IC,IC,Indianapolis Clowns,5,76,27,45,125,200,,
1948,NAL,,KCM,KCM,Kansas City Monarchs,2,80,49,28,307,241,,
1948,NAL,,MRS,MRS,Memphis Red Sox,4,91,39,49,65,100,,
1948,NN2,,NBY,NBY,New York Black Yankees,6,46,9,37,76,158,,
1948,NN2,,NE,NE,Newark Eagles,3,57,29,27,206,209,,
1948,NL,,NY1,SFG,New York Giants,5,155,78,76,780,704,N,N
1948,AL,,NYA,NYY,New York Yankees,3,154,94,60,857,633,N,N
1948,NN2,,NYC,NYC,New York Cubans,5,45,17,27,206,197,,
1948,AL,,PHA,OAK,Philadelphia Athletics,4,154,84,70,729,735,N,N
1948,NL,,PHI,PHI,Philadelphia Phillies,6,155,66,88,591,729,N,N
1948,NL,,PIT,PIT,Pittsburgh Pirates,4,156,83,71,706,699,N,N
1948,NN2,,PS,PS,Philadelphia Stars,4,59,27,30,210,208,,
1948,AL,,SLA,BAL,St. Louis Browns,6,155,59,94,671,849,N,N
1948,NL,,SLN,STL,St. Louis Cardinals,2,155,85,69,742,646,N,N
1948,AL,,WS1,MIN,Washington Senators,7,154,56,97,578,796,N,N
1949,AL,,BOS,BOS,Boston Red Sox,2,155,96,58,896,667,N,N
1949,NL,,BRO,LAD,Brooklyn Dodgers,1,156,97,57,879,651,N,Y
1949,NL,,BSN,ATL,Boston Braves,4,157,75,79,706,719,N,N
1949,AL,,CHA,CHW,Chicago White Sox,6,154,63,91,648,737,N,N
1949,NL,,CHN,CHC,Chicago Cubs,8,154,61,93,593,773,N,N
1949,NL,,CIN,CIN,Cincinnati Reds,7,156,62,92,627,770,N,N
1949,AL,,CLE,CLE,Cleveland Indians,3,154,89,65,675,574,N,N
1949,AL,,DET,DET,Detroit Tigers,4,155,87,67,751,655,N,N
1949,NL,,NY1,SFG,New York Giants,5,156,73,81,736,693,N,N
1949,AL,,NYA,NYY,New York Yankees,1,155,97,57,829,637,Y,Y
1949,AL,,PHA,OAK,Philadelphia Athletics,5,154,81,73,726,725,N,N
1949,NL,,PHI,PHI,Philadelphia Phillies,3,154,81,73,662,668,N,N
1949,NL,,PIT,PIT,Pittsburgh Pirates,6,154,71,83,681,760,N,N
1949,AL,,SLA,BAL,St. Louis Browns,7,155,53,101,667,913,N,N
1949,NL,,SLN,STL,St. Louis Cardinals,2,157,96,58,766,616,N,N
1949,AL,,WS1,MIN,Washington Senators,8,154,50,104,584,868,N,N
1950,AL,,BOS,BOS,Boston Red Sox,3,154,94,60,1027,804,N,N
1950,NL,,BRO,LAD,Brooklyn Dodgers,2,155,89,65,847,724,N,N
1950,NL,,BSN,ATL,Boston Braves,4,156,83,71,785,736,N,N
1950,AL,,CHA,CHW,Chicago White Sox,6,156,60,94,625,749,N,N
1950,NL,,CHN,CHC,Chicago Cubs,7,154,64,89,643,772,N,N
1950,NL,,CIN,CIN,Cincinnati Reds,6,153,66,87,654,734,N,N
1950,AL,,CLE,CLE,Cleveland Indians,4,155,92,62,806,654,N,N
1950,AL,,DET,DET,Detroit Tigers,2,157,95,59,837,713,N,N
1950,NL,,NY1,SFG,New York Giants,3,154,86,68,735,643,N,N
1950,AL,,NYA,NYY,New York Yankees,1,155,98,56,914,691,Y,Y
1950,AL,,PHA,OAK,Philadelphia Athletics,8,154,52,102,670,913,N,N
1950,NL,,PHI,PHI,Philadelphia Phillies,1,157,91,63,722,624,N,Y
1950,NL,,PIT,PIT,Pittsburgh Pirates,8,154,57,96,681,857,N,N
1950,AL,,SLA,BAL,St. Louis Browns,7,154,58,96,684,916,N,N
1950,NL,,SLN,STL,St. Louis Cardinals,5,153,78,75,693,670,N,N
1950,AL,,WS1,MIN,Washington Senators,5,155,67,87,690,813,N,N
1951,AL,,BOS,BOS,Boston Red Sox,3,154,87,67,804,725,N,N
1951,NL,,BRO,LAD,Brooklyn Dodgers,2,158,97,60,855,672,N,N
1951,NL,,BSN,ATL,Boston Braves,4,155,76,78,723,662,N,N
1951,AL,,CHA,CHW,Chicago White Sox,4,155,81,73,714,644,N,N
1951,NL,,CHN,CHC,Chicago Cubs,8,155,62,92,614,750,N,N
1951,NL,,CIN,CIN,Cincinnati Reds,6,155,68,86,559,667,N,N
1951,AL,,CLE,CLE,Cleveland Indians,2,155,93,61,696,594,N,N
1951,AL,,DET,DET,Detroit Tigers,5,154,73,81,685,741,N,N
1951,NL,,NY1,SFG,New York Giants,1,157,98,59,781,641,N,Y
1951,AL,,NYA,NYY,New York Yankees,1,154,98,56,798,621,Y,Y
1951,AL,,PHA,OAK,Philadelphia Athletics,6,154,70,84,736,745,N,N
1951,NL,,PHI,PHI,Philadelphia Phillies,5,154,73,81,648,644,N,N
1951,NL,,PIT,PIT,Pittsburgh Pirates,7,155,64,90,689,845,N,N
1951,AL,,SLA,BAL,St. Louis Browns,8,154,52,102,611,882,N,N
1951,NL,,SLN,STL,St. Louis Cardinals,3,155,81,73,683,671,N,N
1951,AL,,WS1,MIN,Washington Senators,7,154,62,92,672,764,N,N
1952,AL,,BOS,BOS,Boston Red Sox,6,154,76,78,668,658,N,N
1952,NL,,BRO,LAD,Brooklyn Dodgers,1,155,96,57,775,603,N,Y
1952,NL,,BSN,ATL,Boston Braves,7,155,64,89,569,651,N,N
1952,AL,,CHA,CHW,Chicago White Sox,3,156,81,73,610,568,N,N
1952,NL,,CHN,CHC,Chicago Cubs,5,155,77,77,628,631,N,N
1952,NL,,CIN,CIN,Cincinnati Reds,6,154,69,85,615,659,N,N
1952,AL,,CLE,CLE,Cleveland Indians,2,155,93,61,763,606,N,N
1952,AL,,DET,DET,Detroit Tigers,8,156,50,104,557,738,N,N
1952,NL,,NY1,SFG,New York Giants,2,154,92,62,722,639,N,N
1952,AL,,NYA,NYY,New York Yankees,1,154,95,59,727,557,Y,Y
1952,AL,,PHA,OAK,Philadelphia Athletics,4,155,79,75,664,723,N,N
1952,NL,,PHI,PHI,Philadelphia Phillies,4,154,87,67,657,552,N,N
1952,NL,,PIT,PIT,Pittsburgh Pirates,8,155,42,112,515,793,N,N
1952,AL,,SLA,BAL,St. Louis Browns,7,155,64,90,604,733,N,N
1952,NL,,SLN,STL,St. Louis Cardinals,3,154,88,66,677,630,N,N
1952,AL,,WS1,MIN,Washington Senators,5,157,78,76,598,608,N,N
1953,AL,,BOS,BOS,Boston Red Sox,4,153,84,69,656,632,N,N
1953,NL,,BRO,LAD,Brooklyn Dodgers,1,155,105,49,955,689,N,Y
1953,AL,,CHA,CHW,Chicago White Sox,3,156,89,65,716,592,N,N
1953,NL,,CHN,CHC,Chicago Cubs,7,155,65,89,633,835,N,N
1953,NL,,CIN,CIN,Cincinnati Reds,6,155,68,86,714,788,N,N
1953,AL,,CLE,CLE,Cleveland Indians,2,155,92,62,770,627,N,N
1953,AL,,DET,DET,Detroit Tigers,6,158,60,94,695,923,N,N
1953,NL,,ML1,ATL,Milwaukee Braves,2,157,92,62,738,589,N,N
1953,NL,,NY1,SFG,New York Giants,5,155,70,84,768,747,N,N
1953,AL,,NYA,NYY,New York Yankees,1,151,99,52,801,547,Y,Y
1953,AL,,PHA,OAK,Philadelphia Athletics,7,157,59,95,632,799,N,N
1953,NL,,PHI,PHI,Philadelphia Phillies,3,156,83,71,716,666,N,N
1953,NL,,PIT,PIT,Pittsburgh Pirates,8,154,50,104,622,887,N,N
1953,AL,,SLA,BAL,St. Louis Browns,8,154,54,100,555,778,N,N
1953,NL,,SLN,STL,St. Louis Cardinals,3,157,83,71,768,713,N,N
1953,AL,,WS1,MIN,Washington Senators,5,152,76,76,687,614,N,N
1954,AL,,BAL,BAL,Baltimore Orioles,7,154,54,100,483,668,N,N
1954,AL,,BOS,BOS,Boston Red Sox,4,156,69,85,700,728,N,N
1954,NL,,BRO,LAD,Brooklyn Dodgers,2,154,92,62,778,740,N,N
1954,AL,,CHA,CHW,Chicago White Sox,3,155,94,60,711,521,N,N
1954,NL,,CHN,CHC,Chicago Cubs,7,154,64,90,700,766,N,N
1954,NL,,CIN,CIN,Cincinnati Redlegs,5,154,74,80,729,763,N,N
1954,AL,,CLE,CLE,Cleveland Indians,1,156,111,43,746,504,N,Y
1954,AL,,DET,DET,Detroit Tigers,5,155,68,86,584,664,N,N
1954,NL,,ML1,ATL,Milwaukee Braves,3,154,89,65,670,556,N,N
1954,NL,,NY1,SFG,New York Giants,1,154,97,57,732,550,Y,Y
1954,AL,,NYA,NYY,New York Yankees,2,155,103,51,805,563,N,N
1954,AL,,PHA,OAK,Philadelphia Athletics,8,156,51,103,542,875,N,N
1954,NL,,PHI,PHI,Philadelphia Phillies,4,154,75,79,659,614,N,N
1954,NL,,PIT,PIT,Pittsburgh Pirates,8,154,53,101,557,845,N,N
1954,NL,,SLN,STL,St. Louis Cardinals,6,154,72,82,799,790,N,N
1954,AL,,WS1,MIN,Washington Senators,6,155,66,88,632,680,N,N
1955,AL,,BAL,BAL,Baltimore Orioles,7,156,57,97,540,754,N,N
1955,AL,,BOS,BOS,Boston Red Sox,4,154,84,70,755,652,N,N
1955,NL,,BRO,LAD,Brooklyn Dodgers,1,154,98,55,857,650,Y,Y
1955,AL,,CHA,CHW,Chicago White Sox,3,155,91,63,725,557,N,N
1955,NL,,CHN,CHC,Chicago Cubs,6,154,72,81,626,713,N,N
1955,NL,,CIN,CIN,Cincinnati Redlegs,5,154,75,79,761,684,N,N
1955,AL,,CLE,CLE,Cleveland Indians,2,154,93,61,698,601,N,N
1955,AL,,DET,DET,Detroit Tigers,5,154,79,75,775,658,N,N
1955,AL,,KC1,OAK,Kansas City Athletics,6,155,63,91,638,911,N,N
1955,NL,,ML1,ATL,Milwaukee Braves,2,154,85,69,743,668,N,N
1955,NL,,NY1,SFG,New York Giants,3,154,80,74,702,673,N,N
1955,AL,,NYA,NYY,New York Yankees,1,154,96,58,762,569,N,Y
1955,NL,,PHI,PHI,Philadelphia Phillies,4,154,77,77,675,666,N,N
1955,NL,,PIT,PIT,Pittsburgh Pirates,8,154,60,94,560,767,N,N
1955,NL,,SLN,STL,St. Louis Cardinals,7,154,68,86,654,757,N,N
1955,AL,,WS1,MIN,Washington Senators,8,154,53,101,598,789,N,N
1956,AL,,BAL,BAL,Baltimore Orioles,6,154,69,85,571,705,N,N
1956,AL,,BOS,BOS,Boston Red Sox,4,155,84,70,780,751,N,N
1956,NL,,BRO,LAD,Brooklyn Dodgers,1,154,93,61,720,601,N,Y
1956,AL,,CHA,CHW,Chicago White Sox,3,154,85,69,776,634,N,N
1956,NL,,CHN,CHC,Chicago Cubs,8,157,60,94,597,708,N,N
1956,NL,,CIN,CIN,Cincinnati Redlegs,3,155,91,63,775,658,N,N
1956,AL,,CLE,CLE,Cleveland Indians,2,155,88,66,712,581,N,N
1956,AL,,DET,DET,Detroit Tigers,5,155,82,72,789,699,N,N
1956,AL,,KC1,OAK,Kansas City Athletics,8,154,52,102,619,831,N,N
1956,NL,,ML1,ATL,Milwaukee Braves,2,155,92,62,709,569,N,N
1956,NL,,NY1,SFG,New York Giants,6,154,67,87,540,650,N,N
1956,AL,,NYA,NYY,New York Yankees,1,154,97,57,857,631,Y,Y
1956,NL,,PHI,PHI,Philadelphia Phillies,5,154,71,83,668,738,N,N
1956,NL,,PIT,PIT,Pittsburgh Pirates,7,157,66,88,588,653,N,N
1956,NL,,SLN,STL,St. Louis Cardinals,4,156,76,78,678,698,N,N
1956,AL,,WS1,MIN,Washington Senators,7,155,59,95,652,924,N,N
1957,AL,,BAL,BAL,Baltimore Orioles,5,154,76,76,597,588,N,N
1957,AL,,BOS,BOS,Boston Red Sox,3,154,82,72,721,668,N,N
1957,NL,,BRO,LAD,Brooklyn Dodgers,3,154,84,70,690,591,N,N
1957,AL,,CHA,CHW,Chicago White Sox,2,155,90,64,707,566,N,N
1957,NL,,CHN,CHC,Chicago Cubs,7,156,62,92,628,722,N,N
1957,NL,,CIN,CIN,Cincinnati Redlegs,4,154,80,74,747,781,N,N
1957,AL,,CLE,CLE,Cleveland Indians,6,153,76,77,682,722,N,N
1957,AL,,DET,DET,Detroit Tigers,4,154,78,76,614,614,N,N
1957,AL,,KC1,OAK,Kansas City Athletics,7,154,59,94,563,710,N,N
1957,NL,,ML1,ATL,Milwaukee Braves,1,155,95,59,772,613,Y,Y
1957,NL,,NY1,SFG,New York Giants,6,154,69,85,643,701,N,N
1957,AL,,NYA,NYY,New York Yankees,1,154,98,56,723,534,N,Y
1957,NL,,PHI,PHI,Philadelphia Phillies,5,156,77,77,623,656,N,N
1957,NL,,PIT,PIT,Pittsburgh Pirates,7,155,62,92,586,696,N,N
1957,NL,,SLN,STL,St. Louis Cardinals,2,154,87,67,737,666,N,N
1957,AL,,WS1,MIN,Washington Senators,8,154,55,99,603,808,N,N
1958,AL,,BAL,BAL,Baltimore Orioles,6,154,74,79,521,575,N,N
1958,AL,,BOS,BOS,Boston Red Sox,3,155,79,75,697,691,N,N
1958,AL,,CHA,CHW,Chicago White Sox,2,155,82,72,634,615,N,N
1958,NL,,CHN,CHC,Chicago Cubs,5,154,72,82,709,725,N,N
1958,NL,,CIN,CIN,Cincinnati Redlegs,4,154,76,78,695,621,N,N
1958,AL,,CLE,CLE,Cleveland Indians,4,153,77,76,694,635,N,N
1958,AL,,DET,DET,Detroit Tigers,5,154,77,77,659,606,N,N
1958,AL,,KC1,OAK,Kansas City Athletics,7,156,73,81,642,713,N,N
1958,NL,,LAN,LAD,Los Angeles Dodgers,7,154,71,83,668,761,N,N
1958,NL,,ML1,ATL,Milwaukee Braves,1,154,92,62,675,541,N,Y
1958,AL,,NYA,NYY,New York Yankees,1,155,92,62,759,577,Y,Y
1958,NL,,PHI,PHI,Philadelphia Phillies,8,154,69,85,664,762,N,N
1958,NL,,PIT,PIT,Pittsburgh Pirates,2,154,84,70,662,607,N,N
1958,NL,,SFN,SFG,San Francisco Giants,3,154,80,74,727,698,N,N
1958,NL,,SLN,STL,St. Louis Cardinals,5,154,72,82,619,704,N,N
1958,AL,,WS1,MIN,Washington Senators,8,156,61,93,553,747,N,N
1959,AL,,BAL,BAL,Baltimore Orioles,6,155,74,80,551,621,N,N
1959,AL,,BOS,BOS,Boston Red Sox,5,154,75,79,726,696,N,N
1959,AL,,CHA,CHW,Chicago White Sox,1,156,94,60,669,588,N,Y
1959,NL,,CHN,CHC,Chicago Cubs,5,155,74,80,673,688,N,N
1959,NL,,CIN,CIN,Cincinnati Redlegs,5,154,74,80,764,738,N,N
1959,AL,,CLE,CLE,Cleveland Indians,2,154,89,65,745,646,N,N
1959,AL,,DET,DET,Detroit Tigers,4,154,76,78,713,732,N,N
1959,AL,,KC1,OAK,Kansas City Athletics,7,154,66,88,681,760,N,N
1959,NL,,LAN,LAD,Los Angeles Dodgers,1,156,88,68,705,670,Y,Y
1959,NL,,ML1,ATL,Milwaukee Braves,2,157,86,70,724,623,N,N
1959,AL,,NYA,NYY,New York Yankees,3,155,79,75,687,647,N,N
1959,NL,,PHI,PHI,Philadelphia Phillies,8,155,64,90,599,725,N,N
1959,NL,,PIT,PIT,Pittsburgh Pirates,4,155,78,76,651,680,N,N
1959,NL,,SFN,SFG,San Francisco Giants,3,154,83,71,705,613,N,N
1959,NL,,SLN,STL,St. Louis Cardinals,7,154,71,83,641,725,N,N
1959,AL,,WS1,MIN,Washington Senators,8,154,63,91,619,701,N,N
1960,AL,,BAL,BAL,Baltimore Orioles,2,154,89,65,682,606,N,N
1960,AL,,BOS,BOS,Boston Red Sox,7,154,65,89,658,775,N,N
1960,AL,,CHA,CHW,Chicago White Sox,3,154,87,67,741,617,N,N
1960,NL,,CHN,CHC,Chicago Cubs,7,156,60,94,634,776,N,N
1960,NL,,CIN,CIN,Cincinnati Reds,6,154,67,87,640,692,N,N
1960,AL,,CLE,CLE,Cleveland Indians,4,154,76,78,667,693,N,N
1960,AL,,DET,DET,Detroit Tigers,6,154,71,83,633,644,N,N
1960,AL,,KC1,OAK,Kansas City Athletics,8,155,58,96,615,756,N,N
1960,NL,,LAN,LAD,Los Angeles Dodgers,4,154,82,72,662,593,N,N
1960,NL,,ML1,ATL,Milwaukee Braves,2,154,88,66,724,658,N,N
1960,AL,,NYA,NYY,New York Yankees,1,155,97,57,746,627,N,Y
1960,NL,,PHI,PHI,Philadelphia Phillies,8,154,59,95,546,691,N,N
1960,NL,,PIT,PIT,Pittsburgh Pirates,1,155,95,59,734,593,Y,Y
1960,NL,,SFN,SFG,San Francisco Giants,5,156,79,75,671,631,N,N
1960,NL,,SLN,STL,St. Louis Cardinals,3,155,86,68,639,616,N,N
1960,AL,,WS1,MIN,Washington Senators,5,154,73,81,672,696,N,N
1961,AL,,BAL,BAL,Baltimore Orioles,3,163,95,67,691,588,N,N
1961,AL,,BOS,BOS,Boston Red Sox,6,163,76,86,729,792,N,N
1961,AL,,CHA,CHW,Chicago White Sox,4,163,86,76,765,726,N,N
1961,NL,,CHN,CHC,Chicago Cubs,7,156,64,90,689,800,N,N
1961,NL,,CIN,CIN,Cincinnati Reds,1,154,93,61,710,653,N,Y
1961,AL,,CLE,CLE,Cleveland Indians,5,161,78,83,737,752,N,N
1961,AL,,DET,DET,Detroit Tigers,2,163,101,61,841,671,N,N
1961,AL,,KC1,OAK,Kansas City Athletics,9,162,61,100,683,863,N,N
1961,AL,,LAA,ANA,Los Angeles Angels,8,162,70,91,744,784,N,N
1961,NL,,LAN,LAD,Los Angeles Dodgers,2,154,89,65,735,697,N,N
1961,AL,,MIN,MIN,Minnesota Twins,7,161,70,90,707,778,N,N
1961,NL,,ML1,ATL,Milwaukee Braves,4,155,83,71,712,656,N,N
1961,AL,,NYA,NYY,New York Yankees,1,163,109,53,827,612,Y,Y
1961,NL,,PHI,PHI,Philadelphia Phillies,8,155,47,107,584,796,N,N
1961,NL,,PIT,PIT,Pittsburgh Pirates,6,154,75,79,694,675,N,N
1961,NL,,SFN,SFG,San Francisco Giants,3,155,85,69,773,655,N,N
1961,NL,,SLN,STL,St. Louis Cardinals,5,155,80,74,703,668,N,N
1961,AL,,WS2,TEX,Washington Senators,9,161,61,100,618,776,N,N
1962,AL,,BAL,BAL,Baltimore Orioles,7,162,77,85,652,680,N,N
1962,AL,,BOS,BOS,Boston Red Sox,8,160,76,84,707,756,N,N
1962,AL,,CHA,CHW,Chicago White Sox,5,162,85,77,707,658,N,N
1962,NL,,CHN,CHC,Chicago Cubs,9,162,59,103,632,827,N,N
1962,NL,,CIN,CIN,Cincinnati Reds,3,162,98,64,802,685,N,N
1962,AL,,CLE,CLE,Cleveland Indians,6,162,80,82,682,745,N,N
1962,AL,,DET,DET,Detroit Tigers,4,161,85,76,758,692,N,N
1962,NL,,HOU,HOU,Houston Colt .45's,8,162,64,96,592,717,N,N
1962,AL,,KC1,OAK,Kansas City Athletics,9,162,72,90,745,837,N,N
1962,AL,,LAA,ANA,Los Angeles Angels,3,162,86,76,718,706,N,N
1962,NL,,LAN,LAD,Los Angeles Dodgers,2,165,102,63,842,697,N,N
1962,AL,,MIN,MIN,Minnesota Twins,2,163,91,71,798,713,N,N
1962,NL,,ML1,ATL,Milwaukee Braves,5,162,86,76,730,665,N,N
1962,AL,,NYA,NYY,New York Yankees,1,162,96,66,817,680,Y,Y
1962,NL,,NYN,NYM,New York Mets,10,161,40,120,617,948,N,N
1962,NL,,PHI,PHI,Philadelphia Phillies,7,161,81,80,705,759,N,N
1962,NL,,PIT,PIT,Pittsburgh Pirates,4,161,93,68,706,626,N,N
1962,NL,,SFN,SFG,San Francisco Giants,1,165,103,62,878,690,N,Y
1962,NL,,SLN,STL,St. Louis Cardinals,6,163,84,78,774,664,N,N
1962,AL,,WS2,TEX,Washington Senators,10,162,60,101,599,716,N,N
1963,AL,,BAL,BAL,Baltimore Orioles,4,162,86,76,644,621,N,N
1963,AL,,BOS,BOS,Boston Red Sox,7,161,76,85,666,704,N,N
1963,AL,,CHA,CHW,Chicago White Sox,2,162,94,68,683,544,N,N
1963,NL,,CHN,CHC,Chicago Cubs,7,162,82,80,570,578,N,N
1963,NL,,CIN,CIN,Cincinnati Reds,5,162,86,76,648,594,N,N
1963,AL,,CLE,CLE,Cleveland Indians,5,162,79,83,635,702,N,N
1963,AL,,DET,DET,Detroit Tigers,5,162,79,83,700,703,N,N
1963,NL,,HOU,HOU,Houston Colt .45's,9,162,66,96,464,640,N,N
1963,AL,,KC1,OAK,Kansas City Athletics,8,162,73,89,615,704,N,N
1963,AL,,LAA,ANA,Los Angeles Angels,9,161,70,91,597,660,N,N
1963,NL,,LAN,LAD,Los Angeles Dodgers,1,163,99,63,640,550,Y,Y
1963,AL,,MIN,MIN,Minnesota Twins,3,161,91,70,767,602,N,N
1963,NL,,ML1,ATL,Milwaukee Braves,6,163,84,78,677,603,N,N
1963,AL,,NYA,NYY,New York Yankees,1,161,104,57,714,547,N,Y
1963,NL,,NYN,NYM,New York Mets,10,162,51,111,501,774,N,N
1963,NL,,PHI,PHI,Philadelphia Phillies,4,162,87,75,642,578,N,N
1963,NL,,PIT,PIT,Pittsburgh Pirates,8,162,74,88,567,595,N,N
1963,NL,,SFN,SFG,San Francisco Giants,3,162,88,74,725,641,N,N
1963,NL,,SLN,STL,St. Louis Cardinals,2,162,93,69,747,628,N,N
1963,AL,,WS2,TEX,Washington Senators,10,162,56,106,578,812,N,N
1964,AL,,BAL,BAL,Baltimore Orioles,3,163,97,65,679,567,N,N
1964,AL,,BOS,BOS,Boston Red Sox,8,162,72,90,688,793,N,N
1964,AL,,CHA,CHW,Chicago White Sox,2,162,98,64,642,501,N,N
1964,NL,,CHN,CHC,Chicago Cubs,8,162,76,86,649,724,N,N
1964,NL,,CIN,CIN,Cincinnati Reds,2,163,92,70,660,566,N,N
1964,AL,,CLE,CLE,Cleveland Indians,6,164,79,83,689,693,N,N
1964,AL,,DET,DET,Detroit Tigers,4,163,85,77,699,678,N,N
1964,NL,,HOU,HOU,Houston Colt .45's,9,162,66,96,495,628,N,N
1964,AL,,KC1,OAK,Kansas City Athletics,10,163,57,105,621,836,N,N
1964,AL,,LAA,ANA,Los Angeles Angels,5,162,82,80,544,551,N,N
1964,NL,,LAN,LAD,Los Angeles Dodgers,6,164,80,82,614,572,N,N
1964,AL,,MIN,MIN,Minnesota Twins,6,163,79,83,737,678,N,N
1964,NL,,ML1,ATL,Milwaukee Braves,5,162,88,74,803,744,N,N
1964,AL,,NYA,NYY,New York Yankees,1,164,99,63,730,577,N,Y
1964,NL,,NYN,NYM,New York Mets,10,163,53,109,569,776,N,N
1964,NL,,PHI,PHI,Philadelphia Phillies,2,162,92,70,693,632,N,N
1964,NL,,PIT,PIT,Pittsburgh Pirates,6,162,80,82,663,636,N,N
1964,NL,,SFN,SFG,San Francisco Giants,4,162,90,72,656,587,N,N
1964,NL,,SLN,STL,St. Louis Cardinals,1,162,93,69,715,652,Y,Y
1964,AL,,WS2,TEX,Washington Senators,9,162,62,100,578,733,N,N
1965,AL,,BAL,BAL,Baltimore Orioles,3,162,94,68,641,578,N,N
1965,AL,,BOS,BOS,Boston Red Sox,9,162,62,100,669,791,N,N
1965,AL,,CAL,ANA,California Angels,7,162,75,87,527,569,N,N
1965,AL,,CHA,CHW,Chicago White Sox,2,162,95,67,647,555,N,N
1965,NL,,CHN,CHC,Chicago Cubs,8,164,72,90,635,723,N,N
1965,NL,,CIN,CIN,Cincinnati Reds,4,162,89,73,825,704,N,N
1965,AL,,CLE,CLE,Cleveland Indians,5,162,87,75,663,613,N,N
1965,AL,,DET,DET,Detroit Tigers,4,162,89,73,680,602,N,N
1965,NL,,HOU,HOU,Houston Astros,9,162,65,97,569,711,N,N
1965,AL,,KC1,OAK,Kansas City Athletics,10,162,59,103,585,755,N,N
1965,NL,,LAN,LAD,Los Angeles Dodgers,1,162,97,65,608,521,Y,Y
1965,AL,,MIN,MIN,Minnesota Twins,1,162,102,60,774,600,N,Y
1965,NL,,ML1,ATL,Milwaukee Braves,5,162,86,76,708,633,N,N
1965,AL,,NYA,NYY,New York Yankees,6,162,77,85,611,604,N,N
1965,NL,,NYN,NYM,New York Mets,10,164,50,112,495,752,N,N
1965,NL,,PHI,PHI,Philadelphia Phillies,6,162,85,76,654,667,N,N
1965,NL,,PIT,PIT,Pittsburgh Pirates,3,163,90,72,675,580,N,N
1965,NL,,SFN,SFG,San Francisco Giants,2,163,95,67,682,593,N,N
1965,NL,,SLN,STL,St. Louis Cardinals,7,162,80,81,707,674,N,N
1965,AL,,WS2,TEX,Washington Senators,8,162,70,92,591,721,N,N
1966,NL,,ATL,ATL,Atlanta Braves,5,163,85,77,782,683,N,N
1966,AL,,BAL,BAL,Baltimore Orioles,1,160,97,63,755,601,Y,Y
1966,AL,,BOS,BOS,Boston Red Sox,9,162,72,90,655,731,N,N
1966,AL,,CAL,ANA,California Angels,6,162,80,82,604,643,N,N
1966,AL,,CHA,CHW,Chicago White Sox,4,163,83,79,574,517,N,N
1966,NL,,CHN,CHC,Chicago Cubs,10,162,59,103,644,809,N,N
1966,NL,,CIN,CIN,Cincinnati Reds,7,160,76,84,692,702,N,N
1966,AL,,CLE,CLE,Cleveland Indians,5,162,81,81,574,586,N,N
1966,AL,,DET,DET,Detroit Tigers,3,162,88,74,719,698,N,N
1966,NL,,HOU,HOU,Houston Astros,8,163,72,90,612,695,N,N
1966,AL,,KC1,OAK,Kansas City Athletics,7,160,74,86,564,648,N,N
1966,NL,,LAN,LAD,Los Angeles Dodgers,1,162,95,67,606,490,N,Y
1966,AL,,MIN,MIN,Minnesota Twins,2,162,89,73,663,581,N,N
1966,AL,,NYA,NYY,New York Yankees,10,160,70,89,611,612,N,N
1966,NL,,NYN,NYM,New York Mets,9,161,66,95,587,761,N,N
1966,NL,,PHI,PHI,Philadelphia Phillies,4,162,87,75,696,640,N,N
1966,NL,,PIT,PIT,Pittsburgh Pirates,3,162,92,70,759,641,N,N
1966,NL,,SFN,SFG,San Francisco Giants,2,161,93,68,675,626,N,N
1966,NL,,SLN,STL,St. Louis Cardinals,6,162,83,79,571,577,N,N
1966,AL,,WS2,TEX,Washington Senators,8,159,71,88,557,659,N,N
1967,NL,,ATL,ATL,Atlanta Braves,7,162,77,85,631,640,N,N
1967,AL,,BAL,BAL,Baltimore Orioles,6,161,76,85,654,592,N,N
1967,AL,,BOS,BOS,Boston Red Sox,1,162,92,70,722,614,N,Y
1967,AL,,CAL,ANA,California Angels,5,161,84,77,567,587,N,N
1967,AL,,CHA,CHW,Chicago White Sox,4,162,89,73,531,491,N,N
1967,NL,,CHN,CHC,Chicago Cubs,3,162,87,74,702,624,N,N
1967,NL,,CIN,CIN,Cincinnati Reds,4,162,87,75,604,563,N,N
1967,AL,,CLE,CLE,Cleveland Indians,8,162,75,87,559,613,N,N
1967,AL,,DET,DET,Detroit Tigers,2,163,91,71,683,587,N,N
1967,NL,,HOU,HOU,Houston Astros,9,162,69,93,626,742,N,N
1967,AL,,KC1,OAK,Kansas City Athletics,10,161,62,99,533,660,N,N
1967,NL,,LAN,LAD,Los Angeles Dodgers,8,162,73,89,519,595,N,N
1967,AL,,MIN,MIN,Minnesota Twins,2,164,91,71,671,590,N,N
1967,AL,,NYA,NYY,New York Yankees,9,163,72,90,522,621,N,N
1967,NL,,NYN,NYM,New York Mets,10,162,61,101,498,672,N,N
1967,NL,,PHI,PHI,Philadelphia Phillies,5,162,82,80,612,581,N,N
1967,NL,,PIT,PIT,Pittsburgh Pirates,6,163,81,81,679,693,N,N
1967,NL,,SFN,SFG,San Francisco Giants,2,162,91,71,652,551,N,N
1967,NL,,SLN,STL,St. Louis Cardinals,1,161,101,60,695,557,Y,Y
1967,AL,,WS2,TEX,Washington Senators,6,161,76,85,550,637,N,N
1968,NL,,ATL,ATL,Atlanta Braves,5,163,81,81,514,549,N,N
1968,AL,,BAL,BAL,Baltimore Orioles,2,162,91,71,579,497,N,N
1968,AL,,BOS,BOS,Boston Red Sox,4,162,86,76,614,611,N,N
1968,AL,,CAL,ANA,California Angels,8,162,67,95,498,615,N,N
1968,AL,,CHA,CHW,Chicago White Sox,8,162,67,95,463,527,N,N
1968,NL,,CHN,CHC,Chicago Cubs,3,163,84,78,612,611,N,N
1968,NL,,CIN,CIN,Cincinnati Reds,4,163,83,79,690,673,N,N
1968,AL,,CLE,CLE,Cleveland Indians,3,162,86,75,516,504,N,N
1968,AL,,DET,DET,Detroit Tigers,1,164,103,59,671,492,Y,Y
1968,NL,,HOU,HOU,Houston Astros,10,162,72,90,510,588,N,N
1968,NL,,LAN,LAD,Los Angeles Dodgers,7,162,76,86,470,509,N,N
1968,AL,,MIN,MIN,Minnesota Twins,7,162,79,83,562,546,N,N
1968,AL,,NYA,NYY,New York Yankees,5,164,83,79,536,531,N,N
1968,NL,,NYN,NYM,New York Mets,9,163,73,89,473,499,N,N
1968,AL,,OAK,OAK,Oakland Athletics,6,163,82,80,569,544,N,N
1968,NL,,PHI,PHI,Philadelphia Phillies,7,162,76,86,543,615,N,N
1968,NL,,PIT,PIT,Pittsburgh Pirates,6,163,80,82,583,532,N,N
1968,NL,,SFN,SFG,San Francisco Giants,2,163,88,74,599,529,N,N
1968,NL,,SLN,STL,St. Louis Cardinals,1,162,97,65,583,472,N,Y
1968,AL,,WS2,TEX,Washington Senators,10,161,65,96,524,665,N,N
1969,NL,W,ATL,ATL,Atlanta Braves,1,162,93,69,691,631,N,N
1969,AL,E,BAL,BAL,Baltimore Orioles,1,162,109,53,779,517,N,Y
1969,AL,E,BOS,BOS,Boston Red Sox,3,162,87,75,743,736,N,N
1969,AL,W,CAL,ANA,California Angels,3,163,71,91,528,652,N,N
1969,AL,W,CHA,CHW,Chicago White Sox,5,162,68,94,625,723,N,N
1969,NL,E,CHN,CHC,Chicago Cubs,2,163,92,70,720,611,N,N
1969,NL,W,CIN,CIN,Cincinnati Reds,3,163,89,73,798,768,N,N
1969,AL,E,CLE,CLE,Cleveland Indians,6,161,62,99,573,717,N,N
1969,AL,E,DET,DET,Detroit Tigers,2,162,90,72,701,601,N,N
1969,NL,W,HOU,HOU,Houston Astros,5,162,81,81,676,668,N,N
1969,AL,W,KCA,KCR,Kansas City Royals,4,163,69,93,586,688,N,N
1969,NL,W,LAN,LAD,Los Angeles Dodgers,4,162,85,77,645,561,N,N
1969,AL,W,MIN,MIN,Minnesota Twins,1,162,97,65,790,618,N,N
1969,NL,E,MON,WSN,Montreal Expos,6,162,52,110,582,791,N,N
1969,AL,E,NYA,NYY,New York Yankees,5,162,80,81,562,587,N,N
1969,NL,E,NYN,NYM,New York Mets,1,162,100,62,632,541,Y,Y
1969,AL,W,OAK,OAK,Oakland Athletics,2,162,88,74,740,678,N,N
1969,NL,E,PHI,PHI,Philadelphia Phillies,5,162,63,99,645,745,N,N
1969,NL,E,PIT,PIT,Pittsburgh Pirates,3,162,88,74,725,652,N,N
1969,NL,W,SDN,SDP,San Diego Padres,6,162,52,110,468,746,N,N
1969,AL,W,SE1,MIL,Seattle Pilots,6,163,64,98,639,799,N,N
1969,NL,W,SFN,SFG,San Francisco Giants,2,162,90,72,713,636,N,N
1969,NL,E,SLN,STL,St. Louis Cardinals,4,162,87,75,595,540,N,N
1969,AL,E,WS2,TEX,Washington Senators,4,162,86,76,694,644,N,N
1970,NL,W,ATL,ATL,Atlanta Braves,5,162,76,86,736,772,N,N
1970,AL,E,BAL,BAL,Baltimore Orioles,1,162,108,54,792,574,Y,Y
1970,AL,E,BOS,BOS,Boston Red Sox,3,162,87,75,786,722,N,N
1970,AL,W,CAL,ANA,California Angels,3,162,86,76,631,630,N,N
1970,AL,W,CHA,CHW,Chicago White Sox,6,162,56,106,633,822,N,N
1970,NL,E,CHN,CHC,Chicago Cubs,2,162,84,78,806,679,N,N
1970,NL,W,CIN,CIN,Cincinnati Reds,1,162,102,60,775,681,N,Y
1970,AL,E,CLE,CLE,Cleveland Indians,5,162,76,86,649,675,N,N
1970,AL,E,DET,DET,Detroit Tigers,4,162,79,83,666,731,N,N
1970,NL,W,HOU,HOU,Houston Astros,4,162,79,83,744,763,N,N
1970,AL,W,KCA,KCR,Kansas City Royals,4,162,65,97,611,705,N,N
1970,NL,W,LAN,LAD,Los Angeles Dodgers,2,161,87,74,749,684,N,N
1970,AL,W,MIN,MIN,Minnesota Twins,1,162,98,64,744,605,N,N
1970,AL,W,ML4,MIL,Milwaukee Brewers,4,163,65,97,613,751,N,N
1970,NL,E,MON,WSN,Montreal Expos,6,162,73,89,687,807,N,N
1970,AL,E,NYA,NYY,New York Yankees,2,163,93,69,680,612,N,N
1970,NL,E,NYN,NYM,New York Mets,3,162,83,79,695,630,N,N
1970,AL,W,OAK,OAK,Oakland Athletics,2,162,89,73,678,593,N,N
1970,NL,E,PHI,PHI,Philadelphia Phillies,5,161,73,88,594,730,N,N
1970,NL,E,PIT,PIT,Pittsburgh Pirates,1,162,89,73,729,664,N,N
1970,NL,W,SDN,SDP,San Diego Padres,6,162,63,99,681,788,N,N
1970,NL,W,SFN,SFG,San Francisco Giants,3,162,86,76,831,826,N,N
1970,NL,E,SLN,STL,St. Louis Cardinals,4,162,76,86,744,747,N,N
1970,AL,E,WS2,TEX,Washington Senators,6,162,70,92,626,689,N,N
1971,NL,W,ATL,ATL,Atlanta Braves,3,162,82,80,643,699,N,N
1971,AL,E,BAL,BAL,Baltimore Orioles,1,158,101,57,742,530,N,Y
1971,AL,E,BOS,BOS,Boston Red Sox,3,162,85,77,691,667,N,N
1971,AL,W,CAL,ANA,California Angels,4,162,76,86,511,576,N,N
1971,AL,W,CHA,CHW,Chicago White Sox,3,162,79,83,617,597,N,N
1971,NL,E,CHN,CHC,Chicago Cubs,3,162,83,79,637,648,N,N
1971,NL,W,CIN,CIN,Cincinnati Reds,4,162,79,83,586,581,N,N
1971,AL,E,CLE,CLE,Cleveland Indians,6,162,60,102,543,747,N,N
1971,AL,E,DET,DET,Detroit Tigers,2,162,91,71,701,645,N,N
1971,NL,W,HOU,HOU,Houston Astros,4,162,79,83,585,567,N,N
1971,AL,W,KCA,KCR,Kansas City Royals,2,161,85,76,603,566,N,N
1971,NL,W,LAN,LAD,Los Angeles Dodgers,2,162,89,73,663,587,N,N
1971,AL,W,MIN,MIN,Minnesota Twins,5,160,74,86,654,670,N,N
1971,AL,W,ML4,MIL,Milwaukee Brewers,6,161,69,92,534,609,N,N
1971,NL,E,MON,WSN,Montreal Expos,5,162,71,90,622,729,N,N
1971,AL,E,NYA,NYY,New York Yankees,4,162,82,80,648,641,N,N
1971,NL,E,NYN,NYM,New York Mets,3,162,83,79,588,550,N,N
1971,AL,W,OAK,OAK,Oakland Athletics,1,161,101,60,691,564,N,N
1971,NL,E,PHI,PHI,Philadelphia Phillies,6,162,67,95,558,688,N,N
1971,NL,E,PIT,PIT,Pittsburgh Pirates,1,162,97,65,788,599,Y,Y
1971,NL,W,SDN,SDP,San Diego Padres,6,161,61,100,486,610,N,N
1971,NL,W,SFN,SFG,San Francisco Giants,1,162,90,72,706,644,N,N
1971,NL,E,SLN,STL,St. Louis Cardinals,2,163,90,72,739,699,N,N
1971,AL,E,WS2,TEX,Washington Senators,5,159,63,96,537,660,N,N
1972,NL,W,ATL,ATL,Atlanta Braves,4,155,70,84,628,730,N,N
1972,AL,E,BAL,BAL,Baltimore Orioles,3,154,80,74,519,430,N,N
1972,AL,E,BOS,BOS,Boston Red Sox,2,155,85,70,640,620,N,N
1972,AL,W,CAL,ANA,California Angels,5,155,75,80,454,533,N,N
1972,AL,W,CHA,CHW,Chicago White Sox,2,154,87,67,566,538,N,N
1972,NL,E,CHN,CHC,Chicago Cubs,2,156,85,70,685,567,N,N
1972,NL,W,CIN,CIN,Cincinnati Reds,1,154,95,59,707,557,N,Y
1972,AL,E,CLE,CLE,Cleveland Indians,5,156,72,84,472,519,N,N
1972,AL,E,DET,DET,Detroit Tigers,1,156,86,70,558,514,N,N
1972,NL,W,HOU,HOU,Houston Astros,3,153,84,69,708,636,N,N
1972,AL,W,KCA,KCR,Kansas City Royals,4,154,76,78,580,545,N,N
1972,NL,W,LAN,LAD,Los Angeles Dodgers,2,155,85,70,584,527,N,N
1972,AL,W,MIN,MIN,Minnesota Twins,3,154,77,77,537,535,N,N
1972,AL,E,ML4,MIL,Milwaukee Brewers,6,156,65,91,493,595,N,N
1972,NL,E,MON,WSN,Montreal Expos,5,156,70,86,513,609,N,N
1972,AL,E,NYA,NYY,New York Yankees,4,155,79,76,557,527,N,N
1972,NL,E,NYN,NYM,New York Mets,3,156,83,73,528,578,N,N
1972,AL,W,OAK,OAK,Oakland Athletics,1,155,93,62,604,457,Y,Y
1972,NL,E,PHI,PHI,Philadelphia Phillies,6,156,59,97,503,635,N,N
1972,NL,E,PIT,PIT,Pittsburgh Pirates,1,155,96,59,691,512,N,N
1972,NL,W,SDN,SDP,San Diego Padres,6,153,58,95,488,665,N,N
1972,NL,W,SFN,SFG,San Francisco Giants,5,155,69,86,662,649,N,N
1972,NL,E,SLN,STL,St. Louis Cardinals,4,156,75,81,568,600,N,N
1972,AL,W,TEX,TEX,Texas Rangers,6,154,54,100,461,628,N,N
1973,NL,W,ATL,ATL,Atlanta Braves,5,162,76,85,799,774,N,N
1973,AL,E,BAL,BAL,Baltimore Orioles,1,162,97,65,754,561,N,N
1973,AL,E,BOS,BOS,Boston Red Sox,2,162,89,73,738,647,N,N
1973,AL,W,CAL,ANA,California Angels,4,162,79,83,629,657,N,N
1973,AL,W,CHA,CHW,Chicago White Sox,5,162,77,85,652,705,N,N
1973,NL,E,CHN,CHC,Chicago Cubs,5,161,77,84,614,655,N,N
1973,NL,W,CIN,CIN,Cincinnati Reds,1,162,99,63,741,621,N,N
1973,AL,E,CLE,CLE,Cleveland Indians,6,162,71,91,680,826,N,N
1973,AL,E,DET,DET,Detroit Tigers,3,162,85,77,642,674,N,N
1973,NL,W,HOU,HOU,Houston Astros,4,162,82,80,681,672,N,N
1973,AL,W,KCA,KCR,Kansas City Royals,2,162,88,74,755,752,N,N
1973,NL,W,LAN,LAD,Los Angeles Dodgers,2,162,95,66,675,565,N,N
1973,AL,W,MIN,MIN,Minnesota Twins,3,162,81,81,738,692,N,N
1973,AL,E,ML4,MIL,Milwaukee Brewers,5,162,74,88,708,731,N,N
1973,NL,E,MON,WSN,Montreal Expos,4,162,79,83,668,702,N,N
1973,AL,E,NYA,NYY,New York Yankees,4,162,80,82,641,610,N,N
1973,NL,E,NYN,NYM,New York Mets,1,161,82,79,608,588,N,Y
1973,AL,W,OAK,OAK,Oakland Athletics,1,162,94,68,758,615,Y,Y
1973,NL,E,PHI,PHI,Philadelphia Phillies,6,162,71,91,642,717,N,N
1973,NL,E,PIT,PIT,Pittsburgh Pirates,3,162,80,82,704,693,N,N
1973,NL,W,SDN,SDP,San Diego Padres,6,162,60,102,548,770,N,N
1973,NL,W,SFN,SFG,San Francisco Giants,3,162,88,74,739,702,N,N
1973,NL,E,SLN,STL,St. Louis Cardinals,2,162,81,81,643,603,N,N
1973,AL,W,TEX,TEX,Texas Rangers,6,162,57,105,619,844,N,N
1974,NL,W,ATL,ATL,Atlanta Braves,3,163,88,74,661,563,N,N
1974,AL,E,BAL,BAL,Baltimore Orioles,1,162,91,71,659,612,N,N
1974,AL,E,BOS,BOS,Boston Red Sox,3,162,84,78,696,661,N,N
1974,AL,W,CAL,ANA,California Angels,6,163,68,94,618,657,N,N
1974,AL,W,CHA,CHW,Chicago White Sox,4,163,80,80,684,721,N,N
1974,NL,E,CHN,CHC,Chicago Cubs,6,162,66,96,669,826,N,N
1974,NL,W,CIN,CIN,Cincinnati Reds,2,163,98,64,776,631,N,N
1974,AL,E,CLE,CLE,Cleveland Indians,4,162,77,85,662,694,N,N
1974,AL,E,DET,DET,Detroit Tigers,6,162,72,90,620,768,N,N
1974,NL,W,HOU,HOU,Houston Astros,4,162,81,81,653,632,N,N
1974,AL,W,KCA,KCR,Kansas City Royals,5,162,77,85,667,662,N,N
1974,NL,W,LAN,LAD,Los Angeles Dodgers,1,162,102,60,798,561,N,Y
1974,AL,W,MIN,MIN,Minnesota Twins,3,163,82,80,673,669,N,N
1974,AL,E,ML4,MIL,Milwaukee Brewers,5,162,76,86,647,660,N,N
1974,NL,E,MON,WSN,Montreal Expos,4,161,79,82,662,657,N,N
1974,AL,E,NYA,NYY,New York Yankees,2,162,89,73,671,623,N,N
1974,NL,E,NYN,NYM,New York Mets,5,162,71,91,572,646,N,N
1974,AL,W,OAK,OAK,Oakland Athletics,1,162,90,72,689,551,Y,Y
1974,NL,E,PHI,PHI,Philadelphia Phillies,3,162,80,82,676,701,N,N
1974,NL,E,PIT,PIT,Pittsburgh Pirates,1,162,88,74,751,657,N,N
1974,NL,W,SDN,SDP,San Diego Padres,6,162,60,102,541,830,N,N
1974,NL,W,SFN,SFG,San Francisco Giants,5,162,72,90,634,723,N,N
1974,NL,E,SLN,STL,St. Louis Cardinals,2,161,86,75,677,643,N,N
1974,AL,W,TEX,TEX,Texas Rangers,2,161,84,76,690,698,N,N
1975,NL,W,ATL,ATL,Atlanta Braves,5,161,67,94,583,739,N,N
1975,AL,E,BAL,BAL,Baltimore Orioles,2,159,90,69,682,553,N,N
1975,AL,E,BOS,BOS,Boston Red Sox,1,160,95,65,796,709,N,Y
1975,AL,W,CAL,ANA,California Angels,6,161,72,89,628,723,N,N
1975,AL,W,CHA,CHW,Chicago White Sox,5,161,75,86,655,703,N,N
1975,NL,E,CHN,CHC,Chicago Cubs,5,162,75,87,712,827,N,N
1975,NL,W,CIN,CIN,Cincinnati Reds,1,162,108,54,840,586,Y,Y
1975,AL,E,CLE,CLE,Cleveland Indians,4,159,79,80,688,703,N,N
1975,AL,E,DET,DET,Detroit Tigers,6,159,57,102,570,786,N,N
1975,NL,W,HOU,HOU,Houston Astros,6,162,64,97,664,711,N,N
1975,AL,W,KCA,KCR,Kansas City Royals,2,162,91,71,710,649,N,N
1975,NL,W,LAN,LAD,Los Angeles Dodgers,2,162,88,74,648,534,N,N
1975,AL,W,MIN,MIN,Minnesota Twins,4,159,76,83,724,736,N,N
1975,AL,E,ML4,MIL,Milwaukee Brewers,5,162,68,94,675,792,N,N
1975,NL,E,MON,WSN,Montreal Expos,5,162,75,87,601,690,N,N
1975,AL,E,NYA,NYY,New York Yankees,3,160,83,77,681,588,N,N
1975,NL,E,NYN,NYM,New York Mets,3,162,82,80,646,625,N,N
1975,AL,W,OAK,OAK,Oakland Athletics,1,162,98,64,758,606,N,N
1975,NL,E,PHI,PHI,Philadelphia Phillies,2,162,86,76,735,694,N,N
1975,NL,E,PIT,PIT,Pittsburgh Pirates,1,161,92,69,712,565,N,N
1975,NL,W,SDN,SDP,San Diego Padres,4,162,71,91,552,683,N,N
1975,NL,W,SFN,SFG,San Francisco Giants,3,161,80,81,659,671,N,N
1975,NL,E,SLN,STL,St. Louis Cardinals,3,163,82,80,662,689,N,N
1975,AL,W,TEX,TEX,Texas Rangers,3,162,79,83,714,733,N,N
1976,NL,W,ATL,ATL,Atlanta Braves,6,162,70,92,620,700,N,N
1976,AL,E,BAL,BAL,Baltimore Orioles,2,162,88,74,619,598,N,N
1976,AL,E,BOS,BOS,Boston Red Sox,3,162,83,79,716,660,N,N
1976,AL,W,CAL,ANA,California Angels,4,162,76,86,550,631,N,N
1976,AL,W,CHA,CHW,Chicago White Sox,6,161,64,97,586,745,N,N
1976,NL,E,CHN,CHC,Chicago Cubs,4,162,75,87,611,728,N,N
1976,NL,W,CIN,CIN,Cincinnati Reds,1,162,102,60,857,633,Y,Y
1976,AL,E,CLE,CLE,Cleveland Indians,4,159,81,78,615,615,N,N
1976,AL,E,DET,DET,Detroit Tigers,5,161,74,87,609,709,N,N
1976,NL,W,HOU,HOU,Houston Astros,3,162,80,82,625,657,N,N
1976,AL,W,KCA,KCR,Kansas City Royals,1,162,90,72,713,611,N,N
1976,NL,W,LAN,LAD,Los Angeles Dodgers,2,162,92,70,608,543,N,N
1976,AL,W,MIN,MIN,Minnesota Twins,3,162,85,77,743,704,N,N
1976,AL,E,ML4,MIL,Milwaukee Brewers,6,161,66,95,570,655,N,N
1976,NL,E,MON,WSN,Montreal Expos,6,162,55,107,531,734,N,N
1976,AL,E,NYA,NYY,New York Yankees,1,159,97,62,730,575,N,Y
1976,NL,E,NYN,NYM,New York Mets,3,162,86,76,615,538,N,N
1976,AL,W,OAK,OAK,Oakland Athletics,2,161,87,74,686,598,N,N
1976,NL,E,PHI,PHI,Philadelphia Phillies,1,162,101,61,770,557,N,N
1976,NL,E,PIT,PIT,Pittsburgh Pirates,2,162,92,70,708,630,N,N
1976,NL,W,SDN,SDP,San Diego Padres,5,162,73,89,570,662,N,N
1976,NL,W,SFN,SFG,San Francisco Giants,4,162,74,88,595,686,N,N
1976,NL,E,SLN,STL,St. Louis Cardinals,5,162,72,90,629,671,N,N
1976,AL,W,TEX,TEX,Texas Rangers,4,162,76,86,616,652,N,N
1977,NL,W,ATL,ATL,Atlanta Braves,6,162,61,101,678,895,N,N
1977,AL,E,BAL,BAL,Baltimore Orioles,2,161,97,64,719,653,N,N
1977,AL,E,BOS,BOS,Boston Red Sox,2,161,97,64,859,712,N,N
1977,AL,W,CAL,ANA,California Angels,5,162,74,88,675,695,N,N
1977,AL,W,CHA,CHW,Chicago White Sox,3,162,90,72,844,771,N,N
1977,NL,E,CHN,CHC,Chicago Cubs,4,162,81,81,692,739,N,N
1977,NL,W,CIN,CIN,Cincinnati Reds,2,162,88,74,802,725,N,N
1977,AL,E,CLE,CLE,Cleveland Indians,5,161,71,90,676,739,N,N
1977,AL,E,DET,DET,Detroit Tigers,4,162,74,88,714,751,N,N
1977,NL,W,HOU,HOU,Houston Astros,3,162,81,81,680,650,N,N
1977,AL,W,KCA,KCR,Kansas City Royals,1,162,102,60,822,651,N,N
1977,NL,W,LAN,LAD,Los Angeles Dodgers,1,162,98,64,769,582,N,Y
1977,AL,W,MIN,MIN,Minnesota Twins,4,161,84,77,867,776,N,N
1977,AL,E,ML4,MIL,Milwaukee Brewers,6,162,67,95,639,765,N,N
1977,NL,E,MON,WSN,Montreal Expos,5,162,75,87,665,736,N,N
1977,AL,E,NYA,NYY,New York Yankees,1,162,100,62,831,651,Y,Y
1977,NL,E,NYN,NYM,New York Mets,6,162,64,98,587,663,N,N
1977,AL,W,OAK,OAK,Oakland Athletics,7,161,63,98,605,749,N,N
1977,NL,E,PHI,PHI,Philadelphia Phillies,1,162,101,61,847,668,N,N
1977,NL,E,PIT,PIT,Pittsburgh Pirates,2,162,96,66,734,665,N,N
1977,NL,W,SDN,SDP,San Diego Padres,5,162,69,93,692,834,N,N
1977,AL,W,SEA,SEA,Seattle Mariners,6,162,64,98,624,855,N,N
1977,NL,W,SFN,SFG,San Francisco Giants,4,162,75,87,673,711,N,N
1977,NL,E,SLN,STL,St. Louis Cardinals,3,162,83,79,737,688,N,N
1977,AL,W,TEX,TEX,Texas Rangers,2,162,94,68,767,657,N,N
1977,AL,E,TOR,TOR,Toronto Blue Jays,7,161,54,107,605,822,N,N
1978,NL,W,ATL,ATL,Atlanta Braves,6,162,69,93,600,750,N,N
1978,AL,E,BAL,BAL,Baltimore Orioles,4,161,90,71,659,633,N,N
1978,AL,E,BOS,BOS,Boston Red Sox,2,163,99,64,796,657,N,N
1978,AL,W,CAL,ANA,California Angels,2,162,87,75,691,666,N,N
1978,AL,W,CHA,CHW,Chicago White Sox,5,161,71,90,634,731,N,N
1978,NL,E,CHN,CHC,Chicago Cubs,3,162,79,83,664,724,N,N
1978,NL,W,CIN,CIN,Cincinnati Reds,2,161,92,69,710,688,N,N
1978,AL,E,CLE,CLE,Cleveland Indians,6,159,69,90,639,694,N,N
1978,AL,E,DET,DET,Detroit Tigers,5,162,86,76,714,653,N,N
1978,NL,W,HOU,HOU,Houston Astros,5,162,74,88,605,634,N,N
1978,AL,W,KCA,KCR,Kansas City Royals,1,162,92,70,743,634,N,N
1978,NL,W,LAN,LAD,Los Angeles Dodgers,1,162,95,67,727,573,N,Y
1978,AL,W,MIN,MIN,Minnesota Twins,4,162,73,89,666,678,N,N
1978,AL,E,ML4,MIL,Milwaukee Brewers,3,162,93,69,804,650,N,N
1978,NL,E,MON,WSN,Montreal Expos,4,162,76,86,633,611,N,N
1978,AL,E,NYA,NYY,New York Yankees,1,163,100,63,735,582,Y,Y
1978,NL,E,NYN,NYM,New York Mets,6,162,66,96,607,690,N,N
1978,AL,W,OAK,OAK,Oakland Athletics,6,162,69,93,532,690,N,N
1978,NL,E,PHI,PHI,Philadelphia Phillies,1,162,90,72,708,586,N,N
1978,NL,E,PIT,PIT,Pittsburgh Pirates,2,161,88,73,684,637,N,N
1978,NL,W,SDN,SDP,San Diego Padres,4,162,84,78,591,598,N,N
1978,AL,W,SEA,SEA,Seattle Mariners,7,160,56,104,614,834,N,N
1978,NL,W,SFN,SFG,San Francisco Giants,3,162,89,73,613,594,N,N
1978,NL,E,SLN,STL,St. Louis Cardinals,5,162,69,93,600,657,N,N
1978,AL,W,TEX,TEX,Texas Rangers,2,162,87,75,692,632,N,N
1978,AL,E,TOR,TOR,Toronto Blue Jays,7,161,59,102,590,775,N,N
1979,NL,W,ATL,ATL,Atlanta Braves,6,160,66,94,669,763,N,N
1979,AL,E,BAL,BAL,Baltimore Orioles,1,159,102,57,757,582,N,Y
1979,AL,E,BOS,BOS,Boston Red Sox,3,160,91,69,841,711,N,N
1979,AL,W,CAL,ANA,California Angels,1,162,88,74,866,768,N,N
1979,AL,W,CHA,CHW,Chicago White Sox,5,159,73,87,730,748,N,N
1979,NL,E,CHN,CHC,Chicago Cubs,5,162,80,82,706,707,N,N
1979,NL,W,CIN,CIN,Cincinnati Reds,1,161,90,71,731,644,N,N
1979,AL,E,CLE,CLE,Cleveland Indians,6,161,81,80,760,805,N,N
1979,AL,E,DET,DET,Detroit Tigers,5,160,85,76,770,738,N,N
1979,NL,W,HOU,HOU,Houston Astros,2,162,89,73,583,582,N,N
1979,AL,W,KCA,KCR,Kansas City Royals,2,162,85,77,851,816,N,N
1979,NL,W,LAN,LAD,Los Angeles Dodgers,3,162,79,83,739,717,N,N
1979,AL,W,MIN,MIN,Minnesota Twins,4,162,82,80,764,725,N,N
1979,AL,E,ML4,MIL,Milwaukee Brewers,2,161,95,66,807,722,N,N
1979,NL,E,MON,WSN,Montreal Expos,2,160,95,65,701,581,N,N
1979,AL,E,NYA,NYY,New York Yankees,4,160,89,71,734,672,N,N
1979,NL,E,NYN,NYM,New York Mets,6,163,63,99,593,706,N,N
1979,AL,W,OAK,OAK,Oakland Athletics,7,162,54,108,573,860,N,N
1979,NL,E,PHI,PHI,Philadelphia Phillies,4,163,84,78,683,718,N,N
1979,NL,E,PIT,PIT,Pittsburgh Pirates,1,163,98,64,775,643,Y,Y
1979,NL,W,SDN,SDP,San Diego Padres,5,161,68,93,603,681,N,N
1979,AL,W,SEA,SEA,Seattle Mariners,6,162,67,95,711,820,N,N
1979,NL,W,SFN,SFG,San Francisco Giants,4,162,71,91,672,751,N,N
1979,NL,E,SLN,STL,St. Louis Cardinals,3,163,86,76,731,693,N,N
1979,AL,W,TEX,TEX,Texas Rangers,3,162,83,79,750,698,N,N
1979,AL,E,TOR,TOR,Toronto Blue Jays,7,162,53,109,613,862,N,N
1980,NL,W,ATL,ATL,Atlanta Braves,4,161,81,80,630,660,N,N
1980,AL,E,BAL,BAL,Baltimore Orioles,2,162,100,62,805,640,N,N
1980,AL,E,BOS,BOS,Boston Red Sox,5,160,83,77,757,767,N,N
1980,AL,W,CAL,ANA,California Angels,6,160,65,95,698,797,N,N
1980,AL,W,CHA,CHW,Chicago White Sox,5,162,70,90,587,722,N,N
1980,NL,E,CHN,CHC,Chicago Cubs,6,162,64,98,614,728,N,N
1980,NL,W,CIN,CIN,Cincinnati Reds,3,163,89,73,707,670,N,N
1980,AL,E,CLE,CLE,Cleveland Indians,6,160,79,81,738,807,N,N
1980,AL,E,DET,DET,Detroit Tigers,4,163,84,78,830,757,N,N
1980,NL,W,HOU,HOU,Houston Astros,1,163,93,70,637,589,N,N
1980,AL,W,KCA,KCR,Kansas City Royals,1,162,97,65,809,694,N,Y
1980,NL,W,LAN,LAD,Los Angeles Dodgers,2,163,92,71,663,591,N,N
1980,AL,W,MIN,MIN,Minnesota Twins,3,161,77,84,670,724,N,N
1980,AL,E,ML4,MIL,Milwaukee Brewers,3,162,86,76,811,682,N,N
1980,NL,E,MON,WSN,Montreal Expos,2,162,90,72,694,629,N,N
1980,AL,E,NYA,NYY,New York Yankees,1,162,103,59,820,662,N,N
1980,NL,E,NYN,NYM,New York Mets,5,162,67,95,611,702,N,N
1980,AL,W,OAK,OAK,Oakland Athletics,2,162,83,79,686,642,N,N
1980,NL,E,PHI,PHI,Philadelphia Phillies,1,162,91,71,728,639,Y,Y
1980,NL,E,PIT,PIT,Pittsburgh Pirates,3,162,83,79,666,646,N,N
1980,NL,W,SDN,SDP,San Diego Padres,6,163,73,89,591,654,N,N
1980,AL,W,SEA,SEA,Seattle Mariners,7,163,59,103,610,793,N,N
1980,NL,W,SFN,SFG,San Francisco Giants,5,161,75,86,573,634,N,N
1980,NL,E,SLN,STL,St. Louis Cardinals,4,162,74,88,738,710,N,N
1980,AL,W,TEX,TEX,Texas Rangers,4,163,76,85,756,752,N,N
1980,AL,E,TOR,TOR,Toronto Blue Jays,7,162,67,95,624,762,N,N
1981,NL,W,ATL,ATL,Atlanta Braves,5,107,50,56,395,416,N,N
1981,AL,E,BAL,BAL,Baltimore Orioles,2,105,59,46,429,437,N,N
1981,AL,E,BOS,BOS,Boston Red Sox,5,108,59,49,519,481,N,N
1981,AL,W,CAL,ANA,California Angels,5,110,51,59,476,453,N,N
1981,AL,W,CHA,CHW,Chicago White Sox,3,106,54,52,476,423,N,N
1981,NL,E,CHN,CHC,Chicago Cubs,6,106,38,65,370,483,N,N
1981,NL,W,CIN,CIN,Cincinnati Reds,1,108,66,42,464,440,N,N
1981,AL,E,CLE,CLE,Cleveland Indians,6,103,52,51,431,442,N,N
1981,AL,E,DET,DET,Detroit Tigers,3,109,60,49,427,404,N,N
1981,NL,W,HOU,HOU,Houston Astros,3,110,61,49,394,331,N,N
1981,AL,W,KCA,KCR,Kansas City Royals,4,103,50,53,397,405,N,N
1981,NL,W,LAN,LAD,Los Angeles Dodgers,2,110,63,47,450,356,Y,Y
1981,AL,W,MIN,MIN,Minnesota Twins,7,110,41,68,378,486,N,N
1981,AL,E,ML4,MIL,Milwaukee Brewers,1,109,62,47,493,459,N,N
1981,NL,E,MON,WSN,Montreal Expos,2,108,60,48,443,394,N,N
1981,AL,E,NYA,NYY,New York Yankees,4,107,59,48,421,343,N,Y
1981,NL,E,NYN,NYM,New York Mets,5,105,41,62,348,432,N,N
1981,AL,W,OAK,OAK,Oakland Athletics,1,109,64,45,458,403,N,N
1981,NL,E,PHI,PHI,Philadelphia Phillies,3,107,59,48,491,472,N,N
1981,NL,E,PIT,PIT,Pittsburgh Pirates,4,103,46,56,407,425,N,N
1981,NL,W,SDN,SDP,San Diego Padres,6,110,41,69,382,455,N,N
1981,AL,W,SEA,SEA,Seattle Mariners,6,110,44,65,426,521,N,N
1981,NL,W,SFN,SFG,San Francisco Giants,4,111,56,55,427,414,N,N
1981,NL,E,SLN,STL,St. Louis Cardinals,1,103,59,43,464,417,N,N
1981,AL,W,TEX,TEX,Texas Rangers,2,105,57,48,452,389,N,N
1981,AL,E,TOR,TOR,Toronto Blue Jays,7,106,37,69,329,466,N,N
1982,NL,W,ATL,ATL,Atlanta Braves,1,162,89,73,739,702,N,N
1982,AL,E,BAL,BAL,Baltimore Orioles,2,163,94,68,774,687,N,N
1982,AL,E,BOS,BOS,Boston Red Sox,3,162,89,73,753,713,N,N
1982,AL,W,CAL,ANA,California Angels,1,162,93,69,814,670,N,N
1982,AL,W,CHA,CHW,Chicago White Sox,3,162,87,75,786,710,N,N
1982,NL,E,CHN,CHC,Chicago Cubs,5,162,73,89,676,709,N,N
1982,NL,W,CIN,CIN,Cincinnati Reds,6,162,61,101,545,661,N,N
1982,AL,E,CLE,CLE,Cleveland Indians,6,162,78,84,683,748,N,N
1982,AL,E,DET,DET,Detroit Tigers,4,162,83,79,729,685,N,N
1982,NL,W,HOU,HOU,Houston Astros,5,162,77,85,569,620,N,N
1982,AL,W,KCA,KCR,Kansas City Royals,2,162,90,72,784,717,N,N
1982,NL,W,LAN,LAD,Los Angeles Dodgers,2,162,88,74,691,612,N,N
1982,AL,W,MIN,MIN,Minnesota Twins,7,162,60,102,657,819,N,N
1982,AL,E,ML4,MIL,Milwaukee Brewers,1,163,95,67,891,717,N,Y
1982,NL,E,MON,WSN,Montreal Expos,3,162,86,76,697,616,N,N
1982,AL,E,NYA,NYY,New York Yankees,5,162,79,83,709,716,N,N
1982,NL,E,NYN,NYM,New York Mets,6,162,65,97,609,723,N,N
1982,AL,W,OAK,OAK,Oakland Athletics,5,162,68,94,691,819,N,N
1982,NL,E,PHI,PHI,Philadelphia Phillies,2,162,89,73,664,654,N,N
1982,NL,E,PIT,PIT,Pittsburgh Pirates,4,162,84,78,724,696,N,N
1982,NL,W,SDN,SDP,San Diego Padres,4,162,81,81,675,658,N,N
1982,AL,W,SEA,SEA,Seattle Mariners,4,162,76,86,651,712,N,N
1982,NL,W,SFN,SFG,San Francisco Giants,3,162,87,75,673,687,N,N
1982,NL,E,SLN,STL,St. Louis Cardinals,1,162,92,70,685,609,Y,Y
1982,AL,W,TEX,TEX,Texas Rangers,6,162,64,98,590,749,N,N
1982,AL,E,TOR,TOR,Toronto Blue Jays,6,162,78,84,651,701,N,N
1983,NL,W,ATL,ATL,Atlanta Braves,2,162,88,74,746,640,N,N
1983,AL,E,BAL,BAL,Baltimore Orioles,1,162,98,64,799,652,Y,Y
1983,AL,E,BOS,BOS,Boston Red Sox,6,162,78,84,724,775,N,N
1983,AL,W,CAL,ANA,California Angels,5,162,70,92,722,779,N,N
1983,AL,W,CHA,CHW,Chicago White Sox,1,162,99,63,800,650,N,N
1983,NL,E,CHN,CHC,Chicago Cubs,5,162,71,91,701,719,N,N
1983,NL,W,CIN,CIN,Cincinnati Reds,6,162,74,88,623,710,N,N
1983,AL,E,CLE,CLE,Cleveland Indians,7,162,70,92,704,785,N,N
1983,AL,E,DET,DET,Detroit Tigers,2,162,92,70,789,679,N,N
1983,NL,W,HOU,HOU,Houston Astros,3,162,85,77,643,646,N,N
1983,AL,W,KCA,KCR,Kansas City Royals,2,163,79,83,696,767,N,N
1983,NL,W,LAN,LAD,Los Angeles Dodgers,1,163,91,71,654,609,N,N
1983,AL,W,MIN,MIN,Minnesota Twins,5,162,70,92,709,822,N,N
1983,AL,E,ML4,MIL,Milwaukee Brewers,5,162,87,75,764,708,N,N
1983,NL,E,MON,WSN,Montreal Expos,3,163,82,80,677,646,N,N
1983,AL,E,NYA,NYY,New York Yankees,3,162,91,71,770,703,N,N
1983,NL,E,NYN,NYM,New York Mets,6,162,68,94,575,680,N,N
1983,AL,W,OAK,OAK,Oakland Athletics,4,162,74,88,708,782,N,N
1983,NL,E,PHI,PHI,Philadelphia Phillies,1,163,90,72,696,635,N,Y
1983,NL,E,PIT,PIT,Pittsburgh Pirates,2,162,84,78,659,648,N,N
1983,NL,W,SDN,SDP,San Diego Padres,4,163,81,81,653,653,N,N
1983,AL,W,SEA,SEA,Seattle Mariners,7,162,60,102,558,740,N,N
1983,NL,W,SFN,SFG,San Francisco Giants,5,162,79,83,687,697,N,N
1983,NL,E,SLN,STL,St. Louis Cardinals,4,162,79,83,679,710,N,N
1983,AL,W,TEX,TEX,Texas Rangers,3,163,77,85,639,609,N,N
1983,AL,E,TOR,TOR,Toronto Blue Jays,4,162,89,73,795,726,N,N
1984,NL,W,ATL,ATL,Atlanta Braves,2,162,80,82,632,655,N,N
1984,AL,E,BAL,BAL,Baltimore Orioles,5,162,85,77,681,667,N,N
1984,AL,E,BOS,BOS,Boston Red Sox,4,162,86,76,810,764,N,N
1984,AL,W,CAL,ANA,California Angels,2,162,81,81,696,697,N,N
1984,AL,W,CHA,CHW,Chicago White Sox,5,162,74,88,679,736,N,N
1984,NL,E,CHN,CHC,Chicago Cubs,1,161,96,65,762,658,N,N
1984,NL,W,CIN,CIN,Cincinnati Reds,5,162,70,92,627,747,N,N
1984,AL,E,CLE,CLE,Cleveland Indians,6,163,75,87,761,766,N,N
1984,AL,E,DET,DET,Detroit Tigers,1,162,104,58,829,643,Y,Y
1984,NL,W,HOU,HOU,Houston Astros,2,162,80,82,693,630,N,N
1984,AL,W,KCA,KCR,Kansas City Royals,1,162,84,78,673,686,N,N
1984,NL,W,LAN,LAD,Los Angeles Dodgers,4,162,79,83,580,600,N,N
1984,AL,W,MIN,MIN,Minnesota Twins,2,162,81,81,673,675,N,N
1984,AL,E,ML4,MIL,Milwaukee Brewers,7,161,67,94,641,734,N,N
1984,NL,E,MON,WSN,Montreal Expos,5,161,78,83,593,585,N,N
1984,AL,E,NYA,NYY,New York Yankees,3,162,87,75,758,679,N,N
1984,NL,E,NYN,NYM,New York Mets,2,162,90,72,652,676,N,N
1984,AL,W,OAK,OAK,Oakland Athletics,4,162,77,85,738,796,N,N
1984,NL,E,PHI,PHI,Philadelphia Phillies,4,162,81,81,720,690,N,N
1984,NL,E,PIT,PIT,Pittsburgh Pirates,6,162,75,87,615,567,N,N
1984,NL,W,SDN,SDP,San Diego Padres,1,162,92,70,686,634,N,Y
1984,AL,W,SEA,SEA,Seattle Mariners,5,162,74,88,682,774,N,N
1984,NL,W,SFN,SFG,San Francisco Giants,6,162,66,96,682,807,N,N
1984,NL,E,SLN,STL,St. Louis Cardinals,3,162,84,78,652,645,N,N
1984,AL,W,TEX,TEX,Texas Rangers,7,161,69,92,656,714,N,N
1984,AL,E,TOR,TOR,Toronto Blue Jays,2,163,89,73,750,696,N,N
1985,NL,W,ATL,ATL,Atlanta Braves,5,162,66,96,632,781,N,N
1985,AL,E,BAL,BAL,Baltimore Orioles,4,161,83,78,818,764,N,N
1985,AL,E,BOS,BOS,Boston Red Sox,5,163,81,81,800,720,N,N
1985,AL,W,CAL,ANA,California Angels,2,162,90,72,732,703,N,N
1985,AL,W,CHA,CHW,Chicago White Sox,3,163,85,77,736,720,N,N
1985,NL,E,CHN,CHC,Chicago Cubs,4,162,77,84,686,729,N,N
1985,NL,W,CIN,CIN,Cincinnati Reds,2,162,89,72,677,666,N,N
1985,AL,E,CLE,CLE,Cleveland Indians,7,162,60,102,729,861,N,N
1985,AL,E,DET,DET,Detroit Tigers,3,161,84,77,729,688,N,N
1985,NL,W,HOU,HOU,Houston Astros,3,162,83,79,706,691,N,N
1985,AL,W,KCA,KCR,Kansas City Royals,1,162,91,71,687,639,Y,Y
1985,NL,W,LAN,LAD,Los Angeles Dodgers,1,162,95,67,682,579,N,N
1985,AL,W,MIN,MIN,Minnesota Twins,4,162,77,85,705,782,N,N
1985,AL,E,ML4,MIL,Milwaukee Brewers,6,161,71,90,690,802,N,N
1985,NL,E,MON,WSN,Montreal Expos,3,161,84,77,633,636,N,N
1985,AL,E,NYA,NYY,New York Yankees,2,161,97,64,839,660,N,N
1985,NL,E,NYN,NYM,New York Mets,2,162,98,64,695,568,N,N
1985,AL,W,OAK,OAK,Oakland Athletics,4,162,77,85,757,787,N,N
1985,NL,E,PHI,PHI,Philadelphia Phillies,5,162,75,87,667,673,N,N
1985,NL,E,PIT,PIT,Pittsburgh Pirates,6,161,57,104,568,708,N,N
1985,NL,W,SDN,SDP,San Diego Padres,3,162,83,79,650,622,N,N
1985,AL,W,SEA,SEA,Seattle Mariners,6,162,74,88,719,818,N,N
1985,NL,W,SFN,SFG,San Francisco Giants,6,162,62,100,556,674,N,N
1985,NL,E,SLN,STL,St. Louis Cardinals,1,162,101,61,747,572,N,Y
1985,AL,W,TEX,TEX,Texas Rangers,7,161,62,99,617,785,N,N
1985,AL,E,TOR,TOR,Toronto Blue Jays,1,161,99,62,759,588,N,N
1986,NL,W,ATL,ATL,Atlanta Braves,6,161,72,89,615,719,N,N
1986,AL,E,BAL,BAL,Baltimore Orioles,7,162,73,89,708,760,N,N
1986,AL,E,BOS,BOS,Boston Red Sox,1,161,95,66,794,696,N,Y
1986,AL,W,CAL,ANA,California Angels,1,162,92,70,786,684,N,N
1986,AL,W,CHA,CHW,Chicago White Sox,5,162,72,90,644,699,N,N
1986,NL,E,CHN,CHC,Chicago Cubs,5,160,70,90,680,781,N,N
1986,NL,W,CIN,CIN,Cincinnati Reds,2,162,86,76,732,717,N,N
1986,AL,E,CLE,CLE,Cleveland Indians,5,163,84,78,831,841,N,N
1986,AL,E,DET,DET,Detroit Tigers,3,162,87,75,798,714,N,N
1986,NL,W,HOU,HOU,Houston Astros,1,162,96,66,654,569,N,N
1986,AL,W,KCA,KCR,Kansas City Royals,3,162,76,86,654,673,N,N
1986,NL,W,LAN,LAD,Los Angeles Dodgers,5,162,73,89,638,679,N,N
1986,AL,W,MIN,MIN,Minnesota Twins,6,162,71,91,741,839,N,N
1986,AL,E,ML4,MIL,Milwaukee Brewers,6,161,77,84,667,734,N,N
1986,NL,E,MON,WSN,Montreal Expos,4,161,78,83,637,688,N,N
1986,AL,E,NYA,NYY,New York Yankees,2,162,90,72,797,738,N,N
1986,NL,E,NYN,NYM,New York Mets,1,162,108,54,783,578,Y,Y
1986,AL,W,OAK,OAK,Oakland Athletics,3,162,76,86,731,760,N,N
1986,NL,E,PHI,PHI,Philadelphia Phillies,2,161,86,75,739,713,N,N
1986,NL,E,PIT,PIT,Pittsburgh Pirates,6,162,64,98,663,700,N,N
1986,NL,W,SDN,SDP,San Diego Padres,4,162,74,88,656,723,N,N
1986,AL,W,SEA,SEA,Seattle Mariners,7,162,67,95,718,835,N,N
1986,NL,W,SFN,SFG,San Francisco Giants,3,162,83,79,698,618,N,N
1986,NL,E,SLN,STL,St. Louis Cardinals,3,161,79,82,601,611,N,N
1986,AL,W,TEX,TEX,Texas Rangers,2,162,87,75,771,743,N,N
1986,AL,E,TOR,TOR,Toronto Blue Jays,4,163,86,76,809,733,N,N
1987,NL,W,ATL,ATL,Atlanta Braves,5,161,69,92,747,829,N,N
1987,AL,E,BAL,BAL,Baltimore Orioles,6,162,67,95,729,880,N,N
1987,AL,E,BOS,BOS,Boston Red Sox,5,162,78,84,842,825,N,N
1987,AL,W,CAL,ANA,California Angels,6,162,75,87,770,803,N,N
1987,AL,W,CHA,CHW,Chicago White Sox,5,162,77,85,748,746,N,N
1987,NL,E,CHN,CHC,Chicago Cubs,6,161,76,85,720,801,N,N
1987,NL,W,CIN,CIN,Cincinnati Reds,2,162,84,78,783,752,N,N
1987,AL,E,CLE,CLE,Cleveland Indians,7,162,61,101,742,957,N,N
1987,AL,E,DET,DET,Detroit Tigers,1,162,98,64,896,735,N,N
1987,NL,W,HOU,HOU,Houston Astros,3,162,76,86,648,678,N,N
1987,AL,W,KCA,KCR,Kansas City Royals,2,162,83,79,715,691,N,N
1987,NL,W,LAN,LAD,Los Angeles Dodgers,4,162,73,89,635,675,N,N
1987,AL,W,MIN,MIN,Minnesota Twins,1,162,85,77,786,806,Y,Y
1987,AL,E,ML4,MIL,Milwaukee Brewers,3,162,91,71,862,817,N,N
1987,NL,E,MON,WSN,Montreal Expos,3,162,91,71,741,720,N,N
1987,AL,E,NYA,NYY,New York Yankees,4,162,89,73,788,758,N,N
1987,NL,E,NYN,NYM,New York Mets,2,162,92,70,823,698,N,N
1987,AL,W,OAK,OAK,Oakland Athletics,3,162,81,81,806,789,N,N
1987,NL,E,PHI,PHI,Philadelphia Phillies,4,162,80,82,702,749,N,N
1987,NL,E,PIT,PIT,Pittsburgh Pirates,4,162,80,82,723,744,N,N
1987,NL,W,SDN,SDP,San Diego Padres,6,162,65,97,668,763,N,N
1987,AL,W,SEA,SEA,Seattle Mariners,4,162,78,84,760,801,N,N
1987,NL,W,SFN,SFG,San Francisco Giants,1,162,90,72,783,669,N,N
1987,NL,E,SLN,STL,St. Louis Cardinals,1,162,95,67,798,693,N,Y
1987,AL,W,TEX,TEX,Texas Rangers,6,162,75,87,823,849,N,N
1987,AL,E,TOR,TOR,Toronto Blue Jays,2,162,96,66,845,655,N,N
1988,NL,W,ATL,ATL,Atlanta Braves,6,160,54,106,555,741,N,N
1988,AL,E,BAL,BAL,Baltimore Orioles,7,161,54,107,550,789,N,N
1988,AL,E,BOS,BOS,Boston Red Sox,1,162,89,73,813,689,N,N
1988,AL,W,CAL,ANA,California Angels,4,162,75,87,714,771,N,N
1988,AL,W,CHA,CHW,Chicago White Sox,5,161,71,90,631,757,N,N
1988,NL,E,CHN,CHC,Chicago Cubs,4,163,77,85,660,694,N,N
1988,NL,W,CIN,CIN,Cincinnati Reds,2,161,87,74,641,596,N,N
1988,AL,E,CLE,CLE,Cleveland Indians,6,162,78,84,666,731,N,N
1988,AL,E,DET,DET,Detroit Tigers,2,162,88,74,703,658,N,N
1988,NL,W,HOU,HOU,Houston Astros,5,162,82,80,617,631,N,N
1988,AL,W,KCA,KCR,Kansas City Royals,3,161,84,77,704,648,N,N
1988,NL,W,LAN,LAD,Los Angeles Dodgers,1,162,94,67,628,544,Y,Y
1988,AL,W,MIN,MIN,Minnesota Twins,2,162,91,71,759,672,N,N
1988,AL,E,ML4,MIL,Milwaukee Brewers,3,162,87,75,682,616,N,N
1988,NL,E,MON,WSN,Montreal Expos,3,163,81,81,628,592,N,N
1988,AL,E,NYA,NYY,New York Yankees,5,161,85,76,772,748,N,N
1988,NL,E,NYN,NYM,New York Mets,1,160,100,60,703,532,N,N
1988,AL,W,OAK,OAK,Oakland Athletics,1,162,104,58,800,620,N,Y
1988,NL,E,PHI,PHI,Philadelphia Phillies,6,162,65,96,597,734,N,N
1988,NL,E,PIT,PIT,Pittsburgh Pirates,2,160,85,75,651,616,N,N
1988,NL,W,SDN,SDP,San Diego Padres,3,161,83,78,594,583,N,N
1988,AL,W,SEA,SEA,Seattle Mariners,7,161,68,93,664,744,N,N
1988,NL,W,SFN,SFG,San Francisco Giants,4,162,83,79,670,626,N,N
1988,NL,E,SLN,STL,St. Louis Cardinals,5,162,76,86,578,633,N,N
1988,AL,W,TEX,TEX,Texas Rangers,6,161,70,91,637,735,N,N
1988,AL,E,TOR,TOR,Toronto Blue Jays,3,162,87,75,763,680,N,N
1989,NL,W,ATL,ATL,Atlanta Braves,6,161,63,97,584,680,N,N
1989,AL,E,BAL,BAL,Baltimore Orioles,2,162,87,75,708,686,N,N
1989,AL,E,BOS,BOS,Boston Red Sox,3,162,83,79,774,735,N,N
1989,AL,W,CAL,ANA,California Angels,3,162,91,71,669,578,N,N
1989,AL,W,CHA,CHW,Chicago White Sox,7,161,69,92,693,750,N,N
1989,NL,E,CHN,CHC,Chicago Cubs,1,162,93,69,702,623,N,N
1989,NL,W,CIN,CIN,Cincinnati Reds,5,162,75,87,632,691,N,N
1989,AL,E,CLE,CLE,Cleveland Indians,6,162,73,89,604,654,N,N
1989,AL,E,DET,DET,Detroit Tigers,7,162,59,103,617,816,N,N
1989,NL,W,HOU,HOU,Houston Astros,3,162,86,76,647,669,N,N
1989,AL,W,KCA,KCR,Kansas City Royals,2,162,92,70,690,635,N,N
1989,NL,W,LAN,LAD,Los Angeles Dodgers,4,160,77,83,554,536,N,N
1989,AL,W,MIN,MIN,Minnesota Twins,5,162,80,82,740,738,N,N
1989,AL,E,ML4,MIL,Milwaukee Brewers,4,162,81,81,707,679,N,N
1989,NL,E,MON,WSN,Montreal Expos,4,162,81,81,632,630,N,N
1989,AL,E,NYA,NYY,New York Yankees,5,161,74,87,698,792,N,N
1989,NL,E,NYN,NYM,New York Mets,2,162,87,75,683,595,N,N
1989,AL,W,OAK,OAK,Oakland Athletics,1,162,99,63,712,576,Y,Y
1989,NL,E,PHI,PHI,Philadelphia Phillies,6,163,67,95,629,735,N,N
1989,NL,E,PIT,PIT,Pittsburgh Pirates,5,164,74,88,637,680,N,N
1989,NL,W,SDN,SDP,San Diego Padres,2,162,89,73,642,626,N,N
1989,AL,W,SEA,SEA,Seattle Mariners,6,162,73,89,694,728,N,N
1989,NL,W,SFN,SFG,San Francisco Giants,1,162,92,70,699,600,N,Y
1989,NL,E,SLN,STL,St. Louis Cardinals,3,164,86,76,632,608,N,N
1989,AL,W,TEX,TEX,Texas Rangers,4,162,83,79,695,714,N,N
1989,AL,E,TOR,TOR,Toronto Blue Jays,1,162,89,73,731,651,N,N
1990,NL,W,ATL,ATL,Atlanta Braves,6,162,65,97,682,821,N,N
1990,AL,E,BAL,BAL,Baltimore Orioles,5,161,76,85,669,698,N,N
1990,AL,E,BOS,BOS,Boston Red Sox,1,162,88,74,699,664,N,N
1990,AL,W,CAL,ANA,California Angels,4,162,80,82,690,706,N,N
1990,AL,W,CHA,CHW,Chicago White Sox,2,162,94,68,682,633,N,N
1990,NL,E,CHN,CHC,Chicago Cubs,4,162,77,85,690,774,N,N
1990,NL,W,CIN,CIN,Cincinnati Reds,1,162,91,71,693,597,Y,Y
1990,AL,E,CLE,CLE,Cleveland Indians,4,162,77,85,732,737,N,N
1990,AL,E,DET,DET,Detroit Tigers,3,162,79,83,750,754,N,N
1990,NL,W,HOU,HOU,Houston Astros,4,162,75,87,573,656,N,N
1990,AL,W,KCA,KCR,Kansas City Royals,6,161,75,86,707,709,N,N
1990,NL,W,LAN,LAD,Los Angeles Dodgers,2,162,86,76,728,685,N,N
1990,AL,W,MIN,MIN,Minnesota Twins,7,162,74,88,666,729,N,N
1990,AL,E,ML4,MIL,Milwaukee Brewers,6,162,74,88,732,760,N,N
1990,NL,E,MON,WSN,Montreal Expos,3,162,85,77,662,598,N,N
1990,AL,E,NYA,NYY,New York Yankees,7,162,67,95,603,749,N,N
1990,NL,E,NYN,NYM,New York Mets,2,162,91,71,775,613,N,N
1990,AL,W,OAK,OAK,Oakland Athletics,1,162,103,59,733,570,N,Y
1990,NL,E,PHI,PHI,Philadelphia Phillies,4,162,77,85,646,729,N,N
1990,NL,E,PIT,PIT,Pittsburgh Pirates,1,162,95,67,733,619,N,N
1990,NL,W,SDN,SDP,San Diego Padres,4,162,75,87,673,673,N,N
1990,AL,W,SEA,SEA,Seattle Mariners,5,162,77,85,640,680,N,N
1990,NL,W,SFN,SFG,San Francisco Giants,3,162,85,77,719,710,N,N
1990,NL,E,SLN,STL,St. Louis Cardinals,6,162,70,92,599,698,N,N
1990,AL,W,TEX,TEX,Texas Rangers,3,162,83,79,676,696,N,N
1990,AL,E,TOR,TOR,Toronto Blue Jays,2,162,86,76,767,661,N,N
1991,NL,W,ATL,ATL,Atlanta Braves,1,162,94,68,749,644,N,Y
1991,AL,E,BAL,BAL,Baltimore Orioles,6,162,67,95,686,796,N,N
1991,AL,E,BOS,BOS,Boston Red Sox,2,162,84,78,731,712,N,N
1991,AL,W,CAL,ANA,California Angels,7,162,81,81,653,649,N,N
1991,AL,W,CHA,CHW,Chicago White Sox,2,162,87,75,758,681,N,N
1991,NL,E,CHN,CHC,Chicago Cubs,4,160,77,83,695,734,N,N
1991,NL,W,CIN,CIN,Cincinnati Reds,5,162,74,88,689,691,N,N
1991,AL,E,CLE,CLE,Cleveland Indians,7,162,57,105,576,759,N,N
1991,AL,E,DET,DET,Detroit Tigers,2,162,84,78,817,794,N,N
1991,NL,W,HOU,HOU,Houston Astros,6,162,65,97,605,717,N,N
1991,AL,W,KCA,KCR,Kansas City Royals,6,162,82,80,727,722,N,N
1991,NL,W,LAN,LAD,Los Angeles Dodgers,2,162,93,69,665,565,N,N
1991,AL,W,MIN,MIN,Minnesota Twins,1,162,95,67,776,652,Y,Y
1991,AL,E,ML4,MIL,Milwaukee Brewers,4,162,83,79,799,744,N,N
1991,NL,E,MON,WSN,Montreal Expos,6,161,71,90,579,655,N,N
1991,AL,E,NYA,NYY,New York Yankees,5,162,71,91,674,777,N,N
1991,NL,E,NYN,NYM,New York Mets,5,161,77,84,640,646,N,N
1991,AL,W,OAK,OAK,Oakland Athletics,4,162,84,78,760,776,N,N
1991,NL,E,PHI,PHI,Philadelphia Phillies,3,162,78,84,629,680,N,N
1991,NL,E,PIT,PIT,Pittsburgh Pirates,1,162,98,64,768,632,N,N
1991,NL,W,SDN,SDP,San Diego Padres,3,162,84,78,636,646,N,N
1991,AL,W,SEA,SEA,Seattle Mariners,5,162,83,79,702,674,N,N
1991,NL,W,SFN,SFG,San Francisco Giants,4,162,75,87,649,697,N,N
1991,NL,E,SLN,STL,St. Louis Cardinals,2,162,84,78,651,648,N,N
1991,AL,W,TEX,TEX,Texas Rangers,3,162,85,77,829,814,N,N
1991,AL,E,TOR,TOR,Toronto Blue Jays,1,162,91,71,684,622,N,N
1992,NL,W,ATL,ATL,Atlanta Braves,1,162,98,64,682,569,N,Y
1992,AL,E,BAL,BAL,Baltimore Orioles,3,162,89,73,705,656,N,N
1992,AL,E,BOS,BOS,Boston Red Sox,7,162,73,89,599,669,N,N
1992,AL,W,CAL,ANA,California Angels,5,162,72,90,579,671,N,N
1992,AL,W,CHA,CHW,Chicago White Sox,3,162,86,76,738,690,N,N
1992,NL,E,CHN,CHC,Chicago Cubs,4,162,78,84,593,624,N,N
1992,NL,W,CIN,CIN,Cincinnati Reds,2,162,90,72,660,609,N,N
1992,AL,E,CLE,CLE,Cleveland Indians,4,162,76,86,674,746,N,N
1992,AL,E,DET,DET,Detroit Tigers,6,162,75,87,791,794,N,N
1992,NL,W,HOU,HOU,Houston Astros,4,162,81,81,608,668,N,N
1992,AL,W,KCA,KCR,Kansas City Royals,5,162,72,90,610,667,N,N
1992,NL,W,LAN,LAD,Los Angeles Dodgers,6,162,63,99,548,636,N,N
1992,AL,W,MIN,MIN,Minnesota Twins,2,162,90,72,747,653,N,N
1992,AL,E,ML4,MIL,Milwaukee Brewers,2,162,92,70,740,604,N,N
1992,NL,E,MON,WSN,Montreal Expos,2,162,87,75,648,581,N,N
1992,AL,E,NYA,NYY,New York Yankees,4,162,76,86,733,746,N,N
1992,NL,E,NYN,NYM,New York Mets,5,162,72,90,599,653,N,N
1992,AL,W,OAK,OAK,Oakland Athletics,1,162,96,66,745,672,N,N
1992,NL,E,PHI,PHI,Philadelphia Phillies,6,162,70,92,686,717,N,N
1992,NL,E,PIT,PIT,Pittsburgh Pirates,1,162,96,66,693,595,N,N
1992,NL,W,SDN,SDP,San Diego Padres,3,162,82,80,617,636,N,N
1992,AL,W,SEA,SEA,Seattle Mariners,7,162,64,98,679,799,N,N
1992,NL,W,SFN,SFG,San Francisco Giants,5,162,72,90,574,647,N,N
1992,NL,E,SLN,STL,St. Louis Cardinals,3,162,83,79,631,604,N,N
1992,AL,W,TEX,TEX,Texas Rangers,4,162,77,85,682,753,N,N
1992,AL,E,TOR,TOR,Toronto Blue Jays,1,162,96,66,780,682,Y,Y
1993,NL,W,ATL,ATL,Atlanta Braves,1,162,104,58,767,559,N,N
1993,AL,E,BAL,BAL,Baltimore Orioles,3,162,85,77,786,745,N,N
1993,AL,E,BOS,BOS,Boston Red Sox,5,162,80,82,686,698,N,N
1993,AL,W,CAL,ANA,California Angels,5,162,71,91,684,770,N,N
1993,AL,W,CHA,CHW,Chicago White Sox,1,162,94,68,776,664,N,N
1993,NL,E,CHN,CHC,Chicago Cubs,4,163,84,78,738,739,N,N
1993,NL,W,CIN,CIN,Cincinnati Reds,5,162,73,89,722,785,N,N
1993,AL,E,CLE,CLE,Cleveland Indians,6,162,76,86,790,813,N,N
1993,NL,W,COL,COL,Colorado Rockies,6,162,67,95,758,967,N,N
1993,AL,E,DET,DET,Detroit Tigers,3,162,85,77,899,837,N,N
1993,NL,E,FLO,FLA,Florida Marlins,6,162,64,98,581,724,N,N
1993,NL,W,HOU,HOU,Houston Astros,3,162,85,77,716,630,N,N
1993,AL,W,KCA,KCR,Kansas City Royals,3,162,84,78,675,694,N,N
1993,NL,W,LAN,LAD,Los Angeles Dodgers,4,162,81,81,675,662,N,N
1993,AL,W,MIN,MIN,Minnesota Twins,5,162,71,91,693,830,N,N
1993,AL,E,ML4,MIL,Milwaukee Brewers,7,162,69,93,733,792,N,N
1993,NL,E,MON,WSN,Montreal Expos,2,163,94,68,732,682,N,N
1993,AL,E,NYA,NYY,New York Yankees,2,162,88,74,821,761,N,N
1993,NL,E,NYN,NYM,New York Mets,7,162,59,103,672,744,N,N
1993,AL,W,OAK,OAK,Oakland Athletics,7,162,68,94,715,846,N,N
1993,NL,E,PHI,PHI,Philadelphia Phillies,1,162,97,65,877,740,N,Y
1993,NL,E,PIT,PIT,Pittsburgh Pirates,5,162,75,87,707,806,N,N
1993,NL,W,SDN,SDP,San Diego Padres,7,162,61,101,679,772,N,N
1993,AL,W,SEA,SEA,Seattle Mariners,4,162,82,80,734,731,N,N
1993,NL,W,SFN,SFG,San Francisco Giants,2,162,103,59,808,636,N,N
1993,NL,E,SLN,STL,St. Louis Cardinals,3,162,87,75,758,744,N,N
1993,AL,W,TEX,TEX,Texas Rangers,2,162,86,76,835,751,N,N
1993,AL,E,TOR,TOR,Toronto Blue Jays,1,162,95,67,847,742,Y,Y
1994,NL,E,ATL,ATL,Atlanta Braves,2,114,68,46,542,448,,
1994,AL,E,BAL,BAL,Baltimore Orioles,2,112,63,49,589,497,,
1994,AL,E,BOS,BOS,Boston Red Sox,4,115,54,61,552,621,,
1994,AL,W,CAL,ANA,California Angels,4,115,47,68,543,660,,
1994,AL,C,CHA,CHW,Chicago White Sox,1,113,67,46,633,498,,
1994,NL,C,CHN,CHC,Chicago Cubs,5,113,49,64,500,549,,
1994,NL,C,CIN,CIN,Cincinnati Reds,1,115,66,48,609,490,,
1994,AL,C,CLE,CLE,Cleveland Indians,2,113,66,47,679,562,,
1994,NL,W,COL,COL,Colorado Rockies,3,117,53,64,573,638,,
1994,AL,E,DET,DET,Detroit Tigers,5,115,53,62,652,671,,
1994,NL,E,FLO,FLA,Florida Marlins,5,115,51,64,468,576,,
1994,NL,C,HOU,HOU,Houston Astros,2,115,66,49,602,503,,
1994,AL,C,KCA,KCR,Kansas City Royals,3,115,64,51,574,532,,
1994,NL,W,LAN,LAD,Los Angeles Dodgers,1,114,58,56,532,509,,
1994,AL,C,MIN,MIN,Minnesota Twins,4,113,53,60,594,688,,
1994,AL,C,ML4,MIL,Milwaukee Brewers,5,115,53,62,547,586,,
1994,NL,E,MON,WSN,Montreal Expos,1,114,74,40,585,454,,
1994,AL,E,NYA,NYY,New York Yankees,1,113,70,43,670,534,,
1994,NL,E,NYN,NYM,New York Mets,3,113,55,58,506,526,,
1994,AL,W,OAK,OAK,Oakland Athletics,2,114,51,63,549,589,,
1994,NL,E,PHI,PHI,Philadelphia Phillies,4,115,54,61,521,497,,
1994,NL,C,PIT,PIT,Pittsburgh Pirates,3,114,53,61,466,580,,
1994,NL,W,SDN,SDP,San Diego Padres,4,117,47,70,479,531,,
1994,AL,W,SEA,SEA,Seattle Mariners,3,112,49,63,569,616,,
1994,NL,W,SFN,SFG,San Francisco Giants,2,115,55,60,504,500,,
1994,NL,C,SLN,STL,St. Louis Cardinals,3,115,53,61,535,621,,
1994,AL,W,TEX,TEX,Texas Rangers,1,114,52,62,613,697,,
1994,AL,E,TOR,TOR,Toronto Blue Jays,3,115,55,60,566,579,,
1995,NL,E,ATL,ATL,Atlanta Braves,1,144,90,54,645,540,Y,Y
1995,AL,E,BAL,BAL,Baltimore Orioles,3,144,71,73,704,640,N,N
1995,AL,E,BOS,BOS,Boston Red Sox,1,144,86,58,791,698,N,N
1995,AL,W,CAL,ANA,California Angels,2,145,78,67,801,697,N,N
1995,AL,C,CHA,CHW,Chicago White Sox,3,145,68,76,755,758,N,N
1995,NL,C,CHN,CHC,Chicago Cubs,3,144,73,71,693,671,N,N
1995,NL,C,CIN,CIN,Cincinnati Reds,1,144,85,59,747,623,N,N
1995,AL,C,CLE,CLE,Cleveland Indians,1,144,100,44,840,607,N,Y
1995,NL,W,COL,COL,Colorado Rockies,2,144,77,67,785,783,N,N
1995,AL,E,DET,DET,Detroit Tigers,4,144,60,84,654,844,N,N
1995,NL,E,FLO,FLA,Florida Marlins,4,143,67,76,673,673,N,N
1995,NL,C,HOU,HOU,Houston Astros,2,144,76,68,747,674,N,N
1995,AL,C,KCA,KCR,Kansas City Royals,2,144,70,74,629,691,N,N
1995,NL,W,LAN,LAD,Los Angeles Dodgers,1,144,78,66,634,609,N,N
1995,AL,C,MIN,MIN,Minnesota Twins,5,144,56,88,703,889,N,N
1995,AL,C,ML4,MIL,Milwaukee Brewers,4,144,65,79,740,747,N,N
1995,NL,E,MON,WSN,Montreal Expos,5,144,66,78,621,638,N,N
1995,AL,E,NYA,NYY,New York Yankees,2,145,79,65,749,688,N,N
1995,NL,E,NYN,NYM,New York Mets,2,144,69,75,657,618,N,N
1995,AL,W,OAK,OAK,Oakland Athletics,4,144,67,77,730,761,N,N
1995,NL,E,PHI,PHI,Philadelphia Phillies,2,144,69,75,615,658,N,N
1995,NL,C,PIT,PIT,Pittsburgh Pirates,5,144,58,86,629,736,N,N
1995,NL,W,SDN,SDP,San Diego Padres,3,144,70,74,668,672,N,N
1995,AL,W,SEA,SEA,Seattle Mariners,1,145,79,66,796,708,N,N
1995,NL,W,SFN,SFG,San Francisco Giants,4,144,67,77,652,776,N,N
1995,NL,C,SLN,STL,St. Louis Cardinals,4,143,62,81,563,658,N,N
1995,AL,W,TEX,TEX,Texas Rangers,3,144,74,70,691,720,N,N
1995,AL,E,TOR,TOR,Toronto Blue Jays,5,144,56,88,642,777,N,N
1996,NL,E,ATL,ATL,Atlanta Braves,1,162,96,66,773,648,N,Y
1996,AL,E,BAL,BAL,Baltimore Orioles,2,163,88,74,949,903,N,N
1996,AL,E,BOS,BOS,Boston Red Sox,3,162,85,77,928,921,N,N
1996,AL,W,CAL,ANA,California Angels,4,161,70,91,762,943,N,N
1996,AL,C,CHA,CHW,Chicago White Sox,2,162,85,77,898,794,N,N
1996,NL,C,CHN,CHC,Chicago Cubs,4,162,76,86,772,771,N,N
1996,NL,C,CIN,CIN,Cincinnati Reds,3,162,81,81,778,773,N,N
1996,AL,C,CLE,CLE,Cleveland Indians,1,161,99,62,952,769,N,N
1996,NL,W,COL,COL,Colorado Rockies,3,162,83,79,961,964,N,N
1996,AL,E,DET,DET,Detroit Tigers,5,162,53,109,783,1103,N,N
1996,NL,E,FLO,FLA,Florida Marlins,3,162,80,82,688,703,N,N
1996,NL,C,HOU,HOU,Houston Astros,2,162,82,80,753,792,N,N
1996,AL,C,KCA,KCR,Kansas City Royals,5,161,75,86,746,786,N,N
1996,NL,W,LAN,LAD,Los Angeles Dodgers,2,162,90,72,703,652,N,N
1996,AL,C,MIN,MIN,Minnesota Twins,4,162,78,84,877,900,N,N
1996,AL,C,ML4,MIL,Milwaukee Brewers,3,162,80,82,894,899,N,N
1996,NL,E,MON,WSN,Montreal Expos,2,162,88,74,741,668,N,N
1996,AL,E,NYA,NYY,New York Yankees,1,162,92,70,871,787,Y,Y
1996,NL,E,NYN,NYM,New York Mets,4,162,71,91,746,779,N,N
1996,AL,W,OAK,OAK,Oakland Athletics,3,162,78,84,861,900,N,N
1996,NL,E,PHI,PHI,Philadelphia Phillies,5,162,67,95,650,790,N,N
1996,NL,C,PIT,PIT,Pittsburgh Pirates,5,162,73,89,776,833,N,N
1996,NL,W,SDN,SDP,San Diego Padres,1,162,91,71,771,682,N,N
1996,AL,W,SEA,SEA,Seattle Mariners,2,161,85,76,993,895,N,N
1996,NL,W,SFN,SFG,San Francisco Giants,4,162,68,94,752,862,N,N
1996,NL,C,SLN,STL,St. Louis Cardinals,1,162,88,74,759,706,N,N
1996,AL,W,TEX,TEX,Texas Rangers,1,163,90,72,928,799,N,N
1996,AL,E,TOR,TOR,Toronto Blue Jays,4,162,74,88,766,809,N,N
1997,AL,W,ANA,ANA,Anaheim Angels,2,162,84,78,829,794,N,N
1997,NL,E,ATL,ATL,Atlanta Braves,1,162,101,61,791,581,N,N
1997,AL,E,BAL,BAL,Baltimore Orioles,1,162,98,64,812,681,N,N
1997,AL,E,BOS,BOS,Boston Red Sox,4,162,78,84,851,857,N,N
1997,AL,C,CHA,CHW,Chicago White Sox,2,161,80,81,779,833,N,N
1997,NL,C,CHN,CHC,Chicago Cubs,5,162,68,94,687,759,N,N
1997,NL,C,CIN,CIN,Cincinnati Reds,3,162,76,86,651,764,N,N
1997,AL,C,CLE,CLE,Cleveland Indians,1,161,86,75,868,815,N,Y
1997,NL,W,COL,COL,Colorado Rockies,3,162,83,79,923,908,N,N
1997,AL,E,DET,DET,Detroit Tigers,3,162,79,83,784,790,N,N
1997,NL,E,FLO,FLA,Florida Marlins,2,162,92,70,740,669,Y,Y
1997,NL,C,HOU,HOU,Houston Astros,1,162,84,78,777,660,N,N
1997,AL,C,KCA,KCR,Kansas City Royals,5,161,67,94,747,820,N,N
1997,NL,W,LAN,LAD,Los Angeles Dodgers,2,162,88,74,742,645,N,N
1997,AL,C,MIN,MIN,Minnesota Twins,4,162,68,94,772,861,N,N
1997,AL,C,ML4,MIL,Milwaukee Brewers,3,161,78,83,681,742,N,N
1997,NL,E,MON,WSN,Montreal Expos,4,162,78,84,691,740,N,N
1997,AL,E,NYA,NYY,New York Yankees,2,162,96,66,891,688,N,N
1997,NL,E,NYN,NYM,New York Mets,3,162,88,74,777,709,N,N
1997,AL,W,OAK,OAK,Oakland Athletics,4,162,65,97,764,946,N,N
1997,NL,E,PHI,PHI,Philadelphia Phillies,5,162,68,94,668,840,N,N
1997,NL,C,PIT,PIT,Pittsburgh Pirates,2,162,79,83,725,760,N,N
1997,NL,W,SDN,SDP,San Diego Padres,4,162,76,86,795,891,N,N
1997,AL,W,SEA,SEA,Seattle Mariners,1,162,90,72,925,833,N,N
1997,NL,W,SFN,SFG,San Francisco Giants,1,162,90,72,784,793,N,N
1997,NL,C,SLN,STL,St. Louis Cardinals,4,162,73,89,689,708,N,N
1997,AL,W,TEX,TEX,Texas Rangers,3,162,77,85,807,823,N,N
1997,AL,E,TOR,TOR,Toronto Blue Jays,5,162,76,86,654,694,N,N
1998,AL,W,ANA,ANA,Anaheim Angels,2,162,85,77,787,783,N,N
1998,NL,W,ARI,ARI,Arizona Diamondbacks,5,162,65,97,665,812,N,N
1998,NL,E,ATL,ATL,Atlanta Braves,1,162,106,56,826,581,N,N
1998,AL,E,BAL,BAL,Baltimore Orioles,4,162,79,83,817,785,N,N
1998,AL,E,BOS,BOS,Boston Red Sox,2,162,92,70,876,729,N,N
1998,AL,C,CHA,CHW,Chicago White Sox,2,163,80,82,861,931,N,N
1998,NL,C,CHN,CHC,Chicago Cubs,2,163,90,73,831,792,N,N
1998,NL,C,CIN,CIN,Cincinnati Reds,4,162,77,85,750,760,N,N
1998,AL,C,CLE,CLE,Cleveland Indians,1,162,89,73,850,779,N,N
1998,NL,W,COL,COL,Colorado Rockies,4,162,77,85,826,855,N,N
1998,AL,C,DET,DET,Detroit Tigers,5,162,65,97,722,863,N,N
1998,NL,E,FLO,FLA,Florida Marlins,5,162,54,108,667,923,N,N
1998,NL,C,HOU,HOU,Houston Astros,1,162,102,60,874,620,N,N
1998,AL,C,KCA,KCR,Kansas City Royals,3,161,72,89,714,899,N,N
1998,NL,W,LAN,LAD,Los Angeles Dodgers,3,162,83,79,669,678,N,N
1998,NL,C,MIL,MIL,Milwaukee Brewers,5,162,74,88,707,812,N,N
1998,AL,C,MIN,MIN,Minnesota Twins,4,162,70,92,734,818,N,N
1998,NL,E,MON,WSN,Montreal Expos,4,162,65,97,644,783,N,N
1998,AL,E,NYA,NYY,New York Yankees,1,162,114,48,965,656,Y,Y
1998,NL,E,NYN,NYM,New York Mets,2,162,88,74,706,645,N,N
1998,AL,W,OAK,OAK,Oakland Athletics,4,162,74,88,804,866,N,N
1998,NL,E,PHI,PHI,Philadelphia Phillies,3,162,75,87,713,808,N,N
1998,NL,C,PIT,PIT,Pittsburgh Pirates,6,163,69,93,650,718,N,N
1998,NL,W,SDN,SDP,San Diego Padres,1,162,98,64,749,635,N,Y
1998,AL,W,SEA,SEA,Seattle Mariners,3,161,76,85,859,855,N,N
1998,NL,W,SFN,SFG,San Francisco Giants,2,163,89,74,845,739,N,N
1998,NL,C,SLN,STL,St. Louis Cardinals,3,163,83,79,810,782,N,N
1998,AL,E,TBA,TBD,Tampa Bay Devil Rays,5,162,63,99,620,751,N,N
1998,AL,W,TEX,TEX,Texas Rangers,1,162,88,74,940,871,N,N
1998,AL,E,TOR,TOR,Toronto Blue Jays,3,163,88,74,816,768,N,N
1999,AL,W,ANA,ANA,Anaheim Angels,4,162,70,92,711,826,N,N
1999,NL,W,ARI,ARI,Arizona Diamondbacks,1,162,100,62,908,676,N,N
1999,NL,E,ATL,ATL,Atlanta Braves,1,162,103,59,840,661,N,Y
1999,AL,E,BAL,BAL,Baltimore Orioles,4,162,78,84,851,815,N,N
1999,AL,E,BOS,BOS,Boston Red Sox,2,162,94,68,836,718,N,N
1999,AL,C,CHA,CHW,Chicago White Sox,2,162,75,86,777,870,N,N
1999,NL,C,CHN,CHC,Chicago Cubs,6,162,67,95,747,920,N,N
1999,NL,C,CIN,CIN,Cincinnati Reds,2,163,96,67,865,711,N,N
1999,AL,C,CLE,CLE,Cleveland Indians,1,162,97,65,1009,860,N,N
1999,NL,W,COL,COL,Colorado Rockies,5,162,72,90,906,1028,N,N
1999,AL,C,DET,DET,Detroit Tigers,3,161,69,92,747,882,N,N
1999,NL,E,FLO,FLA,Florida Marlins,5,162,64,98,691,852,N,N
1999,NL,C,HOU,HOU,Houston Astros,1,162,97,65,823,675,N,N
1999,AL,C,KCA,KCR,Kansas City Royals,4,161,64,97,856,921,N,N
1999,NL,W,LAN,LAD,Los Angeles Dodgers,3,162,77,85,793,787,N,N
1999,NL,C,MIL,MIL,Milwaukee Brewers,5,161,74,87,815,886,N,N
1999,AL,C,MIN,MIN,Minnesota Twins,5,161,63,97,686,845,N,N
1999,NL,E,MON,WSN,Montreal Expos,4,162,68,94,718,853,N,N
1999,AL,E,NYA,NYY,New York Yankees,1,162,98,64,900,731,Y,Y
1999,NL,E,NYN,NYM,New York Mets,2,163,97,66,853,711,N,N
1999,AL,W,OAK,OAK,Oakland Athletics,2,162,87,75,893,846,N,N
1999,NL,E,PHI,PHI,Philadelphia Phillies,3,162,77,85,841,846,N,N
1999,NL,C,PIT,PIT,Pittsburgh Pirates,3,161,78,83,775,782,N,N
1999,NL,W,SDN,SDP,San Diego Padres,4,162,74,88,710,781,N,N
1999,AL,W,SEA,SEA,Seattle Mariners,3,162,79,83,859,905,N,N
1999,NL,W,SFN,SFG,San Francisco Giants,2,162,86,76,872,831,N,N
1999,NL,C,SLN,STL,St. Louis Cardinals,4,161,75,86,809,838,N,N
1999,AL,E,TBA,TBD,Tampa Bay Devil Rays,5,162,69,93,772,913,N,N
1999,AL,W,TEX,TEX,Texas Rangers,1,162,95,67,945,859,N,N
1999,AL,E,TOR,TOR,Toronto Blue Jays,3,162,84,78,883,862,N,N
2000,AL,W,ANA,ANA,Anaheim Angels,3,162,82,80,864,869,N,N
2000,NL,W,ARI,ARI,Arizona Diamondbacks,3,162,85,77,792,754,N,N
2000,NL,E,ATL,ATL,Atlanta Braves,1,162,95,67,810,714,N,N
2000,AL,E,BAL,BAL,Baltimore Orioles,4,162,74,88,794,913,N,N
2000,AL,E,BOS,BOS,Boston Red Sox,2,162,85,77,792,745,N,N
2000,AL,C,CHA,CHW,Chicago White Sox,1,162,95,67,978,839,N,N
2000,NL,C,CHN,CHC,Chicago Cubs,6,162,65,97,764,904,N,N
2000,NL,C,CIN,CIN,Cincinnati Reds,2,163,85,77,825,765,N,N
2000,AL,C,CLE,CLE,Cleveland Indians,2,162,90,72,950,816,N,N
2000,NL,W,COL,COL,Colorado Rockies,4,162,82,80,968,897,N,N
2000,AL,C,DET,DET,Detroit Tigers,3,162,79,83,823,827,N,N
2000,NL,E,FLO,FLA,Florida Marlins,3,161,79,82,731,797,N,N
2000,NL,C,HOU,HOU,Houston Astros,4,162,72,90,938,944,N,N
2000,AL,C,KCA,KCR,Kansas City Royals,4,162,77,85,879,930,N,N
2000,NL,W,LAN,LAD,Los Angeles Dodgers,2,162,86,76,798,729,N,N
2000,NL,C,MIL,MIL,Milwaukee Brewers,3,163,73,89,740,826,N,N
2000,AL,C,MIN,MIN,Minnesota Twins,5,162,69,93,748,880,N,N
2000,NL,E,MON,WSN,Montreal Expos,4,162,67,95,738,902,N,N
2000,AL,E,NYA,NYY,New York Yankees,1,161,87,74,871,814,Y,Y
2000,NL,E,NYN,NYM,New York Mets,2,162,94,68,807,738,N,Y
2000,AL,W,OAK,OAK,Oakland Athletics,1,161,91,70,947,813,N,N
2000,NL,E,PHI,PHI,Philadelphia Phillies,5,162,65,97,708,830,N,N
2000,NL,C,PIT,PIT,Pittsburgh Pirates,5,162,69,93,793,888,N,N
2000,NL,W,SDN,SDP,San Diego Padres,5,162,76,86,752,815,N,N
2000,AL,W,SEA,SEA,Seattle Mariners,2,162,91,71,907,780,N,N
2000,NL,W,SFN,SFG,San Francisco Giants,1,162,97,65,925,747,N,N
2000,NL,C,SLN,STL,St. Louis Cardinals,1,162,95,67,887,771,N,N
2000,AL,E,TBA,TBD,Tampa Bay Devil Rays,5,161,69,92,733,842,N,N
2000,AL,W,TEX,TEX,Texas Rangers,4,162,71,91,848,974,N,N
2000,AL,E,TOR,TOR,Toronto Blue Jays,3,162,83,79,861,908,N,N
2001,AL,W,ANA,ANA,Anaheim Angels,3,162,75,87,691,730,N,N
2001,NL,W,ARI,ARI,Arizona Diamondbacks,1,162,92,70,818,677,Y,Y
2001,NL,E,ATL,ATL,Atlanta Braves,1,162,88,74,729,643,N,N
2001,AL,E,BAL,BAL,Baltimore Orioles,4,162,63,98,687,829,N,N
2001,AL,E,BOS,BOS,Boston Red Sox,2,161,82,79,772,745,N,N
2001,AL,C,CHA,CHW,Chicago White Sox,3,162,83,79,798,795,N,N
2001,NL,C,CHN,CHC,Chicago Cubs,3,162,88,74,777,701,N,N
2001,NL,C,CIN,CIN,Cincinnati Reds,5,162,66,96,735,850,N,N
2001,AL,C,CLE,CLE,Cleveland Indians,1,162,91,71,897,821,N,N
2001,NL,W,COL,COL,Colorado Rockies,5,162,73,89,923,906,N,N
2001,AL,C,DET,DET,Detroit Tigers,4,162,66,96,724,876,N,N
2001,NL,E,FLO,FLA,Florida Marlins,4,162,76,86,742,744,N,N
2001,NL,C,HOU,HOU,Houston Astros,1,162,93,69,847,769,N,N
2001,AL,C,KCA,KCR,Kansas City Royals,5,162,65,97,729,858,N,N
2001,NL,W,LAN,LAD,Los Angeles Dodgers,3,162,86,76,758,744,N,N
2001,NL,C,MIL,MIL,Milwaukee Brewers,4,162,68,94,740,806,N,N
2001,AL,C,MIN,MIN,Minnesota Twins,2,162,85,77,771,766,N,N
2001,NL,E,MON,WSN,Montreal Expos,5,162,68,94,670,812,N,N
2001,AL,E,NYA,NYY,New York Yankees,1,161,95,65,804,713,N,Y
2001,NL,E,NYN,NYM,New York Mets,3,162,82,80,642,713,N,N
2001,AL,W,OAK,OAK,Oakland Athletics,2,162,102,60,884,645,N,N
2001,NL,E,PHI,PHI,Philadelphia Phillies,2,162,86,76,746,719,N,N
2001,NL,C,PIT,PIT,Pittsburgh Pirates,6,162,62,100,657,858,N,N
2001,NL,W,SDN,SDP,San Diego Padres,4,162,79,83,789,812,N,N
2001,AL,W,SEA,SEA,Seattle Mariners,1,162,116,46,927,627,N,N
2001,NL,W,SFN,SFG,San Francisco Giants,2,162,90,72,799,748,N,N
2001,NL,C,SLN,STL,St. Louis Cardinals,2,162,93,69,814,684,N,N
2001,AL,E,TBA,TBD,Tampa Bay Devil Rays,5,162,62,100,672,887,N,N
2001,AL,W,TEX,TEX,Texas Rangers,4,162,73,89,890,968,N,N
2001,AL,E,TOR,TOR,Toronto Blue Jays,3,162,80,82,767,753,N,N
2002,AL,W,ANA,ANA,Anaheim Angels,2,162,99,63,851,644,Y,Y
2002,NL,W,ARI,ARI,Arizona Diamondbacks,1,162,98,64,819,674,N,N
2002,NL,E,ATL,ATL,Atlanta Braves,1,161,101,59,708,565,N,N
2002,AL,E,BAL,BAL,Baltimore Orioles,4,162,67,95,667,773,N,N
2002,AL,E,BOS,BOS,Boston Red Sox,2,162,93,69,859,665,N,N
2002,AL,C,CHA,CHW,Chicago White Sox,2,162,81,81,856,798,N,N
2002,NL,C,CHN,CHC,Chicago Cubs,5,162,67,95,706,759,N,N
2002,NL,C,CIN,CIN,Cincinnati Reds,3,162,78,84,709,774,N,N
2002,AL,C,CLE,CLE,Cleveland Indians,3,162,74,88,739,837,N,N
2002,NL,W,COL,COL,Colorado Rockies,4,162,73,89,778,898,N,N
2002,AL,C,DET,DET,Detroit Tigers,5,161,55,106,575,864,N,N
2002,NL,E,FLO,FLA,Florida Marlins,4,162,79,83,699,763,N,N
2002,NL,C,HOU,HOU,Houston Astros,2,162,84,78,749,695,N,N
2002,AL,C,KCA,KCR,Kansas City Royals,4,162,62,100,737,891,N,N
2002,NL,W,LAN,LAD,Los Angeles Dodgers,3,162,92,70,713,643,N,N
2002,NL,C,MIL,MIL,Milwaukee Brewers,6,162,56,106,627,821,N,N
2002,AL,C,MIN,MIN,Minnesota Twins,1,161,94,67,768,712,N,N
2002,NL,E,MON,WSN,Montreal Expos,2,162,83,79,735,718,N,N
2002,AL,E,NYA,NYY,New York Yankees,1,161,103,58,897,697,N,N
2002,NL,E,NYN,NYM,New York Mets,5,161,75,86,690,703,N,N
2002,AL,W,OAK,OAK,Oakland Athletics,1,162,103,59,800,654,N,N
2002,NL,E,PHI,PHI,Philadelphia Phillies,3,161,80,81,710,724,N,N
2002,NL,C,PIT,PIT,Pittsburgh Pirates,4,161,72,89,641,730,N,N
2002,NL,W,SDN,SDP,San Diego Padres,5,162,66,96,662,815,N,N
2002,AL,W,SEA,SEA,Seattle Mariners,3,162,93,69,814,699,N,N
2002,NL,W,SFN,SFG,San Francisco Giants,2,162,95,66,783,616,N,Y
2002,NL,C,SLN,STL,St. Louis Cardinals,1,162,97,65,787,648,N,N
2002,AL,E,TBA,TBD,Tampa Bay Devil Rays,5,161,55,106,673,918,N,N
2002,AL,W,TEX,TEX,Texas Rangers,4,162,72,90,843,882,N,N
2002,AL,E,TOR,TOR,Toronto Blue Jays,3,162,78,84,813,828,N,N
2003,AL,W,ANA,ANA,Anaheim Angels,3,162,77,85,736,743,N,N
2003,NL,W,ARI,ARI,Arizona Diamondbacks,3,162,84,78,717,685,N,N
2003,NL,E,ATL,ATL,Atlanta Braves,1,162,101,61,907,740,N,N
2003,AL,E,BAL,BAL,Baltimore Orioles,4,163,71,91,743,820,N,N
2003,AL,E,BOS,BOS,Boston Red Sox,2,162,95,67,961,809,N,N
2003,AL,C,CHA,CHW,Chicago White Sox,2,162,86,76,791,715,N,N
2003,NL,C,CHN,CHC,Chicago Cubs,1,162,88,74,724,683,N,N
2003,NL,C,CIN,CIN,Cincinnati Reds,5,162,69,93,694,886,N,N
2003,AL,C,CLE,CLE,Cleveland Indians,4,162,68,94,699,778,N,N
2003,NL,W,COL,COL,Colorado Rockies,4,162,74,88,853,892,N,N
2003,AL,C,DET,DET,Detroit Tigers,5,162,43,119,591,928,N,N
2003,NL,E,FLO,FLA,Florida Marlins,2,162,91,71,751,692,Y,Y
2003,NL,C,HOU,HOU,Houston Astros,2,162,87,75,805,677,N,N
2003,AL,C,KCA,KCR,Kansas City Royals,3,162,83,79,836,867,N,N
2003,NL,W,LAN,LAD,Los Angeles Dodgers,2,162,85,77,574,556,N,N
2003,NL,C,MIL,MIL,Milwaukee Brewers,6,162,68,94,714,873,N,N
2003,AL,C,MIN,MIN,Minnesota Twins,1,162,90,72,801,758,N,N
2003,NL,E,MON,WSN,Montreal Expos,4,162,83,79,711,716,N,N
2003,AL,E,NYA,NYY,New York Yankees,1,163,101,61,877,716,N,Y
2003,NL,E,NYN,NYM,New York Mets,5,161,66,95,642,754,N,N
2003,AL,W,OAK,OAK,Oakland Athletics,1,162,96,66,768,643,N,N
2003,NL,E,PHI,PHI,Philadelphia Phillies,3,162,86,76,791,697,N,N
2003,NL,C,PIT,PIT,Pittsburgh Pirates,4,162,75,87,753,801,N,N
2003,NL,W,SDN,SDP,San Diego Padres,5,162,64,98,678,831,N,N
2003,AL,W,SEA,SEA,Seattle Mariners,2,162,93,69,795,637,N,N
2003,NL,W,SFN,SFG,San Francisco Giants,1,161,100,61,755,638,N,N
2003,NL,C,SLN,STL,St. Louis Cardinals,3,162,85,77,876,796,N,N
2003,AL,E,TBA,TBD,Tampa Bay Devil Rays,5,162,63,99,715,852,N,N
2003,AL,W,TEX,TEX,Texas Rangers,4,162,71,91,826,969,N,N
2003,AL,E,TOR,TOR,Toronto Blue Jays,3,162,86,76,894,826,N,N
2004,AL,W,ANA,ANA,Anaheim Angels,1,162,92,70,836,734,N,N
2004,NL,W,ARI,ARI,Arizona Diamondbacks,5,162,51,111,615,899,N,N
2004,NL,E,ATL,ATL,Atlanta Braves,1,162,96,66,803,668,N,N
2004,AL,E,BAL,BAL,Baltimore Orioles,3,162,78,84,842,830,N,N
2004,AL,E,BOS,BOS,Boston Red Sox,2,162,98,64,949,768,Y,Y
2004,AL,C,CHA,CHW,Chicago White Sox,2,162,83,79,865,831,N,N
2004,NL,C,CHN,CHC,Chicago Cubs,3,162,89,73,789,665,N,N
2004,NL,C,CIN,CIN,Cincinnati Reds,4,162,76,86,750,907,N,N
2004,AL,C,CLE,CLE,Cleveland Indians,3,162,80,82,858,857,N,N
2004,NL,W,COL,COL,Colorado Rockies,4,162,68,94,833,923,N,N
2004,AL,C,DET,DET,Detroit Tigers,4,162,72,90,827,844,N,N
2004,NL,E,FLO,FLA,Florida Marlins,3,162,83,79,718,700,N,N
2004,NL,C,HOU,HOU,Houston Astros,2,162,92,70,803,698,N,N
2004,AL,C,KCA,KCR,Kansas City Royals,5,162,58,104,720,905,N,N
2004,NL,W,LAN,LAD,Los Angeles Dodgers,1,162,93,69,761,684,N,N
2004,NL,C,MIL,MIL,Milwaukee Brewers,6,161,67,94,634,757,N,N
2004,AL,C,MIN,MIN,Minnesota Twins,1,162,92,70,780,715,N,N
2004,NL,E,MON,WSN,Montreal Expos,5,162,67,95,635,769,N,N
2004,AL,E,NYA,NYY,New York Yankees,1,162,101,61,897,808,N,N
2004,NL,E,NYN,NYM,New York Mets,4,162,71,91,684,731,N,N
2004,AL,W,OAK,OAK,Oakland Athletics,2,162,91,71,793,742,N,N
2004,NL,E,PHI,PHI,Philadelphia Phillies,2,162,86,76,840,781,N,N
2004,NL,C,PIT,PIT,Pittsburgh Pirates,5,161,72,89,680,744,N,N
2004,NL,W,SDN,SDP,San Diego Padres,3,162,87,75,768,705,N,N
2004,AL,W,SEA,SEA,Seattle Mariners,4,162,63,99,698,823,N,N
2004,NL,W,SFN,SFG,San Francisco Giants,2,162,91,71,850,770,N,N
2004,NL,C,SLN,STL,St. Louis Cardinals,1,162,105,57,855,659,N,Y
2004,AL,E,TBA,TBD,Tampa Bay Devil Rays,4,161,70,91,714,842,N,N
2004,AL,W,TEX,TEX,Texas Rangers,3,162,89,73,860,794,N,N
2004,AL,E,TOR,TOR,Toronto Blue Jays,5,161,67,94,719,823,N,N
2005,NL,W,ARI,ARI,Arizona Diamondbacks,2,162,77,85,696,856,N,N
2005,NL,E,ATL,ATL,Atlanta Braves,1,162,90,72,769,674,N,N
2005,AL,E,BAL,BAL,Baltimore Orioles,4,162,74,88,729,800,N,N
2005,AL,E,BOS,BOS,Boston Red Sox,2,162,95,67,910,805,N,N
2005,AL,C,CHA,CHW,Chicago White Sox,1,162,99,63,741,645,Y,Y
2005,NL,C,CHN,CHC,Chicago Cubs,4,162,79,83,703,714,N,N
2005,NL,C,CIN,CIN,Cincinnati Reds,5,163,73,89,820,889,N,N
2005,AL,C,CLE,CLE,Cleveland Indians,2,162,93,69,790,642,N,N
2005,NL,W,COL,COL,Colorado Rockies,5,162,67,95,740,862,N,N
2005,AL,C,DET,DET,Detroit Tigers,4,162,71,91,723,787,N,N
2005,NL,E,FLO,FLA,Florida Marlins,3,162,83,79,717,732,N,N
2005,NL,C,HOU,HOU,Houston Astros,2,163,89,73,693,609,N,Y
2005,AL,C,KCA,KCR,Kansas City Royals,5,162,56,106,701,935,N,N
2005,AL,W,LAA,ANA,Los Angeles Angels of Anaheim,1,162,95,67,761,643,N,N
2005,NL,W,LAN,LAD,Los Angeles Dodgers,4,162,71,91,685,755,N,N
2005,NL,C,MIL,MIL,Milwaukee Brewers,3,162,81,81,726,697,N,N
2005,AL,C,MIN,MIN,Minnesota Twins,3,162,83,79,688,662,N,N
2005,AL,E,NYA,NYY,New York Yankees,1,162,95,67,886,789,N,N
2005,NL,E,NYN,NYM,New York Mets,3,162,83,79,722,648,N,N
2005,AL,W,OAK,OAK,Oakland Athletics,2,162,88,74,772,658,N,N
2005,NL,E,PHI,PHI,Philadelphia Phillies,2,162,88,74,807,726,N,N
2005,NL,C,PIT,PIT,Pittsburgh Pirates,6,162,67,95,680,769,N,N
2005,NL,W,SDN,SDP,San Diego Padres,1,162,82,80,684,726,N,N
2005,AL,W,SEA,SEA,Seattle Mariners,4,162,69,93,699,751,N,N
2005,NL,W,SFN,SFG,San Francisco Giants,3,162,75,87,649,745,N,N
2005,NL,C,SLN,STL,St. Louis Cardinals,1,162,100,62,805,634,N,N
2005,AL,E,TBA,TBD,Tampa Bay Devil Rays,5,162,67,95,750,936,N,N
2005,AL,W,TEX,TEX,Texas Rangers,3,162,79,83,865,858,N,N
2005,AL,E,TOR,TOR,Toronto Blue Jays,3,162,80,82,775,705,N,N
2005,NL,E,WAS,WSN,Washington Nationals,5,162,81,81,639,673,N,N
2006,NL,W,ARI,ARI,Arizona Diamondbacks,4,162,76,86,773,788,N,N
2006,NL,E,ATL,ATL,Atlanta Braves,3,162,79,83,849,805,N,N
2006,AL,E,BAL,BAL,Baltimore Orioles,4,162,70,92,768,899,N,N
2006,AL,E,BOS,BOS,Boston Red Sox,3,162,86,76,820,825,N,N
2006,AL,C,CHA,CHW,Chicago White Sox,3,162,90,72,868,794,N,N
2006,NL,C,CHN,CHC,Chicago Cubs,6,162,66,96,716,834,N,N
2006,NL,C,CIN,CIN,Cincinnati Reds,3,162,80,82,749,801,N,N
2006,AL,C,CLE,CLE,Cleveland Indians,4,162,78,84,870,782,N,N
2006,NL,W,COL,COL,Colorado Rockies,4,162,76,86,813,812,N,N
2006,AL,C,DET,DET,Detroit Tigers,2,162,95,67,822,675,N,Y
2006,NL,E,FLO,FLA,Florida Marlins,4,162,78,84,758,772,N,N
2006,NL,C,HOU,HOU,Houston Astros,2,162,82,80,735,719,N,N
2006,AL,C,KCA,KCR,Kansas City Royals,5,162,62,100,757,971,N,N
2006,AL,W,LAA,ANA,Los Angeles Angels of Anaheim,2,162,89,73,766,732,N,N
2006,NL,W,LAN,LAD,Los Angeles Dodgers,2,162,88,74,820,751,N,N
2006,NL,C,MIL,MIL,Milwaukee Brewers,4,162,75,87,730,833,N,N
2006,AL,C,MIN,MIN,Minnesota Twins,1,162,96,66,801,683,N,N
2006,AL,E,NYA,NYY,New York Yankees,1,162,97,65,930,767,N,N
2006,NL,E,NYN,NYM,New York Mets,1,162,97,65,834,731,N,N
2006,AL,W,OAK,OAK,Oakland Athletics,1,162,93,69,771,727,N,N
2006,NL,E,PHI,PHI,Philadelphia Phillies,2,162,85,77,865,812,N,N
2006,NL,C,PIT,PIT,Pittsburgh Pirates,5,162,67,95,691,797,N,N
2006,NL,W,SDN,SDP,San Diego Padres,1,162,88,74,731,679,N,N
2006,AL,W,SEA,SEA,Seattle Mariners,4,162,78,84,756,792,N,N
2006,NL,W,SFN,SFG,San Francisco Giants,3,161,76,85,746,790,N,N
2006,NL,C,SLN,STL,St. Louis Cardinals,1,161,83,78,781,762,Y,Y
2006,AL,E,TBA,TBD,Tampa Bay Devil Rays,5,162,61,101,689,856,N,N
2006,AL,W,TEX,TEX,Texas Rangers,3,162,80,82,835,784,N,N
2006,AL,E,TOR,TOR,Toronto Blue Jays,2,162,87,75,809,754,N,N
2006,NL,E,WAS,WSN,Washington Nationals,5,162,71,91,746,872,N,N
2007,NL,W,ARI,ARI,Arizona Diamondbacks,1,162,90,72,712,732,N,N
2007,NL,E,ATL,ATL,Atlanta Braves,3,162,84,78,810,733,N,N
2007,AL,E,BAL,BAL,Baltimore Orioles,4,162,69,93,756,868,N,N
2007,AL,E,BOS,BOS,Boston Red Sox,1,162,96,66,867,657,Y,Y
2007,AL,C,CHA,CHW,Chicago White Sox,4,162,72,90,693,839,N,N
2007,NL,C,CHN,CHC,Chicago Cubs,1,162,85,77,752,690,N,N
2007,NL,C,CIN,CIN,Cincinnati Reds,5,162,72,90,783,853,N,N
2007,AL,C,CLE,CLE,Cleveland Indians,1,162,96,66,811,704,N,N
2007,NL,W,COL,COL,Colorado Rockies,2,163,90,73,860,758,N,Y
2007,AL,C,DET,DET,Detroit Tigers,2,162,88,74,887,797,N,N
2007,NL,E,FLO,FLA,Florida Marlins,5,162,71,91,790,891,N,N
2007,NL,C,HOU,HOU,Houston Astros,4,162,73,89,723,813,N,N
2007,AL,C,KCA,KCR,Kansas City Royals,5,162,69,93,706,778,N,N
2007,AL,W,LAA,ANA,Los Angeles Angels of Anaheim,1,162,94,68,822,731,N,N
2007,NL,W,LAN,LAD,Los Angeles Dodgers,4,162,82,80,735,727,N,N
2007,NL,C,MIL,MIL,Milwaukee Brewers,2,162,83,79,801,776,N,N
2007,AL,C,MIN,MIN,Minnesota Twins,3,162,79,83,718,725,N,N
2007,AL,E,NYA,NYY,New York Yankees,2,162,94,68,968,777,N,N
2007,NL,E,NYN,NYM,New York Mets,2,162,88,74,804,750,N,N
2007,AL,W,OAK,OAK,Oakland Athletics,3,162,76,86,741,758,N,N
2007,NL,E,PHI,PHI,Philadelphia Phillies,1,162,89,73,892,821,N,N
2007,NL,C,PIT,PIT,Pittsburgh Pirates,6,162,68,94,724,846,N,N
2007,NL,W,SDN,SDP,San Diego Padres,3,163,89,74,741,666,N,N
2007,AL,W,SEA,SEA,Seattle Mariners,2,162,88,74,794,813,N,N
2007,NL,W,SFN,SFG,San Francisco Giants,5,162,71,91,683,720,N,N
2007,NL,C,SLN,STL,St. Louis Cardinals,3,162,78,84,725,829,N,N
2007,AL,E,TBA,TBD,Tampa Bay Devil Rays,5,162,66,96,782,944,N,N
2007,AL,W,TEX,TEX,Texas Rangers,4,162,75,87,816,844,N,N
2007,AL,E,TOR,TOR,Toronto Blue Jays,3,162,83,79,753,699,N,N
2007,NL,E,WAS,WSN,Washington Nationals,4,162,73,89,673,783,N,N
2008,NL,W,ARI,ARI,Arizona Diamondbacks,2,162,82,80,720,706,N,N
2008,NL,E,ATL,ATL,Atlanta Braves,4,162,72,90,753,778,N,N
2008,AL,E,BAL,BAL,Baltimore Orioles,5,161,68,93,782,869,N,N
2008,AL,E,BOS,BOS,Boston Red Sox,2,162,95,67,845,694,N,N
2008,AL,C,CHA,CHW,Chicago White Sox,1,163,89,74,811,729,N,N
2008,NL,C,CHN,CHC,Chicago Cubs,1,161,97,64,855,671,N,N
2008,NL,C,CIN,CIN,Cincinnati Reds,5,162,74,88,704,800,N,N
2008,AL,C,CLE,CLE,Cleveland Indians,3,162,81,81,805,761,N,N
2008,NL,W,COL,COL,Colorado Rockies,3,162,74,88,747,822,N,N
2008,AL,C,DET,DET,Detroit Tigers,5,162,74,88,821,857,N,N
2008,NL,E,FLO,FLA,Florida Marlins,3,161,84,77,770,767,N,N
2008,NL,C,HOU,HOU,Houston Astros,3,161,86,75,712,743,N,N
2008,AL,C,KCA,KCR,Kansas City Royals,4,162,75,87,691,781,N,N
2008,AL,W,LAA,ANA,Los Angeles Angels of Anaheim,1,162,100,62,765,697,N,N
2008,NL,W,LAN,LAD,Los Angeles Dodgers,1,162,84,78,700,648,N,N
2008,NL,C,MIL,MIL,Milwaukee Brewers,2,162,90,72,750,689,N,N
2008,AL,C,MIN,MIN,Minnesota Twins,2,163,88,75,829,745,N,N
2008,AL,E,NYA,NYY,New York Yankees,3,162,89,73,789,727,N,N
2008,NL,E,NYN,NYM,New York Mets,2,162,89,73,799,715,N,N
2008,AL,W,OAK,OAK,Oakland Athletics,3,161,75,86,646,690,N,N
2008,NL,E,PHI,PHI,Philadelphia Phillies,1,162,92,70,799,680,Y,Y
2008,NL,C,PIT,PIT,Pittsburgh Pirates,6,162,67,95,735,884,N,N
2008,NL,W,SDN,SDP,San Diego Padres,5,162,63,99,637,764,N,N
2008,AL,W,SEA,SEA,Seattle Mariners,4,162,61,101,671,811,N,N
2008,NL,W,SFN,SFG,San Francisco Giants,4,162,72,90,640,759,N,N
2008,NL,C,SLN,STL,St. Louis Cardinals,4,162,86,76,779,725,N,N
2008,AL,E,TBA,TBD,Tampa Bay Rays,1,162,97,65,774,671,N,Y
2008,AL,W,TEX,TEX,Texas Rangers,2,162,79,83,901,967,N,N
2008,AL,E,TOR,TOR,Toronto Blue Jays,4,162,86,76,714,610,N,N
2008,NL,E,WAS,WSN,Washington Nationals,5,161,59,102,641,825,N,N
2009,NL,W,ARI,ARI,Arizona Diamondbacks,5,162,70,92,720,782,N,N
2009,NL,E,ATL,ATL,Atlanta Braves,3,162,86,76,735,641,N,N
2009,AL,E,BAL,BAL,Baltimore Orioles,5,162,64,98,741,876,N,N
2009,AL,E,BOS,BOS,Boston Red Sox,2,162,95,67,872,736,N,N
2009,AL,C,CHA,CHW,Chicago White Sox,3,162,79,83,724,732,N,N
2009,NL,C,CHN,CHC,Chicago Cubs,2,161,83,78,707,672,N,N
2009,NL,C,CIN,CIN,Cincinnati Reds,4,162,78,84,673,723,N,N
2009,AL,C,CLE,CLE,Cleveland Indians,4,162,65,97,773,865,N,N
2009,NL,W,COL,COL,Colorado Rockies,2,162,92,70,804,715,N,N
2009,AL,C,DET,DET,Detroit Tigers,2,163,86,77,743,745,N,N
2009,NL,E,FLO,FLA,Florida Marlins,2,162,87,75,772,766,N,N
2009,NL,C,HOU,HOU,Houston Astros,5,162,74,88,643,770,N,N
2009,AL,C,KCA,KCR,Kansas City Royals,4,162,65,97,686,842,N,N
2009,AL,W,LAA,ANA,Los Angeles Angels of Anaheim,1,162,97,65,883,761,N,N
2009,NL,W,LAN,LAD,Los Angeles Dodgers,1,162,95,67,780,611,N,N
2009,NL,C,MIL,MIL,Milwaukee Brewers,3,162,80,82,785,818,N,N
2009,AL,C,MIN,MIN,Minnesota Twins,1,163,87,76,817,765,N,N
2009,AL,E,NYA,NYY,New York Yankees,1,162,103,59,915,753,Y,Y
2009,NL,E,NYN,NYM,New York Mets,4,162,70,92,671,757,N,N
2009,AL,W,OAK,OAK,Oakland Athletics,4,162,75,87,759,761,N,N
2009,NL,E,PHI,PHI,Philadelphia Phillies,1,162,93,69,820,709,N,Y
2009,NL,C,PIT,PIT,Pittsburgh Pirates,6,161,62,99,636,768,N,N
2009,NL,W,SDN,SDP,San Diego Padres,4,162,75,87,638,769,N,N
2009,AL,W,SEA,SEA,Seattle Mariners,3,162,85,77,640,692,N,N
2009,NL,W,SFN,SFG,San Francisco Giants,3,162,88,74,657,611,N,N
2009,NL,C,SLN,STL,St. Louis Cardinals,1,162,91,71,730,640,N,N
2009,AL,E,TBA,TBD,Tampa Bay Rays,3,162,84,78,803,754,N,N
2009,AL,W,TEX,TEX,Texas Rangers,2,162,87,75,784,740,N,N
2009,AL,E,TOR,TOR,Toronto Blue Jays,4,162,75,87,798,771,N,N
2009,NL,E,WAS,WSN,Washington Nationals,5,162,59,103,710,874,N,N
2010,NL,W,ARI,ARI,Arizona Diamondbacks,5,162,65,97,713,836,N,N
2010,NL,E,ATL,ATL,Atlanta Braves,2,162,91,71,738,629,N,N
2010,AL,E,BAL,BAL,Baltimore Orioles,5,162,66,96,613,785,N,N
2010,AL,E,BOS,BOS,Boston Red Sox,3,162,89,73,818,744,N,N
2010,AL,C,CHA,CHW,Chicago White Sox,2,162,88,74,752,704,N,N
2010,NL,C,CHN,CHC,Chicago Cubs,5,162,75,87,685,767,N,N
2010,NL,C,CIN,CIN,Cincinnati Reds,1,162,91,71,790,685,N,N
2010,AL,C,CLE,CLE,Cleveland Indians,4,162,69,93,646,752,N,N
2010,NL,W,COL,COL,Colorado Rockies,3,162,83,79,770,717,N,N
2010,AL,C,DET,DET,Detroit Tigers,3,162,81,81,751,743,N,N
2010,NL,E,FLO,FLA,Florida Marlins,3,162,80,82,719,717,N,N
2010,NL,C,HOU,HOU,Houston Astros,4,162,76,86,611,729,N,N
2010,AL,C,KCA,KCR,Kansas City Royals,5,162,67,95,676,845,N,N
2010,AL,W,LAA,ANA,Los Angeles Angels of Anaheim,3,162,80,82,681,702,N,N
2010,NL,W,LAN,LAD,Los Angeles Dodgers,4,162,80,82,667,692,N,N
2010,NL,C,MIL,MIL,Milwaukee Brewers,3,162,77,85,750,804,N,N
2010,AL,C,MIN,MIN,Minnesota Twins,1,162,94,68,781,671,N,N
2010,AL,E,NYA,NYY,New York Yankees,2,162,95,67,859,693,N,N
2010,NL,E,NYN,NYM,New York Mets,4,162,79,83,656,652,N,N
2010,AL,W,OAK,OAK,Oakland Athletics,2,162,81,81,663,626,N,N
2010,NL,E,PHI,PHI,Philadelphia Phillies,1,162,97,65,772,640,N,N
2010,NL,C,PIT,PIT,Pittsburgh Pirates,6,162,57,105,587,866,N,N
2010,NL,W,SDN,SDP,San Diego Padres,2,162,90,72,665,581,N,N
2010,AL,W,SEA,SEA,Seattle Mariners,4,162,61,101,513,698,N,N
2010,NL,W,SFN,SFG,San Francisco Giants,1,162,92,70,697,583,Y,Y
2010,NL,C,SLN,STL,St. Louis Cardinals,2,162,86,76,736,641,N,N
2010,AL,E,TBA,TBD,Tampa Bay Rays,1,162,96,66,802,649,N,N
2010,AL,W,TEX,TEX,Texas Rangers,1,162,90,72,787,687,N,Y
2010,AL,E,TOR,TOR,Toronto Blue Jays,4,162,85,77,755,728,N,N
2010,NL,E,WAS,WSN,Washington Nationals,5,162,69,93,655,742,N,N
2011,NL,W,ARI,ARI,Arizona Diamondbacks,1,162,94,68,731,662,N,N
2011,NL,E,ATL,ATL,Atlanta Braves,2,162,89,73,641,605,N,N
2011,AL,E,BAL,BAL,Baltimore Orioles,5,162,69,93,708,860,N,N
2011,AL,E,BOS,BOS,Boston Red Sox,3,162,90,72,875,737,N,N
2011,AL,C,CHA,CHW,Chicago White Sox,3,162,79,83,654,706,N,N
2011,NL,C,CHN,CHC,Chicago Cubs,5,162,71,91,654,756,N,N
2011,NL,C,CIN,CIN,Cincinnati Reds,3,162,79,83,735,720,N,N
2011,AL,C,CLE,CLE,Cleveland Indians,2,162,80,82,704,760,N,N
2011,NL,W,COL,COL,Colorado Rockies,4,162,73,89,735,774,N,N
2011,AL,C,DET,DET,Detroit Tigers,1,162,95,67,787,711,N,N
2011,NL,E,FLO,FLA,Florida Marlins,5,162,72,90,625,702,N,N
2011,NL,C,HOU,HOU,Houston Astros,6,162,56,106,615,796,N,N
2011,AL,C,KCA,KCR,Kansas City Royals,4,162,71,91,730,762,N,N
2011,AL,W,LAA,ANA,Los Angeles Angels of Anaheim,2,162,86,76,667,633,N,N
2011,NL,W,LAN,LAD,Los Angeles Dodgers,3,161,82,79,644,612,N,N
2011,NL,C,MIL,MIL,Milwaukee Brewers,1,162,96,66,721,638,N,N
2011,AL,C,MIN,MIN,Minnesota Twins,5,162,63,99,619,804,N,N
2011,AL,E,NYA,NYY,New York Yankees,1,162,97,65,867,657,N,N
2011,NL,E,NYN,NYM,New York Mets,4,162,77,85,718,742,N,N
2011,AL,W,OAK,OAK,Oakland Athletics,3,162,74,88,645,679,N,N
2011,NL,E,PHI,PHI,Philadelphia Phillies,1,162,102,60,713,529,N,N
2011,NL,C,PIT,PIT,Pittsburgh Pirates,4,162,72,90,610,712,N,N
2011,NL,W,SDN,SDP,San Diego Padres,5,162,71,91,593,611,N,N
2011,AL,W,SEA,SEA,Seattle Mariners,4,162,67,95,556,675,N,N
2011,NL,W,SFN,SFG,San Francisco Giants,2,162,86,76,570,578,N,N
2011,NL,C,SLN,STL,St. Louis Cardinals,2,162,90,72,762,692,Y,Y
2011,AL,E,TBA,TBD,Tampa Bay Rays,2,162,91,71,707,614,N,N
2011,AL,W,TEX,TEX,Texas Rangers,1,162,96,66,855,677,N,Y
2011,AL,E,TOR,TOR,Toronto Blue Jays,4,162,81,81,743,761,N,N
2011,NL,E,WAS,WSN,Washington Nationals,3,161,80,81,624,643,N,N
2012,NL,W,ARI,ARI,Arizona Diamondbacks,3,162,81,81,734,688,N,N
2012,NL,E,ATL,ATL,Atlanta Braves,2,162,94,68,700,600,N,N
2012,AL,E,BAL,BAL,Baltimore Orioles,2,162,93,69,712,705,N,N
2012,AL,E,BOS,BOS,Boston Red Sox,5,162,69,93,734,806,N,N
2012,AL,C,CHA,CHW,Chicago White Sox,2,162,85,77,748,676,N,N
2012,NL,C,CHN,CHC,Chicago Cubs,5,162,61,101,613,759,N,N
2012,NL,C,CIN,CIN,Cincinnati Reds,1,162,97,65,669,588,N,N
2012,AL,C,CLE,CLE,Cleveland Indians,4,162,68,94,667,845,N,N
2012,NL,W,COL,COL,Colorado Rockies,5,162,64,98,758,890,N,N
2012,AL,C,DET,DET,Detroit Tigers,1,162,88,74,726,670,N,Y
2012,NL,C,HOU,HOU,Houston Astros,6,162,55,107,583,794,N,N
2012,AL,C,KCA,KCR,Kansas City Royals,3,162,72,90,676,746,N,N
2012,AL,W,LAA,ANA,Los Angeles Angels of Anaheim,3,162,89,73,767,699,N,N
2012,NL,W,LAN,LAD,Los Angeles Dodgers,2,162,86,76,637,597,N,N
2012,NL,E,MIA,FLA,Miami Marlins,5,162,69,93,609,724,N,N
2012,NL,C,MIL,MIL,Milwaukee Brewers,3,162,83,79,776,733,N,N
2012,AL,C,MIN,MIN,Minnesota Twins,5,162,66,96,701,832,N,N
2012,AL,E,NYA,NYY,New York Yankees,1,162,95,67,804,668,N,N
2012,NL,E,NYN,NYM,New York Mets,4,162,74,88,650,709,N,N
2012,AL,W,OAK,OAK,Oakland Athletics,1,162,94,68,713,614,N,N
2012,NL,E,PHI,PHI,Philadelphia Phillies,3,162,81,81,684,680,N,N
2012,NL,C,PIT,PIT,Pittsburgh Pirates,4,162,79,83,651,674,N,N
2012,NL,W,SDN,SDP,San Diego Padres,4,162,76,86,651,710,N,N
2012,AL,W,SEA,SEA,Seattle Mariners,4,162,75,87,619,651,N,N
2012,NL,W,SFN,SFG,San Francisco Giants,1,162,94,68,718,649,Y,Y
2012,NL,C,SLN,STL,St. Louis Cardinals,2,162,88,74,765,648,N,N
2012,AL,E,TBA,TBD,Tampa Bay Rays,3,162,90,72,697,577,N,N
2012,AL,W,TEX,TEX,Texas Rangers,2,162,93,69,808,707,N,N
2012,AL,E,TOR,TOR,Toronto Blue Jays,4,162,73,89,716,784,N,N
2012,NL,E,WAS,WSN,Washington Nationals,1,162,98,64,731,594,N,N
2013,NL,W,ARI,ARI,Arizona Diamondbacks,2,162,81,81,685,695,N,N
2013,NL,E,ATL,ATL,Atlanta Braves,1,162,96,66,688,548,N,N
2013,AL,E,BAL,BAL,Baltimore Orioles,3,162,85,77,745,709,N,N
2013,AL,E,BOS,BOS,Boston Red Sox,1,162,97,65,853,656,Y,Y
2013,AL,C,CHA,CHW,Chicago White Sox,5,162,63,99,598,723,N,N
2013,NL,C,CHN,CHC,Chicago Cubs,5,162,66,96,602,689,N,N
2013,NL,C,CIN,CIN,Cincinnati Reds,3,162,90,72,698,589,N,N
2013,AL,C,CLE,CLE,Cleveland Indians,2,162,92,70,745,662,N,N
2013,NL,W,COL,COL,Colorado Rockies,5,162,74,88,706,760,N,N
2013,AL,C,DET,DET,Detroit Tigers,1,162,93,69,796,624,N,N
2013,AL,W,HOU,HOU,Houston Astros,5,162,51,111,610,848,N,N
2013,AL,C,KCA,KCR,Kansas City Royals,3,162,86,76,648,601,N,N
2013,AL,W,LAA,ANA,Los Angeles Angels of Anaheim,3,162,78,84,733,737,N,N
2013,NL,W,LAN,LAD,Los Angeles Dodgers,1,162,92,70,649,582,N,N
2013,NL,E,MIA,FLA,Miami Marlins,5,162,62,100,513,646,N,N
2013,NL,C,MIL,MIL,Milwaukee Brewers,4,162,74,88,640,687,N,N
2013,AL,C,MIN,MIN,Minnesota Twins,4,162,66,96,614,788,N,N
2013,AL,E,NYA,NYY,New York Yankees,4,162,85,77,650,671,N,N
2013,NL,E,NYN,NYM,New York Mets,4,162,74,88,619,684,N,N
2013,AL,W,OAK,OAK,Oakland Athletics,1,162,96,66,767,625,N,N
2013,NL,E,PHI,PHI,Philadelphia Phillies,4,162,73,89,610,749,N,N
2013,NL,C,PIT,PIT,Pittsburgh Pirates,2,162,94,68,634,577,N,N
2013,NL,W,SDN,SDP,San Diego Padres,3,162,76,86,618,700,N,N
2013,AL,W,SEA,SEA,Seattle Mariners,4,162,71,91,624,754,N,N
2013,NL,W,SFN,SFG,San Francisco Giants,4,162,76,86,629,691,N,N
2013,NL,C,SLN,STL,St. Louis Cardinals,1,162,97,65,783,596,N,Y
2013,AL,E,TBA,TBD,Tampa Bay Rays,2,163,92,71,700,646,N,N
2013,AL,W,TEX,TEX,Texas Rangers,2,163,91,72,730,636,N,N
2013,AL,E,TOR,TOR,Toronto Blue Jays,5,162,74,88,712,756,N,N
2013,NL,E,WAS,WSN,Washington Nationals,2,162,86,76,656,626,N,N
2014,NL,W,ARI,ARI,Arizona Diamondbacks,5,162,64,98,615,742,N,N
2014,NL,E,ATL,ATL,Atlanta Braves,2,162,79,83,573,597,N,N
2014,AL,E,BAL,BAL,Baltimore Orioles,1,162,96,66,705,593,N,N
2014,AL,E,BOS,BOS,Boston Red Sox,5,162,71,91,634,715,N,N
2014,AL,C,CHA,CHW,Chicago White Sox,4,162,73,89,660,758,N,N
2014,NL,C,CHN,CHC,Chicago Cubs,5,162,73,89,614,707,N,N
2014,NL,C,CIN,CIN,Cincinnati Reds,4,162,76,86,595,612,N,N
2014,AL,C,CLE,CLE,Cleveland Indians,3,162,85,77,669,653,N,N
2014,NL,W,COL,COL,Colorado Rockies,4,162,66,96,755,818,N,N
2014,AL,C,DET,DET,Detroit Tigers,1,162,90,72,757,705,N,N
2014,AL,W,HOU,HOU,Houston Astros,4,162,70,92,629,723,N,N
2014,AL,C,KCA,KCR,Kansas City Royals,2,162,89,73,651,624,N,Y
2014,AL,W,LAA,ANA,Los Angeles Angels of Anaheim,1,162,98,64,773,630,N,N
2014,NL,W,LAN,LAD,Los Angeles Dodgers,1,162,94,68,718,617,N,N
2014,NL,E,MIA,FLA,Miami Marlins,4,162,77,85,645,674,N,N
2014,NL,C,MIL,MIL,Milwaukee Brewers,3,162,82,80,650,657,N,N
2014,AL,C,MIN,MIN,Minnesota Twins,5,162,70,92,715,777,N,N
2014,AL,E,NYA,NYY,New York Yankees,2,162,84,78,633,664,N,N
2014,NL,E,NYN,NYM,New York Mets,3,162,79,83,629,618,N,N
2014,AL,W,OAK,OAK,Oakland Athletics,2,162,88,74,729,572,N,N
2014,NL,E,PHI,PHI,Philadelphia Phillies,5,162,73,89,619,687,N,N
2014,NL,C,PIT,PIT,Pittsburgh Pirates,2,162,88,74,682,631,N,N
2014,NL,W,SDN,SDP,San Diego Padres,3,162,77,85,535,577,N,N
2014,AL,W,SEA,SEA,Seattle Mariners,3,162,87,75,634,554,N,N
2014,NL,W,SFN,SFG,San Francisco Giants,2,162,88,74,665,614,Y,Y
2014,NL,C,SLN,STL,St. Louis Cardinals,1,162,90,72,619,603,N,N
2014,AL,E,TBA,TBD,Tampa Bay Rays,4,162,77,85,612,625,N,N
2014,AL,W,TEX,TEX,Texas Rangers,5,162,67,95,637,773,N,N
2014,AL,E,TOR,TOR,Toronto Blue Jays,3,162,83,79,723,686,N,N
2014,NL,E,WAS,WSN,Washington Nationals,1,162,96,66,686,555,N,N
2015,NL,W,ARI,ARI,Arizona Diamondbacks,3,162,79,83,720,713,N,N
2015,NL,E,ATL,ATL,Atlanta Braves,4,162,67,95,573,760,N,N
2015,AL,E,BAL,BAL,Baltimore Orioles,3,162,81,81,713,693,N,N
2015,AL,E,BOS,BOS,Boston Red Sox,5,162,78,84,748,753,N,N
2015,AL,C,CHA,CHW,Chicago White Sox,4,162,76,86,622,701,N,N
2015,NL,C,CHN,CHC,Chicago Cubs,3,162,97,65,689,608,N,N
2015,NL,C,CIN,CIN,Cincinnati Reds,5,162,64,98,640,754,N,N
2015,AL,C,CLE,CLE,Cleveland Indians,3,161,81,80,669,640,N,N
2015,NL,W,COL,COL,Colorado Rockies,5,162,68,94,737,844,N,N
2015,AL,C,DET,DET,Detroit Tigers,5,161,74,87,689,803,N,N
2015,AL,W,HOU,HOU,Houston Astros,2,162,86,76,729,618,N,N
2015,AL,C,KCA,KCR,Kansas City Royals,1,162,95,67,724,641,Y,Y
2015,AL,W,LAA,ANA,Los Angeles Angels of Anaheim,3,162,85,77,661,675,N,N
2015,NL,W,LAN,LAD,Los Angeles Dodgers,1,162,92,70,667,595,N,N
2015,NL,E,MIA,FLA,Miami Marlins,3,162,71,91,613,678,N,N
2015,NL,C,MIL,MIL,Milwaukee Brewers,4,162,68,94,655,737,N,N
2015,AL,C,MIN,MIN,Minnesota Twins,2,162,83,79,696,700,N,N
2015,AL,E,NYA,NYY,New York Yankees,2,162,87,75,764,698,N,N
2015,NL,E,NYN,NYM,New York Mets,1,162,90,72,683,613,N,Y
2015,AL,W,OAK,OAK,Oakland Athletics,5,162,68,94,694,729,N,N
2015,NL,E,PHI,PHI,Philadelphia Phillies,5,162,63,99,626,809,N,N
2015,NL,C,PIT,PIT,Pittsburgh Pirates,2,162,98,64,697,596,N,N
2015,NL,W,SDN,SDP,San Diego Padres,4,162,74,88,650,731,N,N
2015,AL,W,SEA,SEA,Seattle Mariners,4,162,76,86,656,726,N,N
2015,NL,W,SFN,SFG,San Francisco Giants,2,162,84,78,696,627,N,N
2015,NL,C,SLN,STL,St. Louis Cardinals,1,162,100,62,647,525,N,N
2015,AL,E,TBA,TBD,Tampa Bay Rays,4,162,80,82,644,642,N,N
2015,AL,W,TEX,TEX,Texas Rangers,1,162,88,74,751,733,N,N
2015,AL,E,TOR,TOR,Toronto Blue Jays,1,162,93,69,891,670,N,N
2015,NL,E,WAS,WSN,Washington Nationals,2,162,83,79,703,635,N,N
2016,NL,W,ARI,ARI,Arizona Diamondbacks,4,162,69,93,752,890,N,N
2016,NL,E,ATL,ATL,Atlanta Braves,5,161,68,93,649,779,N,N
2016,AL,E,BAL,BAL,Baltimore Orioles,2,162,89,73,744,715,N,N
2016,AL,E,BOS,BOS,Boston Red Sox,1,162,93,69,878,694,N,N
2016,AL,C,CHA,CHW,Chicago White Sox,4,162,78,84,686,715,N,N
2016,NL,C,CHN,CHC,Chicago Cubs,1,162,103,58,808,556,Y,Y
2016,NL,C,CIN,CIN,Cincinnati Reds,5,162,68,94,716,854,N,N
2016,AL,C,CLE,CLE,Cleveland Indians,1,161,94,67,777,676,N,Y
2016,NL,W,COL,COL,Colorado Rockies,3,162,75,87,845,860,N,N
2016,AL,C,DET,DET,Detroit Tigers,2,161,86,75,750,721,N,N
2016,AL,W,HOU,HOU,Houston Astros,3,162,84,78,724,701,N,N
2016,AL,C,KCA,KCR,Kansas City Royals,3,162,81,81,675,712,N,N
2016,AL,W,LAA,ANA,Los Angeles Angels of Anaheim,4,162,74,88,717,727,N,N
2016,NL,W,LAN,LAD,Los Angeles Dodgers,1,162,91,71,725,638,N,N
2016,NL,E,MIA,FLA,Miami Marlins,3,161,79,82,655,682,N,N
2016,NL,C,MIL,MIL,Milwaukee Brewers,4,162,73,89,671,733,N,N
2016,AL,C,MIN,MIN,Minnesota Twins,5,162,59,103,722,889,N,N
2016,AL,E,NYA,NYY,New York Yankees,4,162,84,78,680,702,N,N
2016,NL,E,NYN,NYM,New York Mets,2,162,87,75,671,617,N,N
2016,AL,W,OAK,OAK,Oakland Athletics,5,162,69,93,653,761,N,N
2016,NL,E,PHI,PHI,Philadelphia Phillies,4,162,71,91,610,796,N,N
2016,NL,C,PIT,PIT,Pittsburgh Pirates,3,162,78,83,729,758,N,N
2016,NL,W,SDN,SDP,San Diego Padres,5,162,68,94,686,770,N,N
2016,AL,W,SEA,SEA,Seattle Mariners,2,162,86,76,768,707,N,N
2016,NL,W,SFN,SFG,San Francisco Giants,2,162,87,75,715,631,N,N
2016,NL,C,SLN,STL,St. Louis Cardinals,2,162,86,76,779,712,N,N
2016,AL,E,TBA,TBD,Tampa Bay Rays,5,162,68,94,672,713,N,N
2016,AL,W,TEX,TEX,Texas Rangers,1,162,95,67,765,757,N,N
2016,AL,E,TOR,TOR,Toronto Blue Jays,2,162,89,73,759,666,N,N
2016,NL,E,WAS,WSN,Washington Nationals,1,162,95,67,763,612,N,N
2017,NL,W,ARI,ARI,Arizona Diamondbacks,2,162,93,69,812,659,N,N
2017,NL,E,ATL,ATL,Atlanta Braves,3,162,72,90,732,821,N,N
2017,AL,E,BAL,BAL,Baltimore Orioles,5,162,75,87,743,841,N,N
2017,AL,E,BOS,BOS,Boston Red Sox,1,162,93,69,785,668,N,N
2017,AL,C,CHA,CHW,Chicago White Sox,4,162,67,95,706,820,N,N
2017,NL,C,CHN,CHC,Chicago Cubs,1,162,92,70,822,695,N,N
2017,NL,C,CIN,CIN,Cincinnati Reds,5,162,68,94,753,869,N,N
2017,AL,C,CLE,CLE,Cleveland Indians,1,162,102,60,818,564,N,N
2017,NL,W,COL,COL,Colorado Rockies,3,162,87,75,824,757,N,N
2017,AL,C,DET,DET,Detroit Tigers,5,162,64,98,735,894,N,N
2017,AL,W,HOU,HOU,Houston Astros,1,162,101,61,896,700,Y,Y
2017,AL,C,KCA,KCR,Kansas City Royals,3,162,80,82,702,791,N,N
2017,AL,W,LAA,ANA,Los Angeles Angels of Anaheim,2,162,80,82,710,709,N,N
2017,NL,W,LAN,LAD,Los Angeles Dodgers,1,162,104,58,770,580,N,Y
2017,NL,E,MIA,FLA,Miami Marlins,2,162,77,85,778,822,N,N
2017,NL,C,MIL,MIL,Milwaukee Brewers,2,162,86,76,732,697,N,N
2017,AL,C,MIN,MIN,Minnesota Twins,2,162,85,77,815,788,N,N
2017,AL,E,NYA,NYY,New York Yankees,2,162,91,71,858,660,N,N
2017,NL,E,NYN,NYM,New York Mets,4,162,70,92,735,863,N,N
2017,AL,W,OAK,OAK,Oakland Athletics,5,162,75,87,739,826,N,N
2017,NL,E,PHI,PHI,Philadelphia Phillies,5,162,66,96,690,782,N,N
2017,NL,C,PIT,PIT,Pittsburgh Pirates,4,162,75,87,668,731,N,N
2017,NL,W,SDN,SDP,San Diego Padres,4,162,71,91,604,816,N,N
2017,AL,W,SEA,SEA,Seattle Mariners,3,162,78,84,750,772,N,N
2017,NL,W,SFN,SFG,San Francisco Giants,5,162,64,98,639,776,N,N
2017,NL,C,SLN,STL,St. Louis Cardinals,3,162,83,79,761,705,N,N
2017,AL,E,TBA,TBD,Tampa Bay Rays,3,162,80,82,694,704,N,N
2017,AL,W,TEX,TEX,Texas Rangers,4,162,78,84,799,816,N,N
2017,AL,E,TOR,TOR,Toronto Blue Jays,4,162,76,86,693,784,N,N
2017,NL,E,WAS,WSN,Washington Nationals,1,162,97,65,819,672,N,N
2018,NL,W,ARI,ARI,Arizona Diamondbacks,3,162,82,80,693,644,N,N
2018,NL,E,ATL,ATL,Atlanta Braves,1,162,90,72,759,657,N,N
2018,AL,E,BAL,BAL,Baltimore Orioles,5,162,47,115,622,892,N,N
2018,AL,E,BOS,BOS,Boston Red Sox,1,162,108,54,876,647,Y,Y
2018,AL,C,CHA,CHW,Chicago White Sox,4,162,62,100,656,848,N,N
2018,NL,C,CHN,CHC,Chicago Cubs,2,163,95,68,761,645,N,N
2018,NL,C,CIN,CIN,Cincinnati Reds,5,162,67,95,696,819,N,N
2018,AL,C,CLE,CLE,Cleveland Indians,1,162,91,71,818,648,N,N
2018,NL,W,COL,COL,Colorado Rockies,2,163,91,72,780,745,N,N
2018,AL,C,DET,DET,Detroit Tigers,3,162,64,98,630,796,N,N
2018,AL,W,HOU,HOU,Houston Astros,1,162,103,59,797,534,N,N
2018,AL,C,KCA,KCR,Kansas City Royals,5,162,58,104,638,833,N,N
2018,AL,W,LAA,ANA,Los Angeles Angels of Anaheim,4,162,80,82,721,722,N,N
2018,NL,W,LAN,LAD,Los Angeles Dodgers,1,163,92,71,804,610,N,Y
2018,NL,E,MIA,FLA,Miami Marlins,5,161,63,98,589,809,N,N
2018,NL,C,MIL,MIL,Milwaukee Brewers,1,163,96,67,754,659,N,N
2018,AL,C,MIN,MIN,Minnesota Twins,2,162,78,84,738,775,N,N
2018,AL,E,NYA,NYY,New York Yankees,2,162,100,62,851,669,N,N
2018,NL,E,NYN,NYM,New York Mets,4,162,77,85,676,707,N,N
2018,AL,W,OAK,OAK,Oakland Athletics,2,162,97,65,813,674,N,N
2018,NL,E,PHI,PHI,Philadelphia Phillies,3,162,80,82,677,728,N,N
2018,NL,C,PIT,PIT,Pittsburgh Pirates,4,161,82,79,692,693,N,N
2018,NL,W,SDN,SDP,San Diego Padres,5,162,66,96,617,767,N,N
2018,AL,W,SEA,SEA,Seattle Mariners,3,162,89,73,677,711,N,N
2018,NL,W,SFN,SFG,San Francisco Giants,4,162,73,89,603,699,N,N
2018,NL,C,SLN,STL,St. Louis Cardinals,3,162,88,74,759,691,N,N
2018,AL,E,TBA,TBD,Tampa Bay Rays,3,162,90,72,716,646,N,N
2018,AL,W,TEX,TEX,Texas Rangers,5,162,67,95,737,848,N,N
2018,AL,E,TOR,TOR,Toronto Blue Jays,4,162,73,89,709,832,N,N
2018,NL,E,WAS,WSN,Washington Nationals,2,162,82,80,771,682,N,N
2019,NL,W,ARI,ARI,Arizona Diamondbacks,2,162,85,77,813,743,N,N
2019,NL,E,ATL,ATL,Atlanta Braves,1,162,97,65,855,743,N,N
2019,AL,E,BAL,BAL,Baltimore Orioles,5,162,54,108,729,981,N,N
2019,AL,E,BOS,BOS,Boston Red Sox,3,162,84,78,901,828,N,N
2019,AL,C,CHA,CHW,Chicago White Sox,3,161,72,89,708,832,N,N
2019,NL,C,CHN,CHC,Chicago Cubs,3,162,84,78,814,717,N,N
2019,NL,C,CIN,CIN,Cincinnati Reds,4,162,75,87,701,711,N,N
2019,AL,C,CLE,CLE,Cleveland Indians,2,162,93,69,769,657,N,N
2019,NL,W,COL,COL,Colorado Rockies,4,162,71,91,835,958,N,N
2019,AL,C,DET,DET,Detroit Tigers,5,161,47,114,582,915,N,N
2019,AL,W,HOU,HOU,Houston Astros,1,162,107,55,920,640,N,Y
2019,AL,C,KCA,KCR,Kansas City Royals,4,162,59,103,691,869,N,N
2019,AL,W,LAA,ANA,Los Angeles Angels of Anaheim,4,162,72,90,769,868,N,N
2019,NL,W,LAN,LAD,Los Angeles Dodgers,1,162,106,56,886,613,N,N
2019,NL,E,MIA,FLA,Miami Marlins,5,162,57,105,615,808,N,N
2019,NL,C,MIL,MIL,Milwaukee Brewers,2,162,89,73,769,766,N,N
2019,AL,C,MIN,MIN,Minnesota Twins,1,162,101,61,939,754,N,N
2019,AL,E,NYA,NYY,New York Yankees,1,162,103,59,943,739,N,N
2019,NL,E,NYN,NYM,New York Mets,3,162,86,76,791,737,N,N
2019,AL,W,OAK,OAK,Oakland Athletics,2,162,97,65,845,680,N,N
2019,NL,E,PHI,PHI,Philadelphia Phillies,4,162,81,81,774,794,N,N
2019,NL,C,PIT,PIT,Pittsburgh Pirates,5,162,69,93,758,911,N,N
2019,NL,W,SDN,SDP,San Diego Padres,5,162,70,92,682,789,N,N
2019,AL,W,SEA,SEA,Seattle Mariners,5,162,68,94,758,893,N,N
2019,NL,W,SFN,SFG,San Francisco Giants,3,162,77,85,678,773,N,N
2019,NL,C,SLN,STL,St. Louis Cardinals,1,162,91,71,764,662,N,N
2019,AL,E,TBA,TBD,Tampa Bay Rays,2,162,96,66,769,656,N,N
2019,AL,W,TEX,TEX,Texas Rangers,3,162,78,84,810,878,N,N
2019,AL,E,TOR,TOR,Toronto Blue Jays,4,162,67,95,726,828,N,N
2019,NL,E,WAS,WSN,Washington Nationals,2,162,93,69,873,724,Y,Y
2020,NL,W,ARI,ARI,Arizona Diamondbacks,5,60,25,35,269,295,N,N
2020,NL,E,ATL,ATL,Atlanta Braves,1,60,35,25,348,288,N,N
2020,AL,E,BAL,BAL,Baltimore Orioles,4,60,25,35,274,294,N,N
2020,AL,E,BOS,BOS,Boston Red Sox,5,60,24,36,292,351,N,N
2020,AL,C,CHA,CHW,Chicago White Sox,2,60,35,25,306,246,N,N
2020,NL,C,CHN,CHC,Chicago Cubs,1,60,34,26,265,240,N,N
2020,NL,C,CIN,CIN,Cincinnati Reds,2,60,31,29,243,243,N,N
2020,AL,C,CLE,CLE,Cleveland Indians,2,60,35,25,248,209,N,N
2020,NL,W,COL,COL,Colorado Rockies,4,60,26,34,275,353,N,N
2020,AL,C,DET,DET,Detroit Tigers,5,58,23,35,249,318,N,N
2020,AL,W,HOU,HOU,Houston Astros,2,60,29,31,279,275,N,N
2020,AL,C,KCA,KCR,Kansas City Royals,4,60,26,34,248,272,N,N
2020,AL,W,LAA,ANA,Los Angeles Angels of Anaheim,4,60,26,34,294,321,N,N
2020,NL,W,LAN,LAD,Los Angeles Dodgers,1,60,43,17,349,213,Y,Y
2020,NL,E,MIA,FLA,Miami Marlins,2,60,31,29,263,304,N,N
2020,NL,C,MIL,MIL,Milwaukee Brewers,4,60,29,31,247,264,N,N
2020,AL,C,MIN,MIN,Minnesota Twins,1,60,36,24,269,215,N,N
2020,AL,E,NYA,NYY,New York Yankees,2,60,33,27,315,270,N,N
2020,NL,E,NYN,NYM,New York Mets,4,60,26,34,286,308,N,N
2020,AL,W,OAK,OAK,Oakland Athletics,1,60,36,24,274,232,N,N
2020,NL,E,PHI,PHI,Philadelphia Phillies,3,60,28,32,306,311,N,N
2020,NL,C,PIT,PIT,Pittsburgh Pirates,5,60,19,41,219,298,N,N
2020,NL,W,SDN,SDP,San Diego Padres,2,60,37,23,325,241,N,N
2020,AL,W,SEA,SEA,Seattle Mariners,3,60,27,33,254,303,N,N
2020,NL,W,SFN,SFG,San Francisco Giants,3,60,29,31,299,297,N,N
2020,NL,C,SLN,STL,St. Louis Cardinals,3,58,30,28,240,229,N,N
2020,AL,E,TBA,TBD,Tampa Bay Rays,1,60,40,20,289,229,N,Y
2020,AL,W,TEX,TEX,Texas Rangers,5,60,22,38,224,312,N,N
2020,AL,E,TOR,TOR,Toronto Blue Jays,3,60,32,28,302,312,N,N
2020,NL,E,WAS,WSN,Washington Nationals,4,60,26,34,293,301,N,N
2021,NL,W,ARI,ARI,Arizona Diamondbacks,5,162,52,110,679,893,N,N
2021,NL,E,ATL,ATL,Atlanta Braves,1,161,88,73,790,656,Y,Y
2021,AL,E,BAL,BAL,Baltimore Orioles,5,162,52,110,659,956,N,N
2021,AL,E,BOS,BOS,Boston Red Sox,2,162,92,70,829,749,N,N
2021,AL,C,CHA,CHW,Chicago White Sox,1,162,93,69,796,636,N,N
2021,NL,C,CHN,CHC,Chicago Cubs,4,162,71,91,705,839,N,N
2021,NL,C,CIN,CIN,Cincinnati Reds,3,162,83,79,786,760,N,N
2021,AL,C,CLE,CLE,Cleveland Indians,2,162,80,82,717,727,N,N
2021,NL,W,COL,COL,Colorado Rockies,4,161,74,87,739,796,N,N
2021,AL,C,DET,DET,Detroit Tigers,3,162,77,85,697,756,N,N
2021,AL,W,HOU,HOU,Houston Astros,1,162,95,67,863,658,N,Y
2021,AL,C,KCA,KCR,Kansas City Royals,4,162,74,88,686,788,N,N
2021,AL,W,LAA,ANA,Los Angeles Angels of Anaheim,4,162,77,85,723,804,N,N
2021,NL,W,LAN,LAD,Los Angeles Dodgers,2,162,106,56,830,561,N,N
2021,NL,E,MIA,FLA,Miami Marlins,4,162,67,95,623,701,N,N
2021,NL,C,MIL,MIL,Milwaukee Brewers,1,162,95,67,738,623,N,N
2021,AL,C,MIN,MIN,Minnesota Twins,5,162,73,89,729,834,N,N
2021,AL,E,NYA,NYY,New York Yankees,2,162,92,70,711,669,N,N
2021,NL,E,NYN,NYM,New York Mets,3,162,77,85,636,668,N,N
2021,AL,W,OAK,OAK,Oakland Athletics,3,162,86,76,743,687,N,N
2021,NL,E,PHI,PHI,Philadelphia Phillies,2,162,82,80,734,745,N,N
2021,NL,C,PIT,PIT,Pittsburgh Pirates,5,162,61,101,609,833,N,N
2021,NL,W,SDN,SDP,San Diego Padres,3,162,79,83,729,708,N,N
2021,AL,W,SEA,SEA,Seattle Mariners,2,162,90,72,697,748,N,N
2021,NL,W,SFN,SFG,San Francisco Giants,1,162,107,55,804,594,N,N
2021,NL,C,SLN,STL,St. Louis Cardinals,2,162,90,72,706,672,N,N
2021,AL,E,TBA,TBD,Tampa Bay Rays,1,162,100,62,857,651,N,N
2021,AL,W,TEX,TEX,Texas Rangers,5,162,60,102,625,815,N,N
2021,AL,E,TOR,TOR,Toronto Blue Jays,4,162,91,71,846,663,N,N
2021,NL,E,WAS,WSN,Washington Nationals,5,162,65,97,724,820,N,N
2022,NL,W,ARI,ARI,Arizona Diamondbacks,4,162,74,88,702,740,N,N
2022,NL,E,ATL,ATL,Atlanta Braves,1,162,101,61,789,609,N,N
2022,AL,E,BAL,BAL,Baltimore Orioles,4,162,83,79,674,688,N,N
2022,AL,E,BOS,BOS,Boston Red Sox,5,162,78,84,735,787,N,N
2022,AL,C,CHA,CHW,Chicago White Sox,2,162,81,81,686,717,N,N
2022,NL,C,CHN,CHC,Chicago Cubs,3,162,74,88,657,731,N,N
2022,NL,C,CIN,CIN,Cincinnati Reds,4,162,62,100,648,815,N,N
2022,AL,C,CLE,CLE,Cleveland Guardians,1,162,92,70,698,634,N,N
2022,NL,W,COL,COL,Colorado Rockies,5,162,68,94,698,873,N,N
2022,AL,C,DET,DET,Detroit Tigers,4,162,66,96,557,713,N,N
2022,AL,W,HOU,HOU,Houston Astros,1,162,106,56,737,518,Y,Y
2022,AL,C,KCA,KCR,Kansas City Royals,5,162,65,97,640,810,N,N
2022,AL,W,LAA,ANA,Los Angeles Angels of Anaheim,3,162,73,89,623,668,N,N
2022,NL,W,LAN,LAD,Los Angeles Dodgers,1,162,111,51,847,513,N,N
2022,NL,E,MIA,FLA,Miami Marlins,4,162,69,93,586,676,N,N
2022,NL,C,MIL,MIL,Milwaukee Brewers,2,162,86,76,725,688,N,N
2022,AL,C,MIN,MIN,Minnesota Twins,3,162,78,84,696,684,N,N
2022,AL,E,NYA,NYY,New York Yankees,1,162,99,63,807,567,N,N
2022,NL,E,NYN,NYM,New York Mets,2,162,101,61,772,606,N,N
2022,AL,W,OAK,OAK,Oakland Athletics,5,162,60,102,568,770,N,N
2022,NL,E,PHI,PHI,Philadelphia Phillies,3,162,87,75,747,685,N,Y
2022,NL,C,PIT,PIT,Pittsburgh Pirates,5,162,62,100,591,817,N,N
2022,NL,W,SDN,SDP,San Diego Padres,2,162,89,73,705,660,N,N
2022,AL,W,SEA,SEA,Seattle Mariners,2,162,90,72,690,623,N,N
2022,NL,W,SFN,SFG,San Francisco Giants,3,162,81,81,716,697,N,N
2022,NL,C,SLN,STL,St. Louis Cardinals,1,162,93,69,772,637,N,N
2022,AL,E,TBA,TBD,Tampa Bay Rays,1,162,86,76,666,614,N,N
2022,AL,W,TEX,TEX,Texas Rangers,4,162,68,94,707,743,N,N
2022,AL,E,TOR,TOR,Toronto Blue Jays,2,162,92,70,775,679,N,N
2022,NL,E,WAS,WSN,Washington Nationals,5,162,55,107,603,855,N,N
2023,NL,W,ARI,ARI,Arizona Diamondbacks,2,162,84,78,746,761,N,Y
2023,NL,E,ATL,ATL,Atlanta Braves,1,162,104,58,947,716,N,N
2023,AL,E,BAL,BAL,Baltimore Orioles,1,162,101,61,807,678,N,N
2023,AL,E,BOS,BOS,Boston Red Sox,5,162,78,84,772,776,N,N
2023,AL,C,CHA,CHW,Chicago White Sox,4,162,61,101,641,841,N,N
2023,NL,C,CHN,CHC,Chicago Cubs,2,162,83,79,819,723,N,N
2023,NL,C,CIN,CIN,Cincinnati Reds,3,162,82,80,783,821,N,N
2023,AL,C,CLE,CLE,Cleveland Guardians,3,162,76,86,662,697,N,N
2023,NL,W,COL,COL,Colorado Rockies,5,162,59,103,721,957,N,N
2023,AL,C,DET,DET,Detroit Tigers,2,162,78,84,661,740,N,N
2023,AL,W,HOU,HOU,Houston Astros,1,162,90,72,827,698,N,N
2023,AL,C,KCA,KCR,Kansas City Royals,5,162,56,106,676,859,N,N
2023,AL,W,LAA,ANA,Los Angeles Angels of Anaheim,4,162,73,89,739,829,N,N
2023,NL,W,LAN,LAD,Los Angeles Dodgers,1,162,100,62,906,699,N,N
2023,NL,E,MIA,FLA,Miami Marlins,3,162,84,78,666,723,N,N
2023,NL,C,MIL,MIL,Milwaukee Brewers,1,162,92,70,728,647,N,N
2023,AL,C,MIN,MIN,Minnesota Twins,1,162,87,75,778,659,N,N
2023,AL,E,NYA,NYY,New York Yankees,4,162,82,80,673,698,N,N
2023,NL,E,NYN,NYM,New York Mets,4,162,75,87,717,729,N,N
2023,AL,W,OAK,OAK,Oakland Athletics,5,162,50,112,585,924,N,N
2023,NL,E,PHI,PHI,Philadelphia Phillies,2,162,90,72,796,715,N,N
2023,NL,C,PIT,PIT,Pittsburgh Pirates,4,162,76,86,692,790,N,N
2023,NL,W,SDN,SDP,San Diego Padres,3,162,82,80,752,648,N,N
2023,AL,W,SEA,SEA,Seattle Mariners,3,162,88,74,758,659,N,N
2023,NL,W,SFN,SFG,San Francisco Giants,4,162,79,83,674,719,N,N
2023,NL,C,SLN,STL,St. Louis Cardinals,5,162,71,91,719,829,N,N
2023,AL,E,TBA,TBD,Tampa Bay Rays,2,162,99,63,860,665,N,N
2023,AL,W,TEX,TEX,Texas Rangers,2,162,90,72,881,716,Y,Y
2023,AL,E,TOR,TOR,Toronto Blue Jays,3,162,89,73,746,671,N,N
2023,NL,E,WAS,WSN,Washington Nationals,5,162,71,91,700,845,N,N
2024,NL,W,ARI,ARI,Arizona Diamondbacks,3,162,89,73,886,788,N,N
2024,NL,E,ATL,ATL,Atlanta Braves,2,162,89,73,704,607,N,N
2024,AL,E,BAL,BAL,Baltimore Orioles,2,162,91,71,786,699,N,N
2024,AL,E,BOS,BOS,Boston Red Sox,3,162,81,81,751,747,N,N
2024,AL,C,CHA,CHW,Chicago White Sox,5,162,41,121,507,813,N,N
2024,NL,C,CHN,CHC,Chicago Cubs,3,162,83,79,736,669,N,N
2024,NL,C,CIN,CIN,Cincinnati Reds,4,162,77,85,699,694,N,N
2024,AL,C,CLE,CLE,Cleveland Guardians,1,161,92,69,708,621,N,N
2024,NL,W,COL,COL,Colorado Rockies,5,162,61,101,682,929,N,N
2024,AL,C,DET,DET,Detroit Tigers,3,162,86,76,682,642,N,N
2024,AL,W,HOU,HOU,Houston Astros,1,161,88,73,740,649,N,N
2024,AL,C,KCA,KCR,Kansas City Royals,2,162,86,76,735,644,N,N
2024,AL,W,LAA,ANA,Los Angeles Angels of Anaheim,5,162,63,99,635,797,N,N
2024,NL,W,LAN,LAD,Los Angeles Dodgers,1,162,98,64,842,686,Y,Y
2024,NL,E,MIA,FLA,Miami Marlins,5,162,62,100,637,841,N,N
2024,NL,C,MIL,MIL,Milwaukee Brewers,1,162,93,69,777,641,N,N
2024,AL,C,MIN,MIN,Minnesota Twins,4,162,82,80,742,735,N,N
2024,AL,E,NYA,NYY,New York Yankees,1,162,94,68,815,668,N,Y
2024,NL,E,NYN,NYM,New York Mets,3,162,89,73,768,697,N,N
2024,AL,W,OAK,OAK,Oakland Athletics,4,162,69,93,643,764,N,N
2024,NL,E,PHI,PHI,Philadelphia Phillies,1,162,95,67,784,671,N,N
2024,NL,C,PIT,PIT,Pittsburgh Pirates,5,162,76,86,665,739,N,N
2024,NL,W,SDN,SDP,San Diego Padres,2,162,93,69,760,669,N,N
2024,AL,W,SEA,SEA,Seattle Mariners,2,162,85,77,676,607,N,N
2024,NL,W,SFN,SFG,San Francisco Giants,4,162,80,82,693,699,N,N
2024,NL,C,SLN,STL,St. Louis Cardinals,2,162,83,79,672,719,N,N
2024,AL,E,TBA,TBD,Tampa Bay Rays,4,162,80,82,604,663,N,N
2024,AL,W,TEX,TEX,Texas Rangers,3,162,78,84,683,738,N,N
2024,AL,E,TOR,TOR,Toronto Blue Jays,5,162,74,88,671,743,N,N
2024,NL,E,WAS,WSN,Washington Nationals,4,162,71,91,660,764,N,N
2025,NL,W,ARI,ARI,Arizona Diamondbacks,4,162,80,82,791,785,N,N
2025,AL,W,ATH,OAK,Athletics,4,162,76,86,733,817,N,N
2025,NL,E,ATL,ATL,Atlanta Braves,4,162,76,86,724,734,N,N
2025,AL,E,BAL,BAL,Baltimore Orioles,5,162,75,87,677,788,N,N
2025,AL,E,BOS,BOS,Boston Red Sox,3,162,89,73,786,676,N,N
2025,AL,C,CHA,CHW,Chicago White Sox,5,162,60,102,647,742,N,N
2025,NL,C,CHN,CHC,Chicago Cubs,2,162,92,70,793,649,N,N
2025,NL,C,CIN,CIN,Cincinnati Reds,3,162,83,79,716,681,N,N
2025,AL,C,CLE,CLE,Cleveland Guardians,1,162,88,74,643,649,N,N
2025,NL,W,COL,COL,Colorado Rockies,5,162,43,119,597,1021,N,N
2025,AL,C,DET,DET,Detroit Tigers,2,162,87,75,758,691,N,N
2025,AL,W,HOU,HOU,Houston Astros,2,162,87,75,686,665,N,N
2025,AL,C,KCA,KCR,Kansas City Royals,3,162,82,80,651,637,N,N
2025,AL,W,LAA,ANA,Los Angeles Angels of Anaheim,5,162,72,90,673,837,N,N
2025,NL,W,LAN,LAD,Los Angeles Dodgers,1,162,93,69,825,683,Y,Y
2025,NL,E,MIA,FLA,Miami Marlins,3,162,79,83,709,798,N,N
2025,NL,C,MIL,MIL,Milwaukee Brewers,1,162,97,65,806,634,N,N
2025,AL,C,MIN,MIN,Minnesota Twins,4,162,70,92,678,773,N,N
2025,AL,E,NYA,NYY,New York Yankees,2,162,94,68,849,685,N,N
2025,NL,E,NYN,NYM,New York Mets,2,162,83,79,766,715,N,N
2025,NL,E,PHI,PHI,Philadelphia Phillies,1,162,96,66,778,648,N,N
2025,NL,C,PIT,PIT,Pittsburgh Pirates,5,162,71,91,583,645,N,N
2025,NL,W,SDN,SDP,San Diego Padres,2,162,90,72,702,621,N,N
2025,AL,W,SEA,SEA,Seattle Mariners,1,162,90,72,766,694,N,N
2025,NL,W,SFN,SFG,San Francisco Giants,3,162,81,81,705,684,N,N
2025,NL,C,SLN,STL,St. Louis Cardinals,4,162,78,84,689,754,N,N
2025,AL,E,TBA,TBD,Tampa Bay Rays,4,162,77,85,714,683,N,N
2025,AL,W,TEX,TEX,Texas Rangers,3,162,81,81,684,605,N,N
2025,AL,E,TOR,TOR,Toronto Blue Jays,1,162,94,68,798,721,N,Y
2025,NL,E,WAS,WSN,Washington Nationals,5,162,66,96,687,899,N,N
